Domain;Vertical;AF_Lev_1;AF_Lev_2;Function_Name;Function_ID;Description;UID
Market & Sales Domain;Operations Readiness & Support;Sales and Sales Force Management;Sales Territory Management;Sales Territory Assignment;1282;"Sales Territory Assignment Function enables to assign the sales teams to sales territories.
Note: The sales territories assignment to sales teams are used for the lead / opportunity assignation and the sales forecasts.";2073
Market & Sales Domain;Strategy Management;Market Strategy Management;Market Sales and Channel Development;Points of Sales Management;386;"Points of Sales Management; The Points of Sales Management function manages points of sales data (points of sales organization, outdoor marketing campaigns, cash registers). The following functions are out of scope: stock management, replenishment management.";2075
Market & Sales Domain;Business Value Development;Advertising Management;Advertisement Management;Advertisement Monitoring;1318;Advertisement Monitoring function monitors ad performance, whether in real-time or post-facto.;2105
Market & Sales Domain;Business Value Development;Advertising Management;Advertisement Management;Advertisement Information Management;1319;Advertisement Information Management function collects, maintains, and provides information on advertisements, their placement, and their results.;2106
Market & Sales Domain;Business Value Development;Advertising Management;Advertisement Management;Advertisement Performance Analysis;1320;Advertisement Performance Analysis function supports reviewing ad monitoring information and performance metrics, measuring the ROI and effectiveness of ad placements and of the ads themselves, and where appropriate, recommending adjustments.;2107
Market & Sales Domain;Operations Readiness & Support;Sales Commissioning Management;Sales Account Management;Sales Account Assigning;390;Sales Account Assigning provides the necessary functionality to assign customers to a service providers sellers (either third party or internal). Ownership might further be differentiated based on various products with the same customer. Sales Account Assignment also maintains the sales hierarchy (different than HR reporting hierarchy) for sales compensation, sales forecasting, and sales results.;2111
Market & Sales Domain;Business Value Development;Marketing Campaign Development;Marketing Campaign Workflow Design;Campaign Workflow Approving;349;Campaign Workflow Approving provides a campaign execution workflow that ensure that approvals are in place as needed.;2567
Market & Sales Domain;Operations Readiness & Support;Marketing Campaign Management;Marketing Campaign Execution;Campaign to Customer Profile Alignment;350;Campaign to Customer Profile Alignment function ensures that customers are always treated according to their preferences, no matter which interaction point you use.;2570
Market & Sales Domain;Operations Readiness & Support;Marketing Campaign Management;Marketing Campaign Performance Tracking and Analysis;Campaign In Execution Updating;353;Campaign In Execution Updating provides a campaign update function, based on statistics gathered via Campaign Performance Tracking, adjustments can be made to the Campaign while still in execution.;2573
Market & Sales Domain;Strategy Management;Marketing Strategic Analysis;Market and Channel Analysis;Market and Channel Data Analysis;1091;"Market and Channel Data Analysis concerns analysis of the market and channel with a market and customer view and take into account both external and internal elements knowledge in order to provide the market potentials evaluation and anticipate the competition strategy (analysis of the market shares and competition and evolution assumptions).

External elements knowledge:

	on market, knowledge of the market shares by region with general trends, potentials in volume, in CA
	on customer and consumer, expectations and motivations, new modes of consumption, calculation of the customer average revenues according to the offer range and flow (acquisition, churn, migration).
	on distribution, general trends, new distribution channel
	on competition, anticipate the competition strategy (analysis of the market shares and competition and evolution assumptions, positioning, target, social network verbatim analysis),
	on environment: political, economical (cartography of the geo-merchandising zones), technological, ecological, legal


Internal elements knowledge:

	on Company Performances, turnover evolution, profitability, financial means
	on customer, enterprise image &amp; fame, qualification of the customers (loyalty, satisfaction, contact mode, frequency, income, purchasing power, equipment, verbatim on social networks), purchase behaviour
	market shares by region, penetration rates of the offers by region, number of eligible lines by region

It also take into account assessment of the Strategy performance results in order to improve the Market Strategy.

It includes geomarketing functions which start from the sociological assumption according to which the habitat choice is a consumption reasoned act, largely conditioned by financial and social constraints, leading to specific tendencies of consumption. The geomarketing detects the potential values of new life zones (Mass Market: life zones, Business Market: new attractive industrial / commercial areas).";2576
Market & Sales Domain;Business Value Development;Advertising Management;Advertisement Management;Advertisement Placement;1315;Advertisement Placement function supports negotiating ad space costs and contracts with media outlets, creating schedules for ad placements to optimize exposure and maximizing ad visibility to reach the desired audience.;2578
Market & Sales Domain;Fulfillment;Sales Management;Sales Lead Management;Funnel Assigning;375;Funnel Assigning provides the necessary functionality to assign sales personnel to leads within a given funnel/pipeline.;2579
Market & Sales Domain;Fulfillment;Sales Management;Opportunity Management;Sales Product Support;395;Sales Product Support function gives access to appropriate product information on the various products being sold by the service provider. This can include information such as product descriptions, configuration constraints, eligibility rules, and possibly pricing information.;2593
Market & Sales Domain;Fulfillment;Sales Management;Opportunity Management;Product Customization Offering Management;379;Product Customization Offering Management provides the necessary functionality to manage the customer personalized proposals, taking into account the customer location, needs, current products, as well as the service provider's products, sales emphasis and targets, etc.;2597
Market & Sales Domain;Fulfillment;Sales Management;Opportunity Management;Solution Design Creation;928;"Solution Design Creation function combine/configure the emerged solution based on the existing solution, planned changes and newly designed features (e.g. for site connectivity services).
 Selecting relevant Products and Services from Catalog - Browse and select entries from a catalog that might be relevant to the set of captured requirements into the design.";2600
Market & Sales Domain;Strategy Management;Market Strategy Management;Market and Channel Strategy Definition;Market Sales Segmentation Definition;1101;Market Sales Segmentation Definition Function identifies market segments, customer profiles and channels used across the enterprise.;2607
Market & Sales Domain;Assurance;Sales Performance Management;Market and Channel Performance Tracking;Market and Channel Measurement;1098;Market and Channel Measurement Function measures Market and Channel performances.;2610
Market & Sales Domain;Fulfillment;Sales Management;Opportunity Management;Automatic Solution Validation;930;Obtains configuration constraints from the catalog and validates the correctness of the design against them.;2614
Market & Sales Domain;Fulfillment;Sales Management;Opportunity Management;Solution Pricing;931;The Solution Pricing function is concerned with assuring that the designs are priced consistent with pricing used for billing. The common product catalog provides an initial price base for the components that are in the solution vs. the existing configuration at the customer location.;2615
Market & Sales Domain;Fulfillment;Sales Management;Opportunity Management;Calculation Rules Retrieval;932;"Calculation Rules Retrieval function gives support for tariffication rules including discounting rules.
It supports that discounting rules and guidelines are provided as to standard levels of discounts/promotions  that can be provided to the customer. Special discount arrangements can be obtained by following an escalation process. There is workflow functionality to help manage discount escalation.";2616
Market & Sales Domain;Fulfillment;Sales Management;Opportunity Management;Sales Job Quick Reference Guiding;393;Sales Job Quick Reference Guiding provides job aids functions to assist various sales related tasks while conforming to organizational standards of the passive type, such as in the case of a searchable price book.;3050
Market & Sales Domain;Fulfillment;Sales Management;Opportunity Management;Price Optimization;933;Price Optimization enables sales to effectively evaluate the customer, generate recommendations for price decreases and increases, and set negotiation guidelines based on our cost. This includes the application of non-standard pricing.;3250
Market & Sales Domain;Fulfillment;Sales Management;Opportunity Management;Sales Negotiation Support;934;"Sales Negotiation Support provides support for negotiating the sale by providing multiple quotations as needed, taking into account the customer data, customer qualification, and offers made. Functionality includes access to products, product pricing, scheduling of appointments if a dispatch is necessary, etc.
Sales Negotiation generates a Customer order request.

Customer order request generation - send solution design details to update proposal product order in Customer Order Management systems";3252
Market & Sales Domain;Fulfillment;Sales Management;Opportunity Management;Solution Requirements Capturing;935;Solution Requirements Capturing captures the overall solution requirements (e.g. target date, customer locations, multi-location/shared services). It also captures the particular requirements for each customer location as part of the desired solution.;3253
Market & Sales Domain;Fulfillment;Sales Management;Opportunity Management;Sales Quote Management;1063;Sales Quote Management creates and manages quotes, including internal approval.;3254
Market & Sales Domain;Fulfillment;Sales Management;Framework Agreement Management;Customer Framework Agreement Approval;1180;Customer Framework Agreement Approval Function manages all approval of Party Roles involved in the Framework Agreement (Customer Roles as well as CSP roles).;3404
Market & Sales Domain;Operations Readiness & Support;Sales and Sales Force Management;Sales Force Management;Sales Force Objectives follow-up;1278;"Sales Force Objectives follow-up Function enables the follow-up of  the direct (Customer Service Representatives - CSR - in call centers and shops) and indirect (dealers, resellers, outsourcers) sales force' sales trend and objectives achievement.
Sales force objectives consist in activities planning, number of customer visits as well as some indicators about their efficiency in achieving the goals of a marketing campaign.";3422
Market & Sales Domain;Strategy Management;Market Strategy Management;Marketing Campaign Plan Definition;Market Strategy Plan Design;1093;"Market Strategy Plan Design formalizes, in a Market Strategy Plan, the Market and Channel key stakes, strategic axes and multi years objectives for the company, as well as Market and Channel objectives, segmentation and targeting, positioning
It includes: 

	identification of market segment, customer profile and channels used across the enterprise
	identification of the purchase behaviors: 
	development of purchase behavior models that will be used for the marketing strategy development, in order to improve the distribution performance. These models will be used for the statistical tool implementation (customer profile type) and the creation of statistical data (dashboards).
	a broad Sales Strategy to support the market strategy with a Sales model management defining the various stages of the sales pipeline, which can be based on the SPANCO method (Suspect qualification, Prospect qualification, Analyzing, Negotiating, Closing, Ordering).
";3428
Market & Sales Domain;Strategy Management;Market Strategy Management;Marketing Campaign Plan Definition;Market and Channel Forecasts Identification;1092;Market and Channel Forecasts Identification forecasts the Market and Channel sales. Forecasts are carried out from a chronological modelling of the tendencies, the forecasts of commercial actions or marketing.;3431
Market & Sales Domain;Strategy Management;Market Strategy Management;Marketing Campaign Plan Definition;Marketing Campaign Roadmap Definition;1094;Marketing Campaign Roadmap Definition Function identifies and defines the campaigns that should be executed to reach the business objectives for all segments and their sequence (campaign name, description, campaign type, objectives, cost, sponsor, planning).;3432
Market & Sales Domain;Strategy Management;Marketing Strategic Analysis;Marketing Campaign Analysis;Marketing Information Sharing;354;Marketing Information Sharing provides dashboard views, alerts, and notifications to marketing organizations with the insight and agility needed to protect and optimize marketing investments.;3435
Market & Sales Domain;Business Value Development;Marketing Campaign Development;Marketing Campaign Design;Marketing Message Definition;1096;Marketing Message Definition Function defines the message (email, letter, script) to be used in the Marketing Campaign.;3440
Market & Sales Domain;Business Value Development;Marketing Campaign Development;Marketing Campaign Design;Campaign Preparation;347;Campaign Preparation can pre-define campaign execution channels and fulfillment tool for the use of direct mail, email, fax, web, events, telesales and sales.;3443
Market & Sales Domain;Operations Readiness & Support;Sales and Sales Force Management;Sales Force Management;Sales Force Objectives Definition;1279;"Sales Force Objectives Definition Function defines the direct (Customer Service Representatives - CSR - in call centers and shops) and indirect (dealers, resellers, outsourcers) sales forces objectives. 
It consists in planning their activities, their visits with customers as well as some indicators about their efficiency in achieving the goals of a marketing campaign.";3722
Market & Sales Domain;Strategy Management;Market Strategy Management;Market Sales and Channel Development;Direct Sales Force Management;373;"Direct Sales Force Management; A direct sales administrative function that can define and structure sales territories to assist structuring of the CSPs sales organization and forecasting.";3724
Market & Sales Domain;Strategy Management;Market Strategy Management;Market and Channel Strategy Definition;Market and Channel Sales Forecasts Determination;1100;Market and Channel Sales Forecasts Determination Function determines forecasts of the Market and Channel sales. Forecasts are carried out from a chronological modelling of the tendencies, the forecasts of commercial actions or marketing.;3726
Market & Sales Domain;Strategy Management;Marketing Strategic Analysis;Marketing Campaign Analysis;Marketing Insight Campaign Reporting;355;Marketing Insight Campaign Reporting provides pre-built campaign performance and market Insight reporting.;3727
Market & Sales Domain;Strategy Management;Marketing Strategic Analysis;Marketing Campaign Analysis;Marketing Campaign Product Tracking;410;Marketing Campaign Product Tracking tracks performance of product based upon their performance in the marketplace with regards to Marketing campaigns.;3728
Market & Sales Domain;Business Value Development;Marketing Campaign Development;Marketing Campaign Design;Campaign Template Creation;348;Campaign Template Creation creates campaign templates to pre-define frequently used campaigns, segments, content templates, and their tracking metrics, to be pre-defined, customizable, and to step through campaign setup and execution.;3729
Market & Sales Domain;Business Value Development;Marketing Campaign Development;Marketing Campaign Design;Campaign Creation;346;Campaign Creation creates campaigns to quickly push opportunities out to pre-defined sales territories using a coordinated sales methodology.;3730
Market & Sales Domain;Business Value Development;Advertising Management;Advertisement Management;Advertisement Design;1316;Advertisement Design function supports creating compelling ad content tailored to the target audiences, along with parameters to adjust or tailor the content to the receivers as needed.  This function may also be responsible for A/B testing to optimize ad variations.;3732
Market & Sales Domain;Business Value Development;Advertising Management;Advertisement Management;Advertisement Delivery;1317;Advertisement Delivery function is responsible for presentation or triggering physical delivery of advertisements to the targeted recipients.;3733
Market & Sales Domain;Operations Readiness & Support;Sales Commissioning Management;Sales Account Management;Sales Account Planning;391;Sales Account Planning looks at the service providers complete relationship with a large customer. This includes the customers outages, revenues, opportunities in the pipeline, etc. It allows the account executive to effectively manage the service providers relationship with the customer and to plan the selling strategy going forward.;3734
Market & Sales Domain;Operations Readiness & Support;Sales Commissioning Management;Sales Account Management;Telesales Tools Support;397;Telesales Tools Support for multimedia integration as Computer Telecom Integration, Predictive dialer, Email, including follow up and cross selling tools.;3735
Market & Sales Domain;Operations Readiness & Support;Sales Commissioning Management;Sales Commission Repository Management;Sales Commission Reporting;358;Sales Commission Reporting provides reporting of the sales force's received compensation for sales based on performance against quotas assigned, billed revenue, numbers of sales, or other events determined by business rules that change each year. This includes handling of payment and reporting against performance.;3736
Market & Sales Domain;Fulfillment;Sales Management;Sales Lead Management;Funnel Leads Tracking;376;Funnel Leads Tracking provides the necessary functionality to track and manage the funnel process of the various leads and opportunities.;3737
Market & Sales Domain;Fulfillment;Sales Management;Sales Lead Management;Sales Lead Capturing;726;Sales Lead Capturing handles the generation of leads. A lead can be generated from many different sources and customer interactions including the result of a targeted marketing campaign. Potential customer information is obtained from external sources or from internally generated data.;3738
Market & Sales Domain;Fulfillment;Sales Management;Opportunity Management;Sales Aids Support;394;Sales Aids Support provides job aids functions to access active aids like template or wizard types of context-aware scripting to e.g. aid lead qualification.;3739
Market & Sales Domain;Assurance;Sales Performance Management;Sales Reporting;Sales Order Reporting;388;Sales Order Reporting provides reporting of order handoffs.;3741
Market & Sales Domain;Operations Readiness & Support;Sales and Sales Force Management;Sales Force Management;Sales Force Forecast Definition;1277;Sales Force Forecast Definition Function defines the direct (Customer Service Representatives - CSR - in call centers and shops) and indirect (dealers, resellers, outsourcers) sales forces revenue forecast.;3899
Market & Sales Domain;Operations Readiness & Support;Sales and Sales Force Management;Sales Territory Management;Sales Territory Definition;1276;Sales Territory Definition Function enables to structure the sales territories according to several criteria: business segments, strategic accounts, product lines, industries, geographical areas;3900
Market & Sales Domain;Strategy Management;Market Strategy Management;Market Information Management;Market Information Gathering;1280;"The Market Information Gathering Function allows to collect information from external or internal sources, to obtain a better knowledge of the market and competitors.
The information collected may concern, for example:
- market, market shares, general trends, potentials,
- customer and consumer expectations and motivations, new modes of consumption,
- distribution, general trends, new distribution channels
- competition, competitors, their market shares and strategy (positioning, target, etc.),
- environment: politic, economic (cartography of the geo-merchandising zones), technologic, ecological, legislative
- enterprise image & fame, etc.";3901
Market & Sales Domain;Strategy Management;Market Strategy Management;Market Sales and Channel Development;Sales Forecast Analyzing;370;Sales Forecast Analyzing function enables data analysis of your sales pipeline and predicts the revenue that will result when opportunities are won and deals are finalized. Forecasts are either Sales forecasts, which one can apply to anticipate the consumer demand or Order forecasts, which enables CSPs to determine whether the supply required is available to meet expected consumption levels.;3902
Market & Sales Domain;Strategy Management;Market Strategy Management;Market and Channel Strategy Definition;Sales Behaviors Modeling;1102;"Sales Behaviors Identification Function defines behaviors models and strategy: 

	development of purchase behavior models that will be used for the marketing strategy development, in order to improve the distribution performance. These models will be used for the statistical tool implementation (customer profile type) and the creation of statistical data (dashboards).
	a broad Sales Strategy to support the market strategy with a Sales model management defining the various stages of the sales pipeline, which can be based on the SPANCO method (Suspect qualification, Prospect qualification, Analyzing, Negotiating, Closing, Ordering).
";3903
Market & Sales Domain;Strategy Management;Market Strategy Management;Marketing Campaign Plan Definition;Marketing Campaign Contact Rule Definition;1095;Marketing Campaign Contact Rule Definition Function defines the contact rules with targeting criterion to make sure that commercial pressure on customer is managed (e.g. no more than 1 SMS per week for customer segment 1).;3904
Market & Sales Domain;Strategy Management;Marketing Strategic Analysis;Marketing Campaign Analysis;Campaign Performance Analyzing;345;Campaign Performance Analyzing provides quantitative tools to analyze customers and prospects to help design the right recommendations by gathering and analyzing data from past campaign planning success and performance in a continuous loop and feed this data back into the campaign planning feature.;3905
Market & Sales Domain;Strategy Management;Marketing Strategic Analysis;Market and Channel Analysis;Market and Channel Data Collection;1090;"Market and Channel Data Collection collects market and channel information including research, watch and studies.
Rationale: A market and channel research consists in evaluating the market potentials and anticipates the competition strategy (analysis of the market shares and competition and evolution assumptions).
It concerns external elements knowledge such as:

	on market, knowledge of the market shares by region with general trends, potentials in volume, in CA
	on customer and consumer, expectations and motivations, new modes of consumption, calculation of the customer average revenues according to the offer range and flow (acquisition, churn, migration).
	on distribution, general trends, new distribution channel
	on competition, anticipate the competition strategy (analysis of the market shares and competition and evolution assumptions, positioning, target, social network verbatim analysis),
	on environment: political, economical (cartography of the geo-merchandising zones), technological, ecological, legal
";3906
Market & Sales Domain;Business Value Development;Marketing Campaign Development;Marketing Campaign Design;Marketing Campaign Policy Rules Definition;1097;Marketing Campaign Policy Rules Definition Function defines policy rules according to event-based marketing capabilities to trigger automated campaigns.;3907
Market & Sales Domain;Operations Readiness & Support;Marketing Campaign Management;Marketing Campaign Execution;Campaign Workflow Execution;352;Campaign Workflow Execution provides an event evaluation and trigger function that ensure that campaigns and campaign stages (waves) are executed at critical points in the customer lifecycle.;3908
Market & Sales Domain;Operations Readiness & Support;Marketing Campaign Management;Marketing Campaign Performance Tracking and Analysis;Real-time Campaign Performance Tracking;356;Real-time Campaign Performance Tracking provides real-time campaign performance tracking in customizable segmentation schemes and key metrics.;3909
Market & Sales Domain;Business Value Development;Sales Commission Management;Sales Commission Development;Sales Commission Management;357;Sales Commission Management provides management of the sales force's received compensation for sales based on performance against quotas assigned, billed revenue, numbers of sales, or other events determined by business rules that change each year. This function includes building the annual compensation plan, setting and managing sales quotas, and managing to it.;3910
Market & Sales Domain;Business Value Development;Advertising Management;Advertisement Management;Advertisement Targeting Specification;1314;Advertisement Targeting Specification function supports the specification of the target audiences for advertisements based on demographics, interests and behaviors, and for selecting appropriate advertising platforms and channels- (e.g. social media, search engines, websites, streaming content).;3911
Market & Sales Domain;Operations Readiness & Support;Sales Commissioning Management;Sales Account Management;Sales Opportunities Dispatching;371;Sales Opportunities Dispatching creates and dispatches opportunities to relevant employees/sales personnel. Captures customer information and qualifies leads according to the guidelines set by your company (cf Customer Information Management). Sales opportunities are dispatched to sales representatives in the field.;3912
Market & Sales Domain;Operations Readiness & Support;Sales Commissioning Management;Sales Commission Calculation;Commissioning Management;392;The Commissioning Management function consists in calculating commissions for dealers or resellers from information such as orders, activation, usage.;3913
Market & Sales Domain;Operations Readiness & Support;Sales Commissioning Management;Sales Commission Repository Management;Commission Statements Browsing;367;Commission Statements Browsing provides a dealer's online access function to make them self-sufficient to view dealer commission statements.;3914
Market & Sales Domain;Fulfillment;Sales Management;Sales Lead Management;Funnel Creation;374;Funnel Creation provides the necessary functionality to create a new sales funnel or pipeline.;3915
Market & Sales Domain;Fulfillment;Sales Management;Framework Agreement Management;Customer Framework Agreement Definition;1179;"The Customer Framework Agreement Definition Function consists in defining the agreement that describes the commitments and company features valid for associated customer orders.
It defines a subset of catalog offers and products which will be marketed to a customer with particular conditions (configurations of product, rates, discounts, SLA such as availability rate, restoration time guaranties, and associated penalties for the CSP).";3916
Market & Sales Domain;Assurance;Sales Performance Management;Sales Reporting;Sales and Marketing Reporting;389;Sales and Marketing Reporting provides insight into multiple aspects of Sales & Marketing, including closed loop marketing, sales metrics, forecasting, sales workflow, funnel and pipeline activities.;3917
Market & Sales Domain;Business Value Development;Marketing Campaign Development;Marketing Campaign Workflow Design;Campaign Workflow Initiation;351;Campaign Workflow Initiation provides a campaign function allowing users to execute campaigns in their own terms to push opportunities out to their territories, along with a coordinated sales methodology. Integration to Sales Management Applications and Channel Sales Management Applications is needed.;4082
Market & Sales Domain;Fulfillment;Sales Management;Opportunity Management;Sales Opportunity Management;372;Sales Opportunity Management creates, manages and develop sales opportunities for customers.;4083
Market & Sales Domain;Assurance;Sales Performance Management;Sales Analysis;Sales Metrics Calculation;387;Sales Metrics Calculation provides sales metrics calculation according to pre-defined metrics rules.;4084
Market & Sales Domain;Assurance;Sales Performance Management;Market and Channel Performance Tracking;Market and Channel Performance Follow-up;1099;Market and Channel Performance Follow-up Function implements follow-up actions of the performances and profitability of the market and channels (reporting concerning the performances and the impacts of the marketing, sales, new customers acquisitions).;4109
Product Domain;Business Value Development;Product Specification & Offering Management;Ordering Rules Development;Customer Order Rules Configuration;721;Customer Order Rules Configuration function provides in addition to the Product rules, rules like cross/up sell rules, eligibility rules (i.e. we agree to make the requested Product available), address/service availability rules, etc. Some specific types of rules must be available for all decision-based actions on customer order. These rules could be: customer fraud check, priority rules, order duplication prevention rules, complex rules involving multi-system checks, etc.;2004
Product Domain;Business Value Development;Product Specification & Offering Management;Ordering Rules Development;Centralized Ordering Rules Management;210;Centralized Ordering Rules Management provides centralized business rules for ordering (eligibility, compatibility).;2005
Product Domain;Assurance;Product Performance Management;Product Performance Reporting;Open SLA Issues Reporting;295;Open SLA Issues Reporting function provides the necessary functionality to report open SLA issues.;2006
Product Domain;Assurance;Product Performance Management;Product Performance Analysis;Product Performance Analysis;1206;"Product Performance Analysis Function comprises off-line analysis of product performance and forecasts concerning the product performance indicators, depending on rules and indicators defined through Product Supervision Strategy and Policy Management.

It calculates product quality and performance indicators (aggregated or not) and produces statistics and forecasts concerning the product quality and performance indicators, based on the following information: 
- indicators already calculated by the Product Quality and Performance Supervision function
- aggregated product usages 
- historic of product test
- product trouble ticket

The information produced can also be used to improve the rules and indicators definition of Product Supervision Strategy and Policy Management.";2007
Product Domain;Assurance;Product Problem Management;Product Trouble Ticket Management;Customer Support Case Management;169;Customer Support Case Management function for front end support of the function flows defined by the case management functions (cf. Case Management Applications).;2011
Product Domain;Assurance;Product Problem Management;Product Trouble Ticket Management;Customer Problem Status On-Request Reporting;224;"Customer Problem Status On-Request Reporting function provides the necessary functionality to report on the status of open / closed customer problems. Customer problems can include:

	General questions on products purchased and being used by the customer
	Problems with products already purchased and being used by the customer either due to lack of education or service/network problems
	Problems with a material purchase from the service provider, even if they do not have an account with the said service provider
	General inquiries, complaints, and commendations.
";2012
Product Domain;Strategy Management;Product Specification & Offering Strategy Definition & Analysis;Product Specification & Offering Strategy Management;Product Strategy to Proposition Alignment;417;Product Strategy to Proposition Alignment captures and manages details of the business strategy and applies them to the propositions for new or updated product offerings and/or product specifications.;2130
Product Domain;Business Value Development;Product Specification & Offering Management;Product Test Specification Development;Product Test Configuration Design;1074;Product Test Configuration Design Function specifies Test rules defining the strategies for setting up test configuration that are necessary for executing the service or resource test on which the product test is based.;2131
Product Domain;Billing;Product Usage Management;Product Balance Management;Account Balance Thresholds Actions Configuration;46;Account Balance Thresholds Actions Configuration records definition of policies per balance or balance type of threshold actions and notification concerning usage volume Product's Balance (i.e. an instance of Product).;2264
Product Domain;Billing;Product Usage Management;Product Balance Management;Balance Information Reporting;47;Balance Information Reporting provides communication of balance information to the financial systems (e.g. General Ledger, Accounts Receivable) within the enterprise.;2265
Product Domain;Billing;Product Usage Management;Product Balance Management;Charge Calculation Balance Updating;48;Charge Calculation Balance Updating applies Charge Calculation results to the balance as a credit or debit concerning usage volume Product's Balance (i.e. an instance of Product).;2266
Product Domain;Billing;Product Usage Management;Product Balance Management;Balance Management Spending-limits Enforcement;49;Balance Management Spending-limits Enforcement enforces spending-limits and credit-control for postpaid balances.;2267
Product Domain;Billing;Product Usage Management;Product Balance Management;Balance Management Activities Logging;50;Balance Management Activities Logging provides transaction logs to support reporting activities concerning usage volume Product's Balance (i.e. an instance of Product).;2268
Product Domain;Billing;Product Usage Management;Product Balance Management;Balance Replenishment;51;Balance Replenishment will top-up recharge of prepaid balances from postpaid accounts (e.g. credit card or credit balance) concerning usage volume Product's Balance (i.e. an instance of Product).;2269
Product Domain;Billing;Product Usage Management;Product Balance Management;Roll-over and Cyclic Balance Policies Configuration;52;Roll-over and Cyclic Balance Policies Configuration provides configuration of definition of policies per balance or balance type for roll-over and cyclic policies concerning usage volume Product's Balance (i.e. an instance of Product).;2270
Product Domain;Billing;Product Usage Management;Product Balance Management;Charges To Multiple Balances Splitting;53;Charges To Multiple Balances Splitting provides splitting of charges between multiple balances concerning usage volume Products' Balances (i.e. an instances of Product).;2271
Product Domain;Billing;Product Usage Management;Product Balance Management;Multiple Simultaneous Balance Updating;54;Multiple Simultaneous Balance Updating provides support for multiple simultaneous sessions that affect a common balance concerning usage volume Product's Balance (i.e. an instance of Product).;2272
Product Domain;Billing;Rating and Follow up;Bill Calculation;Bill Charges Aggregation;183;Bill Charges Aggregation function determines charges (including recurring, one time and usage charges) for purchased products and services in a given bill run based on the customer price plan set at time of the customer order/contract negotiation.;2276
Product Domain;Billing;Rating and Follow up;Tariff Calculation and Rating;Event Charge/Credit Calculation;126;Event Charge/Credit Calculation calculates event-level charges/credits (one time, recurring, and usage).;2277
Product Domain;Billing;Rating and Follow up;Tariff Calculation and Rating;Calculated Charges/Credits Proration;127;Calculated Charges/Credits Proration provides proration of calculated charges/credits. The function handles partial rating of a period.;2280
Product Domain;Billing;Rating and Follow up;Tariff Calculation and Rating;Late Arrival Usage Charges/Credits Recalculation;128;Late Arrival Usage Charges/Credits Recalculation provides recalculation of charges/credits based on information received later (e.g. from the Service Level Agreement function, delayed call detail record file arrival, delayed order arrival). Recalculation may be necessary: pre-billing (prior to Bill Calculation), during the Bill Calculation process, and/or post-billing.;2282
Product Domain;Billing;Rating and Follow up;Bill Calculation;Customer Access Bill Statement Splitting;254;Customer Access Bill Statement Splitting provides an internet technology driven interface to the customer to split statement for demarcation between calls directly for themselves.;2283
Product Domain;Assurance;Product Problem Management;Product Trouble Ticket Management;Case Correlation;98;"Case Correlation &amp; Analysis function provides appropriate functionality to relate cases as appropriate.
Case correlation can include correlation of multiple cases that have the same root cause as can be correlated within the customer layer.";2317
Product Domain;Assurance;Product Problem Management;Product Trouble Ticket Management;Case Reporting;100;Case Reporting provides various operational reports regarding the status and state of the various cases in the Case Management application.;2318
Product Domain;Assurance;Product Problem Management;Product Trouble Ticket Management;Case Tracking Case State Reporting;105;Case Tracking Case State Reporting provides reports about the cases overall states.;2319
Product Domain;Assurance;Product Problem Management;Product Trouble Ticket Management;Case Management Information Retrieval;107;Case Management Information Retrieval provides real time query answering function for case management information.;2320
Product Domain;Assurance;Product Problem Management;Product Trouble Ticket Management;Case Tracking;110;Case Tracking, tracks and updates the state of a case because of activities related to the case (dispatches, tickets, etc.) until closed.;2321
Product Domain;Assurance;Product Problem Management;Product Trouble Ticket Management;Case Management Change Notification;1059;Case Management Change Notification provides publishing and subscription mechanisms of case management information including closing and completion.;2326
Product Domain;Assurance;Product Problem Management;Product Trouble Ticket Resolution;Customer SLA Violation Quantification;298;Customer SLA Violation Quantification function enables one to quantify the violation in terms of adjustments or actions per the contract (Per the SLA contract).;2331
Product Domain;Business Value Development;Product Specification & Offering Management;Product Specification & Offering Development;Product Modeling Support;407;Product Modeling Support supports Lifecycle Management in the design and build phase of the Product Offerings and Product Specifications.;2344
Product Domain;Billing;Rating and Follow up;Tariff Calculation and Rating;Commitment Tracking Result Determining;158;Commitment Tracking Result Determining determines the outcome of the evaluation (financial benefits or penalties) in the context of the gathered data for commitment tracking.;2346
Product Domain;Billing;Rating and Follow up;Tariff Calculation and Rating;Commitment Tracking Terms & Conditions Evaluation;159;"Commitment Tracking Terms &amp; Conditions Evaluation evaluates the terms and conditions in the context of the gathered data for commitment tracking.";2347
Product Domain;Billing;Rating and Follow up;Tariff Calculation and Rating;Commitment Tracking Data Collection;160;Commitment Tracking Data Collection collects data to be used in the evaluation of the terms and conditions to monitor financial commitments between the customer and the provider.;2348
Product Domain;Billing;Rating and Follow up;Tariff Calculation and Rating;Charging/Rating Recalculation;186;Charging/Rating Recalculation function recalculates the charges, when appropriate, across product, location, or customer, and considerations based on business rules.;2349
Product Domain;Billing;Rating and Follow up;Tariff Calculation and Rating;Discount Calculation;300;"Discounts Calculation determines charge discounts based on pricing plan; including discounts on recurring, one time, and usage charges. Discounts may be applied at different levels such as cross product, cross location, or cross customer (all customers that are part of a given group plan - some affiliation). The discounts can be apportioned across multiple events.";2379
Product Domain;Assurance;Product Problem Management;Product Trouble Ticket Management;Problem Resolution Support;402;"Problem Resolution Support function makes partners self sufficient for Problem resolution. Including the use of VNO/Dealer data fencing.
Problem resolution specific to retail stores, problem resolution should be capable of handling handset repairs, including reverse logistics and advance exchange.";2390
Product Domain;Operations Readiness & Support;Product Management;Loyalty Events Management;Loyalty Product Events Collection;1128;Loyalty Product Events Collection Function collects the events defined by the Loyalty Product (nature and perimeter). Examples: monthly international usage volume, amount of the invoice, customer orders, interactions, customer birthday...;2401
Product Domain;Fulfillment;Product Configuration & Activation;Offer and Product Configuration;Mass Transaction Ordering;343;Mass Transaction Ordering feed function of new orders. For bulk sales by e.g. affiliates and corporate customer self empowered fulfillment provided e.g. by an internet technology driven interface for bulk ordering.;2403
Product Domain;Billing;Rating and Follow up;Bill Calculation;Customer Bill Usage and Charges Viewing;256;Customer Bill Usage and Charges Viewing provides an internet technology driven interface to the customer to undertake Usage and charges comparison and unbilled charges view directly for themselves.;2404
Product Domain;Operations Readiness & Support;Product Management;Product Repository Management;Assigned Products Maintenance;180;"Assigned Products Maintenance permits to define and update: 

	product characteristics
	links with the related service or resource (handsets, SIM cards, etc.) needed to deliver the product
	etc.
";2419
Product Domain;Fulfillment;Product Configuration & Activation;Offer and Product Configuration;Customer Order Capturing;120;Customer Order Capturing provides access to order capture and negotiation capabilities or receives the captured Customer Order data from channels. Takes care of persistence using Customer Order Repository Management. Including support of contract printing, integration with a locally installed cash management/cash register and a retail inventory system for order completion and ordered product versioning.;2428
Product Domain;Business Value Development;Product Specification & Offering Management;Product Specification & Offering Development;Product Specification and Offering Change Auditing;1078;"Product Specification and Offering Change Auditing manages the implications of Product Specifications and Offerings changes to determine the consequences of any given change. Product Specifications and Offerings changes may impact other Product Specifications and / or Offerings according to relationships between them.
The function logs Product Specifications changes and supports the analysis of relationships between Product Specifications. 
In addition, it tracks the history of changes in an easy and accessible manner.";2431
Product Domain;Assurance;Product Problem Management;Product Problem Diagnose;Customer Problem Resolution Support;219;"Customer Problem Resolution Support supports Problem resolution with the following data to resolve the customer problem: 

	Customer Topology and inventory type data (e.g., logical and physical inventory)
	Customer Information including the business organizational hierarchy
	Change Management data
	Customer Service Order data.
";2439
Product Domain;Assurance;Product Problem Management;Product Trouble Ticket Orchestration;Service Trouble Ticket Identification;1211;The Service Trouble Ticket Identification Function identifies the Service Trouble Tickets to be associated with the Product Trouble Ticket.;2440
Product Domain;Assurance;Product Problem Management;Product Trouble Ticket Management;Case Definition and Configuration;99;Case Definition and Configuration functions are responsible for defining and configuring various types of cases. Case types could include general queries, complaints, commendations, and problem/trouble reporting.;2445
Product Domain;Operations Readiness & Support;Product Management;Product Repository Management;Product Storage;197;"Product Storage provides the functionality necessary to store and make available the Products.
This function allows:
- to instantiate or update offers and products ordered by the customer, whatever their type (network product, bundle, device, ) or their marketing mode (rented, sold, ), with their configuration, their tariffs and discounts, and their status (initialized with a creation order)
- to update Products status
- to search and read Offer and Product installed base (subscribed offers, configuration of installed products, installed tariffs and discount, statuses, ).";2458
Product Domain;Billing;Rating and Follow up;Tariff Calculation and Rating;Bill-time Fee Calculation;58;Bill-time Fee Calculation calculates and applies bill-time fees where necessary.;2475
Product Domain;Billing;Rating and Follow up;Tariff Calculation and Rating;Split Bill Charge Distribution;60;Split Bill Charge Distribution provides charge and event distribution to support a split bill.;2477
Product Domain;Business Value Development;Product Specification & Offering Management;Product Specification & Offering Development;External Product Offering Development;1292;"External Product Offering Development function includes the definition of, and sometimes the creation of, Product Offerings provided either by a Business Partner via the Service Provider, or provided with the Business Partner in conjunction with the Service Provider.  

This function differs from internal Product Offering Development in that this function addresses both the collaborative aspects of inter-company product Offering development and the divisions of responsibilities, costs and benefits among the partners.

This function provides the means to describe Product Offerings, according to marketing strategy:
 - commercial name
 - packaging rules of the contract: mandatory offers, optional offers, offers that can be ordered in number (ex: 1 to 4 mobile lines)
 - commercial incompatibilities or pre-requisites (ex: necessary to be the holder of a X contract to subscribe Y contract)
 - available commercial operations (ex: contract migration)
 - available commitment durations
 - any commercial criteria such as authorized sales channel or geographic area, customer criteria, etc.
 - tariff specifications and possible alterations. They are associated to the offer, to commercial operations or usage types and can be recurring or one shot. They are expressed as rules that can consider many criteria (ex: commitment duration, product configuration, sales channel, customer's age, etc.) and will be evaluated during the order capture process, or during the rating process for usage.

It includes facilities to design a new Product Offering based on an existing one and integrity rules controls.";2484
Product Domain;Fulfillment;Product Configuration & Activation;Offer and Product Configuration;Offer and Product Configuration;207;"The Offer and Product Configuration function enables the configuration of the commercial offer chosen by the customer. 

The configuration recovers the choice of an option, the choice of the characteristics values for the Product Specification including installation preferences...

It can be based on product configurator using a rule engine.

It can be used at the same time by Selling, Order Establishment or Develop Sales Proposal Business activities.";2486
Product Domain;Fulfillment;Product Configuration & Activation;Offer and Product Configuration;Inter Product Dependency Identification;182;Inter Product Dependency Identification identifies product dependencies, binds new order to purchased product or point to the dependent product required.;2498
Product Domain;Fulfillment;Product Configuration & Activation;Offer and Product Configuration;Customer Loyalty Subscription Configuration;236;"Customer Loyalty Subscription Configuration function manages information for subscription and deactivation to a Loyalty programs. 
Loyalty Subscription Management can assign multiple traffic channels to loyalty subscriptions (sim-cards, PBX, Call Data Network etc.)";2499
Product Domain;Assurance;Product Performance Management;Product Performance Commitment Follow-up;Customer SLA Issue Customer Validation;291;Customer SLA Issue Customer Validation receives SLA issues to validate an established customer with service level agreement.;2508
Product Domain;Assurance;Product Performance Management;Product Performance Commitment Follow-up;Customer SLA Issue Receiving;292;"Customer SLA Issue Receiving receives SLA issues of problems from: 

	Customers or customer systems
	Internal systems (SQM, Service Problem Management, Service Performance Management, and Product Problem Management as well as billing or fulfillment systems).
";2509
Product Domain;Assurance;Product Performance Management;Product Performance Commitment Follow-up;Customer SLA Issue Service / Entitlement Validation;293;Customer SLA Issue Reception function to validate the service entitlement to the service level agreement.;2510
Product Domain;Assurance;Product Problem Management;Product Problem Diagnose;Subscribed Products' Services and Resources Verification;222;"Subscribed Products' Services and Resources Verification verifies which services and resources the customer's use as part of the problematic product, and what service/support they are entitled to. 
E.g.: 

	Products purchased and being used by the customer 
	Material purchase from the service provider, even if they do not have an account with the said service provider.
";2514
Product Domain;Assurance;Product Performance Management;Product Performance Commitment Follow-up;Customer SLA Service to Contract Analyzing;287;Customer SLA Service to Contract Analyzing provides analyzing of the level of service received by the customer and comparing it to the contractual obligations. This can include analysis of historical SLA information as well.;2516
Product Domain;Assurance;Product Performance Management;Product Performance Commitment Follow-up;Customer SLA Analysis Preparation;288;Customer SLA Analysis Preparation provides translating of performance and commitment data received into a form suitable for SLA analysis.;2517
Product Domain;Billing;Product Usage Management;Product Balance Management;Balance Data Retrieval;43;Balance Data Retrieval provides a retrieval function to requests regarding balances statuses, values etc.;2519
Product Domain;Assurance;Product Performance Management;Product Performance Commitment Follow-up;Customer SLA Issue Information Collection;290;Customer SLA Issue Information Collection collects additional customer SLA related information from established sources, including service quality management, service performance management, service problem management, third parties, and customers, related to a SLA issue.;2520
Product Domain;Business Value Development;Product Specification & Offering Management;Product Specification Lifecycle Management;Product Specification Version Control;1342;Product Specification Version Control function facilitates multiple iterations (versions) of product specifications being kept in production to avoid inconveniencing existing customers of the previous versions.;2581
Product Domain;Operations Readiness & Support;Product Test Management;Product Test Execution;Product Test Execution;1131;"Product Test Execution Function includes:

	Carrying out test priority: for example, the priority of a self-care test for a user is higher than a back-office test
	Retrieval of appropriate inventory data and setting up the test context and configuration
	Test execution with access to the various data required to perform product testing


	A product test main actions will be to trigger service or resource tests depending on the product composition
	Data collected during product test can be inventory data (for example in IS inventory) or data coming from service or resource tests
	Test execution produces a test result that may contain a raw result and an enrichment of this result depending on the product test definition and associated rules.

     For example: for an access product test the raw result can be the associated bandwidth and an enrichment can be done depending on the user access type (fiber, xdsl) to evaluate if the result is suitable or not.";2584
Product Domain;Assurance;Product Problem Management;Product Trouble Ticket Management;Case Tracking Threshold Notification;106;Case Tracking Threshold Notification provides notification of jeopardies on the case as appropriate if specified dates and milestones are not met.;2623
Product Domain;Business Value Development;Product Specification & Offering Management;Product Specification & Offering Development;Marketing & Offer Strategies Implementation (Deleted);405;Marketing & Offer Strategies Implementation function for the creation of the marketing & offer strategy as part of the Lifecycle Management (LM) that includes all of the marketing and offer aspects of a Product Offering.;2627
Product Domain;Business Value Development;Product Specification & Offering Management;Product Specification & Offering Development;New Product Introduction and Maintenance (Deleted);406;"New Product Introduction and Maintenance; Introduce and maintain new products as part of the Lifecycle Management (LM) in appropriate systems e.g. Product Catalogue. For Product Offerings, it permits to define and update :
- commercial name and characteristics of the offer
- subscription and packaging rules
- tariffs specifications
- link with the commercialized products";2628
Product Domain;Business Value Development;Product Specification & Offering Management;Product Specification & Offering Development;Product Requirement Specification (Deleted);409;Product Requirement Specification function defines product requirements and provide detailed specifications as part of the Lifecycle Management (LM);2631
Product Domain;Assurance;Product Performance Management;Product Performance Reporting;Service Level Performance Reporting;294;Service Level Performance Reporting function provides the necessary functionality to report the service providers performance per specified service level.;2633
Product Domain;Business Value Development;Product Specification & Offering Management;Product Supervision Policy Management;Product Performance Severity Definition;1205;"Product Performance Severity Definition Function defines severity and risk level evaluation rules on:
     - internal rule with regard to the area of the impact
     - rule linked to the contract (SLA)
          - bringing constraints on the interruption slot or requiring to plan the interruption with the customer in the case of scheduled works.";2640
Product Domain;Strategy Management;Product Specification & Offering Strategy Definition & Analysis;Product Specification & Offering Strategy Management;Product Propositions Operations Planning;416;Product Propositions Operations Planning supports the planning of the introduction of propositions for new or updated product offerings and/or product specifications, by planning which operating groups are delivering what of the product proposition and where the organization and operation touchpoints are.;2641
Product Domain;Business Value Development;Product Specification & Offering Management;Product Specification & Offering Development;Product Specification Design;1076;"Product Specification Design Function provides the means to describe for every product commercialized through one or several offers:

	characteristics of the product, and their possible values (ex: speed, volume, duration, phone number, etc.)
	available operations (ex: create, change of speed)
	functional incompatibilities or pre-requisites (deducted from CFS specification incompatibilities or pre-requisites)
	link with the know-how type (CFS specification) from which the intangible product is a restriction (ex: mobile line, VOIP, etc), or directly with the resource type for tangible products (ex: smartphone, SIM Card), or to the Supplier product type in case of purchase products.

It includes facilities to design a new Product Specification based on an existing one and integrity rules controls.
The Product Catalog describes, according to strategy, all the tangible and intangible products that can be commercialized through standard offers, loyalty offers.
Example:

	goodies can be sold or offered as a reward in exchange of fidelity points (same product commercialized through 2 offers)
	a special discount can be granted through a retention offer
	etc.

A Product Specification restricts a Customer Facing Service Specification (CFSSpec).";2937
Product Domain;Assurance;Product Problem Management;Product Trouble Ticket Orchestration;Related Customer Facing Service Determination;1210;In the context of Product Trouble Ticket the Related Customer Facing Service Determination Function is in charge of determining the installed services (know-how) corresponding to each installed product concerned by the incident and the plant in charge of them.;3401
Product Domain;Fulfillment;Product Configuration & Activation;Offer and Product Configuration;Customer Product Proposal Creation;320;Customer Product Proposal Creation proposes according to what the customer presently has as part of what can be further provided to the customer including bundling, product proposals, etc.;3549
Product Domain;Fulfillment;Product Configuration & Activation;Product Activation;Mass Product Pre-activation;1199;Mass Product Pre-activation of services to prepare for a swift activation at sales. E.g sub-sequent affiliate sales.;3580
Product Domain;Strategy Management;Product Analysis;Product Profitability Analysis;Product Revenue Reporting;414;Product Revenue Reporting provides product revenue reporting  from a Product Performance perspective.;3584
Product Domain;Strategy Management;Product Analysis;Product QoS Analysis;Customer QoS Satisfaction Reporting;1127;"Customer QoS Satisfaction Reporting Function develops a report in order to analyze the customer satisfaction in terms of QoS (QoS as seen from the customer viewpoint), from the indicators concerning the main processes:

	Customer Welcome,
	Customer Inquiries,
	Support to the service use,
	Claims and Complaints,
	After Sales,
	Interaction Channels.

These statistics are also calculated for the set of installed products owned by the customer, to determine the customer satisfaction score.";3589
Product Domain;Strategy Management;Product Specification & Offering Strategy Definition & Analysis;Product Specification & Offering Strategy Analysis;Product Specification Performance Management;1340;"Product Specification Performance Management  function ensures the products' success and optimization throughout their lifecycles. This function involves monitoring, analyzing, and enhancing products' performance based on key metrics, customer feedback, and market trends. Key responsibilities include:
1.	Performance Monitoring: Continuously track product specification performance metrics such as sales, customer satisfaction, and operational efficiency.
2.	Data Analysis: Collect and analyze data to identify trends and areas for improvement.
3.	Customer Feedback: Gather and assess customer feedback to make informed product specification adjustments.
4.	Competitive Analysis: Evaluate market competition inform decisions to update the product specifications to maintain a competitive edge.
5.	Optimization: Recommend changes and improvements to enhance product specification performance and meet customer needs.
6.	Lifecycle Management: Plan for product specification updates, revisions, and, if necessary, discontinuation.
7.	Quality Control: Ensure product quality and reliability meet or exceed industry standards.
8.	Pricing Strategies: Adjust pricing based on performance and market dynamics.
9.	Resource Allocation: Allocate resources effectively to support product specification enhancements.";3593
Product Domain;Business Value Development;Product Specification & Offering Management;Product Specification & Offering Development;Product Offering Design;1077;"Product Offering Design function provides the means to describe Product Offering, according to marketing strategy:

	commercial name
	packaging rules of the contract: mandatory offers, optional offers, offers that can be ordered in number (ex: 1 to 4 mobile lines)
	commercial incompatibilities or pre-requisites (ex: necessary to be the holder of a X contract to subscribe Y contract)
	available commercial operations (ex: contract migration)
	available commitment durations
	any commercial criteria such as authorized sales channel or geographic area, customer criteria, etc.


	tariff specifications and possible alterations. They are associated to the offer, to commercial operations or usage types and can be recurring or one shot. They are expressed as rules that can consider many criteria (ex: commitment duration, product configuration, sales channel, customer's age, etc) and will be evaluated during the order capture process, or during the rating process for usage.

It includes facilities to design a new Product Offering based on an existing one and integrity rules controls.";3601
Product Domain;Business Value Development;Product Specification & Offering Management;Product Specification & Offering Development;Product Compatibility Checking;263;Product Compatibility Checking function provide an internet technology driven interface for the customer to check product compatibility.;3602
Product Domain;Business Value Development;Product Specification & Offering Management;Product Specification & Offering Development;Customer Loyalty Rules Management;238;Customer Loyalty Rules Management provides Loyalty Program Rules and customer loyalty profiles management.;3603
Product Domain;Business Value Development;Product Specification & Offering Management;Product Specification & Offering Development;External Product Specification Development;1291;"External Product Specification  Development function supports the definition of, and sometimes development related to, Product Specifications to be provided either by a Business Partner via the Service Provider, or provided with the Business Partner in conjunction with the Service Provider.

This function differs from internal Product Specification Development in that this function addresses both the collaborative aspects of inter-company product specification development and the divisions of responsibilities, costs and benefits among the partners.

This function provides the means to describe for every product commercialized through one or several offers:
-  characteristics of the product, and their possible values (ex: speed, volume, duration, phone number, etc.)
    available operations (ex: create, change of speed)
 - functional incompatibilities or pre-requisites (deducted from CFS specification incompatibilities or pre-requisites)
 - link with the know-how type (CFS specification) from which the intangible product is a restriction (ex: mobile line, VOIP, etc.), or directly with the resource type for tangible products (ex: smartphone, SIM Card), or to the Supplier product type in case of purchase products.

It includes facilities to design a new Product Specification based on an existing one and integrity rules controls.

A Product Specification restricts a Customer Facing Service Specification (CFSSpec).";3604
Product Domain;Operations Readiness & Support;Product Management;Product Agreement Management;Product Agreement Storage;363;"Product Agreement Storage provides functionality necessary to store and make available the Product Agreements.
This function allows:
- to instantiate or update Product Agreement approved by the customer with their party involved, their configuration, their approvals and their status,
- to update Product Agreements status,
- to search and read Product Agreements.";3618
Product Domain;Operations Readiness & Support;Product Operational Analysis;Product Usage Tracking;Product Specification Usage Forecast;1193;Product Specification Usage Forecast Function forecasts Product Usages for Product Specifications based on previous usages.;3628
Product Domain;Operations Readiness & Support;Product Operational Analysis;Pushed Offer Management;Product Specification & Offering Simulation;1196;Product Specification & Offering Simulation Function simulates Product Specification configuration and Product Offerings on the real traffic of the customer thanks to Tariff Calculation and Rating.;3631
Product Domain;Assurance;Product Performance Management;Product Performance Supervision;Product Performance Supervision;1208;"The Product Performance Supervision Function enables Product to be supervised, in order to prevent the product quality and performance degradation, with an on-the-fly analysis. 

It includes: 
- analysis and evaluation of product performance indicators evolution
- it compares these information and indicators with expected values or pre-established limits
     - when there is a great augmentation of product use and traffic congestion it can trigger a trouble ticket that will be handled via problem management.";3635
Product Domain;Fulfillment;Product Configuration & Activation;Offer and Product Configuration;Customer SLA Preferences Capturing;278;Customer SLA Preferences Capturing captures the customer's SLA preferences  e.g. as part of the fulfillment.;3752
Product Domain;Strategy Management;Product Analysis;Product Profitability Analysis;Product Cost Management;412;Product Cost Management from a Product Performance perspective.;3778
Product Domain;Strategy Management;Product Analysis;Product Profitability Analysis;Product Cost Reporting;413;Product Cost Reporting provides product cost reporting from a Product Performance perspective.;3779
Product Domain;Strategy Management;Product Analysis;Product Diagnostic and Test Quality Loop;Product Test Analysis;1124;Product Test Analysis Function provides an offline analysis of the usage of the tests to determine its relevance and identifies modifications concerning the quota and authorized users. This analysis is done using statistical test usage data to evaluate the tests relevance and the needed updates.;3780
Product Domain;Strategy Management;Product Specification & Offering Strategy Definition & Analysis;Product Specification & Offering Strategy Management;Product Strategy/Propositions Creation;418;Product Strategy/Propositions Creation delivers a product strategy and/or propositions for new or updated product offerings and/or product specifications.;3782
Product Domain;Business Value Development;Product Specification & Offering Management;Product Specification & Offering Development;Product Catalog Browsing;123;Product Catalog Browsing provides a browsing function to identify products available for purchase by a given customer, provide selected relevant information (e.g. cost, requirements, configurable attributes) to the customer. This information will be used in the step guidance.;3785
Product Domain;Business Value Development;Product Specification & Offering Management;Product Test Specification Development;Product Test Restitution Design;1075;"Product Test Restitution Design Function specifies Test rules defining the restitution of the result depending on test execution context.
For example: a test result of ok/not ok can be enough for a user whereas customer care may requires more details in the result of the test.";3786
Product Domain;Business Value Development;Product Specification & Offering Management;Product Specification Lifecycle Management;Product Specification Recalls Support;1293;Product Specification Recalls Support  function supports carrying out follow-through with Service Provider or Business Partner Product Specification Recalls, including notifying customers and, where appropriate, coordinating returns and replacement logistics.;3788
Product Domain;Operations Readiness & Support;Product Management;Loyalty Account Management;Customer Loyalty Communication;237;Customer Loyalty Communication function sends information related to Loyalty Programs (Point Balance, Prize Request status, renewed Loyalty Code) to external components in push and pull modes.;3790
Product Domain;Operations Readiness & Support;Product Test Management;Product Test Execution;Product Test Authorization Check;1130;Product Test Authorization Check Function verifies test authorization and quota management: product test execution checks.;3793
Product Domain;Operations Readiness & Support;Product Operational Analysis;Product Usage Tracking;Product Specification Usage On-the-fly Analysis;1194;Product Specification Usage On-the-fly Analysis Function comprises the Follow-up of the product use with an on-the-fly analysis (detailed and aggregated) of the customers uses and comparison with the product specification analysis forecasts.;3795
Product Domain;Assurance;Product Performance Management;Product Performance Reporting;SLA Violation Notification;296;SLA Violation Notification function provides the necessary functionality to notify appropriate people or systems to remedy the SLA violation.;3798
Product Domain;Assurance;Product Performance Management;Product Performance Commitment Follow-up;Customer SLA Monitoring;289;Customer SLA Monitoring monitors pending SLA violations before they occur (Jeopardy) by measuring current performance/commitment activity compared to SLA thresholds.;3799
Product Domain;Assurance;Product Problem Management;Product Problem Diagnose;Knowledge Support Access;270;"Knowledge Support Access provides customer browsing function to undertake Self Service access to Knowledge Management database &amp; solutions to common problems.";3800
Product Domain;Assurance;Product Problem Management;Product Problem Diagnose;Customer Problem Performance and Quality Data Diagnostics;1060;Customer Problem Performance and Quality Data Diagnostics provides determination of the source (root cause) of the problem and Update the case with a Cause Code, by Utilizing service performance and service problem management functions and/or by receiving quality of service violation data from Service Quality Management.;3801
Product Domain;Assurance;Product Problem Management;Product Trouble Ticket Orchestration;Product Trouble Ticket Prioritization;1212;"The Product Trouble Ticket Prioritization Function prioritizes the Service Trouble Tickets for the processing of related Product Trouble Tickets.
Orchestration can take into account:
- constraints between installed products 
- any type of management rule based on information even external to trouble handling. For example: high priority for VIP customers.";3802
Product Domain;Assurance;Product Problem Management;Product Trouble Ticket Management;Archived Cases Retrieval;97;Archived Cases Retrieval function provides the means to retrieve the archived cases as needed.;3803
Product Domain;Billing;Product Usage Management;Product Balance Management;Temporary Balance Units Reservation;44;Temporary Balance Units Reservation provides Unit reservation from a balance for a specified interval (session). Unused units are credited back into the balance when the session is released.;3804
Product Domain;Billing;Product Usage Management;Product Balance Management;Minimum Allowable Balance Setting;45;Records definition of policies per balance or balance type of Minimum Allowable Balance limit (e.g. balance must remain above zero).;3805
Product Domain;Billing;Rating and Follow up;Bill Calculation;Currency Conversion;184;Currency Conversion identifies the required currency conversion if any needed to appropriately bill the customer.;3806
Product Domain;Billing;Rating and Follow up;Bill Calculation;Customer Usage and Charges Report Access;253;Customer Usage and Charges Report Access provides an internet technology driven interface to the customer to access web based reports for (historical) usage and charges directly for themselves.;3807
Product Domain;Billing;Rating and Follow up;Tariff Calculation and Rating;Charging Event Accumulation;125;Charging Event Accumulation function accumulates events that provide measurements that will be used in the charge calculation (e.g. used allowance).;3808
Product Domain;Fulfillment;Product Configuration & Activation;Product Activation;Customer Loyalty Subscription Activation;1200;"Customer Loyalty Subscription Activation function manages Loyalty programs activation and deactivation. It includes 
- assigning one or more subgroups to which the customer belongs
- assigning welcome points &amp; send welcome messages 
- generate the unique Loyalty-identifier";3951
Product Domain;Strategy Management;Product Analysis;Product Usage Analysis;Business Operational Usage Analyzing;695;"Business Operational Usage Analyzing provides functions used for mathematical and statistical analysis of Usage Data: calculating correlations, trends, and patterns using complex algorithms. Information includes, but is not limited to:

	on customer and consumer: calculation of the customer average revenues according to the offer range and flow (acquisition, churn, migration)
	for customers: purchase behavior
";3952
Product Domain;Strategy Management;Product Analysis;Product Diagnostic and Test Quality Loop;Product Test Improvement Identification;1125;Product Test Improvement Identification Function identifies new Product Tests to be created or Product Tests to be deprecated when considered irrelevant.;3953
Product Domain;Strategy Management;Product Analysis;Product QoS Analysis;Product QoS Dashboard Analysis;1126;"Product QoS Dashboard Analysis Function develops a global ""Dashboard"" in order to analyze the quality / efficiency of the service provided to the customers, measure the customer satisfaction and analyze their claims and/or troubles.
It also includes QoS performance aggregation across groups of customers or aggregate analysis of SLA types.";3954
Product Domain;Strategy Management;Product Specification & Offering Strategy Definition & Analysis;Product Specification & Offering Strategy Analysis;Product Strategy Performance Reporting;419;Product Strategy Performance Reporting enables performance reporting of the strategy, driven by the performance of the underlying products.;3955
Product Domain;Strategy Management;Product Specification & Offering Strategy Definition & Analysis;Product Specification & Offering Strategy Management;Product Strategy Linking;415;Product Strategy Linking links strategy to propositions and links propositions to products.;3956
Product Domain;Business Value Development;Product Specification & Offering Management;Product Supervision Policy Management;Product Supervision Policy Indicators Definition;1204;"Product Supervision Policy Indicators Definition Function enables to define the policy concerning supervision at product level, that is to say the indicators to calculate, to measure product performance and quality, and the conditions of alarm activation.
It defines indicators associated to the product types (declension of the pattern metrics at the product level), with thresholds, calculation rules and consequences (including the definition of the alarm setting off rules)
     - example: availability indicator";3957
Product Domain;Business Value Development;Product Specification & Offering Management;Ordering Rules Development;Order Rules Retrieval;722;Order Rules Retrieval function makes the Order Rules available to e.g. customer order related applications.;3958
Product Domain;Business Value Development;Product Specification & Offering Management;Product Specification & Offering Development;Product Specification and Offering Repository Management;1079;"Product Specification and Offering Repository Management is able to create, modify and delete Product Specification and Offering.
This includes the ability to manage the state of an entity during its lifecycle (e.g. planned, deployed, in operation, replaced by, locked).
It includes Product Specifications and Offerings retrieval, integrity rules check and versioning management.
It also provides Product Specification and Offering views adapted to the different roles.";3959
Product Domain;Business Value Development;Product Specification & Offering Management;Product Specification & Offering Realization;Product Specification Change Notification;1341;Product Specification Change Notification function enables notifying systems, stakeholders and involved business partners that a new product specification change is pending. This function is ideally automated but can be a manual notification to those systems and processes that require manual intervention to make a product specification change.;3960
Product Domain;Business Value Development;Product Specification & Offering Management;Product Test Specification Development;Product Test Specification Design;1073;"Product Test Specification Design is in charge of designing Product Test Specification. It includes

	Defining the Product Test Specification, depending on the atomic product specification, based on a Service Test Specification or directly a Resource Test Specification (for example for a resource like a box, a STB)
	Managing product test capabilities: the underlying service or resource tests used to define the product test have limitation that must be taken into account. Additional limitations can be enforced at the product level especially for the self-tests for the users
	 Managing initiator authorization: some tests are restricted to some user roles (internal or external) so the authorization are defined at the Product Test Strategy and Policy Management.
";3961
Product Domain;Business Value Development;Product Specification & Offering Management;Product Specification & Offering Development;Product Agreement Specification Design;360;Product Agreement Specification Design Function creates and maintains predefined Product Agreement options and templates for ProductOfferings. It includes general term or conditions and approval rules.;3962
Product Domain;Business Value Development;Product Specification & Offering Management;Product Specification Lifecycle Management;Product Retirement;408;Product Retirement Function retires obsolete product offerings as part of the Lifecycle Management (LM).;3963
Product Domain;Operations Readiness & Support;Product Management;Loyalty Account Management;Customer Loyalty Score Balance Management;198;Customer Loyalty Score Balance Management function calculates the score according to accumulation/decrease rules. When a customer subscribes to the loyalty program with more than one SIM or other traffic objects, the Score Management accumulates the points into a single balance. The loyalty score could decrease for one of the following events: prize purchase, points expiry or points deletion by Call Center. The functionality may also include the visualization of Score details (date, description event type, points, final score) via different contact Channels (e.g. via Web, IVR, Call Center).;3964
Product Domain;Operations Readiness & Support;Product Management;Product Repository Management;Product Configuration Check;1201;Product Configuration Check Function Checks for each Product submitted if all Product configuration rules have been respected such as prerequisite, incompatibility rules between ProductSpecifications or mandatory characteristics.;3965
Product Domain;Operations Readiness & Support;Product Management;Loyalty Events Management;Loyalty Product Rules Application;1129;"Loyalty Product Rules Application Function evaluates Loyalty Rules related to Loyalty Events collected. 
Example: if the amount of the invoice is higher than 50, and trigger Loyalty Actions. 
Example: customer order of 100 SMS free, interaction to notify the customer of a discount, add 100 points on the Loyalty Account, etc.";3966
Product Domain;Operations Readiness & Support;Product Management;Product Agreement Management;Product Agreement Implementation;361;"Product Agreement Implementation function provides functionality pertaining to the implementation of the Product Agreement (a.k.a. contract) across fulfillment, assurance, and billing according to Product Agreement Specification.
A Product Agreement represents the approval by the Customer and the Vendor of all term or conditions of a ProductOffering.";3967
Product Domain;Operations Readiness & Support;Product Test Management;Product Test Execution;Product Test Reporting;1132;"Product Test Reporting Function includes:

	Test results restitution: the restitution of the raw test results may depends on the test execution context data.

    -  For the same test, depending on the initiator, the result restitution can be more or less detailed. The user/customer needs less technical details in self-care whereas customer care needs more and more details with higher care level.
    -  However test result restitution levels must always be mutually consistent through all the execution context.

	Test results long term logging for offline data analyses. These analyses are done outside of Product Test Management.
	Possible reporting of test results back to the initiator of the test.
";3968
Product Domain;Operations Readiness & Support;Product Operational Analysis;Fraud Detection;Product Fraud Detection;1133;"The Fraud Detection Function consists in the detection of atypical traffics and exceptional consumption and analysis and research of the fraudulent behavior profiles.
It consumes Product Usage Analysis, Service Usage Analysis, Invoice (in case of right diversion distance between the invoice and the valued use) and usage analysis for a specific number (Surcharged number) in front of installed base, invoiced base.";3969
Product Domain;Operations Readiness & Support;Product Operational Analysis;Product Usage Tracking;Product Usage Collection;1134;"Product Usage Collection Function collects all Product Usages (network probes, device agent, CDRs, Customer Premise Equipment, use of gateway).
It also concerns usage by Customer or by the CSP.";3970
Product Domain;Operations Readiness & Support;Product Operational Analysis;Pushed Offer Management;Pushed Offer Identification;1195;"Pushed Offer Identification Function identifies offers adapted to the customer needs including personalized offers. Based on a customer's individualized knowledge (Marketing one to one), the aim is to elaborate for each customer 

	according to his needs and recent actions
	individualized Product Specifications &amp; Offerings.
";3971
Product Domain;Assurance;Product Performance Management;Product Performance Supervision;Product Performance Measurement;1207;"The Product Performance Measurement Function enables Product functioning to be measured (in real-time or not).

It includes: 
- filtering, aggregation of the collected information
- analysis of 
     - different types of information 
     - results of tests or historic of tests
     - product usage
     - traffic degradations. 
- enrich or calculate product quality and performance indicators (includes KQI, KPI) 
     - Examples of KQI: time to repair warranty, availability percentage on a time slot, percentage of correct vocal quality communications.";3972
Product Domain;Assurance;Product Performance Management;Product Performance Analysis;Product Capacity Analyzing;411;Product Capacity Analyzing provides product capacity analysis from a Product Performance perspective.;3973
Product Domain;Assurance;Product Performance Management;Product Performance Reporting;Customer Service Access;244;"Customer Service Access to functions to provide fully automated service or assisted service over customers touch points. The functions enables customers to assure the service level that they benefit from their service provider for functions like: 

	User Account management - account management (such as contact attributes)
	Self registration to online services
	Service requests management
	Service request submission
	Service request amendment
	Service request closure
	Alerts and notifications setting
	Address book management
	Access to Knowledge Management database &amp; solutions to common problems
	Service Requests and SLA Reporting - reports on service requests and SLA across services.
";3974
Product Domain;Assurance;Product Performance Management;Product Performance Commitment Follow-up;Customer SLA Violation Tracking;299;Customer SLA Violation Tracking function to track and manage open Customer SLA issues.;3975
Product Domain;Assurance;Product Problem Management;Product Problem Diagnose;Root Cause Diagnostics;218;"Root Cause Diagnostics provides diagnostic functions to determine the source (root cause) of the problem and Update the case with a Cause Code 

	Use a detailed physical, logical and service inventory to create an up-to-date detailed customer connectivity/topology view
	Correlate various events associated with customer contact to determine the source
	Use the result of Diagnostics /Testing tools to determine the actual cause.
";3977
Product Domain;Assurance;Product Problem Management;Product Trouble Ticket Orchestration;Related Resource Determination;1209;In the context of Product Trouble Ticket the Related Resource Determination Function is in charge of determining the Resources concerned by the incident.;3978
Product Domain;Assurance;Product Problem Management;Product Trouble Ticket Management;Case Archiving;96;Case Archiving function provides appropriate functionality to archive cases at an appropriate time after case closure.;3979
Product Domain;Billing;Product Usage Management;Product Balance Management;Balance Expiration Dates Setting;42;Balance Expiration Dates Setting records definition and settings of policies regarding temporal aspects of balance.;3980
Product Domain;Billing;Rating and Follow up;Bill Calculation;On Demand Bill Calculation;61;On Demand Bill Calculation function will invoke a bill calculation on demand for e.g. a purchase.;3981
Product Domain;Billing;Rating and Follow up;Tariff Calculation and Rating;Price and Discount Calculation;55;Price and Discount Calculation applies pricing and discounting rules and algorithms in the context of the assembled information concerning Products (i.e. instances of Product).;3982
Product Domain;Strategy Management;Product Analysis;Product Profitability Analysis;Product Group Profitability Reporting;846;Product Group Profitability Reporting function for Process cost and product group profitability reporting.;4087
Product Domain;Fulfillment;Product Configuration & Activation;Offer and Product Configuration;Product Order Initialization;1123;The Product Order Initialization Function creates the Product Order and initializes it with the operations and default configuration on the mandatory products of the selected offer, or target offer in case of migration.;4088
Product Domain;Assurance;Product Problem Management;Product Trouble Ticket Resolution;Customer SLA Violation Remedy Initiation;297;Customer SLA Violation Remedy Initiation function provides the necessary functionality to pass adjustment or action on to billing or appropriate systems for remedy.;4110
Customer Domain;Assurance,Billing,Fulfillment;Welcome and Interaction;Customer Interaction Management;Customer Interaction Logging;196;"Customer Interaction Logging provides collection and storage of all contact events with the customer via all channels whether unassisted (self service, retail kiosk) or assisted (call center, retail store). All types of interactions, including interaction history order history, trouble ticket history, billing collection history, case management, etc... 
The Store of any communications in any current or future form including Fax, IVR, email, Page, text, online chat, social media and postal mail. 
The storage of all inbound and outbound interactions with the customer.";2000
Customer Domain;Assurance,Billing,Fulfillment;Customer Loyalty and Retention;Customer Value Management;Customer Value Model Development;1118;Customer Value Model Development Function develops a model in order to determine the customer value from its uses (traffic, products and services used), and corresponding revenues and costs.;2001
Customer Domain;Fulfillment;Customer Order Management;Customer Order Repository Management;Customer Order Reporting;172;Customer Order Reporting function provides front end support for Business, Financial and Operational reporting and analyzing of the ordering activities.;2002
Customer Domain;Fulfillment;Customer Order Management;Customer Order Repository Management;Customer Support Jeopardy Notification;175;Customer Support Jeopardy Notification provide to view jeopardy notifications queue and enable the Customer Support to act accordingly (e.g. notify customer on due date delay).;2003
Customer Domain;Billing;Customer Financial Management;Loan Management;Loan Closure;1256;Loan Closure function is responsible for ensuring that all necessary tasks and requirements are completed before a loan can be considered closed. Some of the key responsibilities of the Loan Closure function supports the activities of include: Reviewing loan documentation for completeness and accuracy, Verifying loan terms and conditions, Coordinating with various stakeholders during the loan closing process, Ensuring regulatory compliance with applicable laws and regulations,  Conducting a final audit of the loan file,  Preparing closing statements and coordinating disbursement of loan proceeds, Recording liens and releasing collateral as necessary, Post-closing monitoring and reporting of loan performance.;2050
Customer Domain;Billing;Customer Financial Management;Loan Management;Loan Transfer;1258;Loan Transfer function is responsible for overseeing and managing the process of transferring loans between different financial institutions or servicing entities. The supported principal process activities responsibilities include: Coordinating loan transfer activities, Ensuring data accuracy, managing documentation, Adhering to regulatory guidelines, Collaborating with stakeholders, Maintaining records, Monitoring transfer timelines, and Implementing best practices. These responsibilities help facilitate smooth and compliant loan transfers while maintaining accurate records and minimizing operational risks.;2051
Customer Domain;Billing;Customer Financial Management;Bill Dispute;Bill Dispute Investigation Support;38;Bill Dispute Investigation Support provides support to the investigation of the customer inquiries received through customer service, self care or any other channel about their bills that have not been solved by simple actions. This includes e.g. walk customer through their invoice or grant the request when disputed amount is inferior to a threshold. The case is investigated using billing data (invoice images, billed items, usage history) A/R data (e.g. search of unmatched payment) and others (e.g. installed products, network databases).;2054
Customer Domain;Billing;Customer Financial Management;Bill Dispute;Bill Dispute Customer Notification;39;Bill Dispute Customer Notification provides a notification after a dispute investigation of the settlement result. The customer notification may report of the results, dispute granted (for the whole disputed amount or part of it) or customer request denied.;2055
Customer Domain;Assurance,Billing,Fulfillment;Customer Loyalty and Retention;Loyalty Program Management;Loyalty Program Rewards Specification;1298;"Loyalty Program Rewards Specification function supports defining the rewards to be made available to customers, their ""pricing"" values and fulfillment approaches and terms.";2088
Customer Domain;Assurance,Billing,Fulfillment;Customer Loyalty and Retention;Loyalty Program Management;Loyalty Program Partnerships Management;1299;Loyalty Program Partnerships Management function supports defining the nature of and terms of partnerships with whom a Service Provider's  (and Business Partners') loyalty programs are realized. This may include defining rewards offered by either party, settlement mechanisms and terms, co-marketing plans and arrangements, as well as any integrations that may be necessary to implement the partnerships.;2089
Customer Domain;Assurance,Billing,Fulfillment;Customer Loyalty and Retention;Customer Risk Management;Customer Credit Management;187;Customer Credit Management looks at the credit of the customer, considering the payment history with the service provider as well as the credit scores with external credit agencies.;2092
Customer Domain;Assurance,Billing,Fulfillment;Customer Loyalty and Retention;Customer Risk Management;Customer Churn Risk Identification;243;Customer Churn Risk Identification function identifies indicators that can suggest imminent churn because of dissatisfaction. Measurements can be collected via various tools such as Net Promoter Score (NPS) and made available for action by various service provider groups and supervisory staff.;2093
Customer Domain;Assurance,Billing,Fulfillment;Welcome and Interaction;Customer Context Management;Internal Recommended Action Guiding;240;Internal Recommended Action Guiding gives recommendations and a guided action flow to complete the suitable customer treatment for Inbound, Self-Service or Call Center touch points (ex. Credit Adjustment handled by agent, or bill dispute initiation via self-service).;2100
Customer Domain;Assurance,Billing,Fulfillment;Welcome and Interaction;Customer Context Management;Customer Support Conversational Guiding;280;Customer Support Conversational Guiding displays recommended text and scripting to guide agents in specific conversations/dialogue tailored to each customer interaction. Also provides branching based on customer answers.;2101
Customer Domain;Assurance,Billing,Fulfillment;Customer Loyalty and Retention;Loyalty Program Management;Loyalty Program Rules and Mechanisms Specification;1295;Loyalty Program Rules and Mechanisms Specification function supports defining the eligibility, participation and exchange rules, transaction types, recording and accounting mechanisms, party interactions and terms of Loyalty Programs.;2128
Customer Domain;Assurance;Customer Problem Support;Customer Assistance;Customer Inquiries and Issues to Partner Responding;636;"Customer Inquiries and Issues to Partner Responding handles customer inquiries &amp; issues on behalf of the (supplier) partner (as specified via the partner contract).";2129
Customer Domain;Strategy Management;Customer Strategic Analysis;Customer Behavior Analysis;Customer Behavior Change Analyzing;229;Customer Behavior Change Analyzing analyzes patterns to identify trends and changes in customer behavior, which in turn update the individual profile signatures.;2133
Customer Domain;Assurance,Billing,Fulfillment,Operations Readiness & Support,Strategy Management;Aggregated Function TBD;Aggregated Function TBD L2;Catalog Entity Integrity Rules Control (deleted);10;Catalog Entity Integrity Rules Control applies integrity rules at the catalog entity level. Rules are required to maintain data integrity in the catalog. Human errors during product and service configuration cause major problems in testing and production phases, and automatic mechanisms that can eliminate such errors in advance are mandatory.;2232
Customer Domain;Billing;Customer Financial Management;Payment Management;Collection Payment Plan Monitoring;157;Collection Payment Plan Monitoring monitors the payment plan execution and trigger events for the collection monitoring process.;2252
Customer Domain;Billing;Invoice Management;Invoicing;Bill Image Presentation;65;Bill Image Presentation provides presentation of an exact bill image or after invoking a transactional document generation function.;2254
Customer Domain;Billing;Customer Financial Management;Payment Management;Customer Support Payment Management;171;Customer Support Payment Management function provides front end functionality for the CSR in their day to day payment support related activities.;2255
Customer Domain;Billing;Customer Financial Management;Bill Dispute;Customer Bill Dispute Management;249;Customer Bill Dispute Management provides an internet technology driven interface to the customer to undertake dispute capture and resolution and access to the Dispute Management directly for themselves.;2259
Customer Domain;Billing;Customer Financial Management;Bill Dispute;Agreed-upon Dispute Adjustment;301;Agreed-upon Dispute Adjustment applies an agreed-upon adjustment to settle a customer dispute, with notations, is entered pending research and approval.;2260
Customer Domain;Billing;Customer Financial Management;Bill Dispute;Customer Disputes Registration;302;Customer Disputes Registration provides a registration when a customer questions a charge, account representatives work with the customer to resolve the disputed charge. Open disputes are entered into the dispute management system where an audit process keeps track of its progress until its closed.;2261
Customer Domain;Billing;Invoice Management;Invoicing;Unbilled Invoice Items Listing;66;Unbilled Invoice Items Listing lists all unbilled invoice items for current bill cycle.;2284
Customer Domain;Billing;Invoice Management;Invoicing;Usage Summary and Details Presentation;67;Usage Summary and Details Presentation presents usage summary and details (billed and non-billed) for a specific time period.;2285
Customer Domain;Billing;Invoice Management;Invoicing;Billing Event Error Correction;78;Billing Event Error Correction provides correction capabilities via mechanized script or manual correction.;2286
Customer Domain;Billing;Invoice Management;Invoicing;Billing Event Error Identification;79;Billing Event Error Identification features to identify the error cause.;2287
Customer Domain;Billing;Invoice Management;Invoicing;Billing Event Error Re-distribution;80;Re-distribution features to send the usage to the proper destination(s).;2288
Customer Domain;Billing;Invoice Management;Invoicing;Unbilled Events Categorization;81;Unbilled Events Categorization provides the ability to categorize unbilled events concerning Products (i.e. instances of Product).;2289
Customer Domain;Billing;Invoice Management;Billing Account Administration;Billing Account Price Plan Determining;72;Billing Account Price Plan Determining associates a charge record with the appropriate price plan.;2290
Customer Domain;Billing;Invoice Management;Billing Account Administration;Billing Account Reporting;73;Billing Account Reporting groups charges/statements/accounts for the purpose of creating a report.;2291
Customer Domain;Billing;Invoice Management;Billing Account Administration;Shared Allowances Charging;74;Shared Allowances Charging links a charge record to shared allowance if it exists.;2292
Customer Domain;Billing;Invoice Management;Billing Account Administration;Billing Accounts Creation;75;Billing Accounts Creation provides the ability to create billing accounts based on various account constructs. Account creation can also be automated with orders received.;2293
Customer Domain;Billing;Invoice Management;Billing Account Administration;Billing Account Structure Configuration;76;Billing Account Structure Configuration modifies billing accounts based on various account constructs.;2294
Customer Domain;Billing;Invoice Management;Billing Account Administration;Billing Account Information Configuration;77;Billing Account Information Configuration updates specific billing account information such as customer bill periods, bill media options, etc.;2295
Customer Domain;Billing;Invoice Management;Billing Account Administration;Customer Bill Viewing;245;Customer Bill Viewing provides an internet technology driven interface to the customer to undertake a variety of bill viewing functions directly for themselves.;2296
Customer Domain;Billing;Invoice Management;Billing Account Administration;Customer Billing Cost Center Analyzing;247;Customer Billing Cost Center Analyzing provides external self empowered billing functions over an internet technology driven interface to for customer account cost analysis.;2297
Customer Domain;Billing;Invoice Management;Billing Account Administration;Customer Billing Hierarchies Management;248;Customer Billing Hierarchies Management provide an internet technology driven interface to undertake billing functions directly for management of hierarchies driven billing operations for e.g. corporate customers.;2298
Customer Domain;Billing;Invoice Management;Invoicing;Billing Event Processing Distribution;85;Billing Event Processing Distribution function for correlation and distribution of usage data for processing of e.g. bill, customer and product. To supply relevant usage data to the Billing System.;2300
Customer Domain;Billing;Invoice Management;Invoicing;Billing Event Processing Enrichment;86;Billing Event Processing Enrichment with complementing data e.g. product or location information to supply relevant information to the Billing System.;2301
Customer Domain;Billing;Invoice Management;Invoicing;Billing Event Processing Guiding;87;Billing Event Processing Guiding support for a consistent processing.;2302
Customer Domain;Billing;Invoice Management;Invoicing;Billing Event Mediation;88;Billing Event Mediation function that converts records into a format compatible to the Billing System.;2303
Customer Domain;Billing;Invoice Management;Invoicing;Invoice Balance Calculation;309;Provides the means to calculate the balance due for an invoice/bill.;2304
Customer Domain;Billing;Invoice Management;Invoicing;Billing Event Aggregation;89;Billing Event Aggregation is part of the Billing Event Processing to supply aggregated billing events to the Billing System.;2307
Customer Domain;Billing;Invoice Management;Invoicing;Billing Event Processing Analyzing;90;Billing Event Processing Analyzing provides billing event analysis and billing event aggregations analysis to control the usage data sent to the Billing System.;2308
Customer Domain;Billing;Invoice Management;Invoicing;Customer Bill Usage Classification;246;Customer Bill Usage Classification provides an internet technology driven interface to customers to undertake calls assignment for classification of usage directly for themselves.;2309
Customer Domain;Billing;Invoice Management;Invoicing;Customer Billing Usage and Charges Reporting;250;Customer Billing Usage and Charges Reporting provides an internet technology driven interface to undertake billing functions directly for Organizational reports on usage and charges for e.g. corporate customers.;2310
Customer Domain;Billing;Invoice Management;Invoicing;Customer Billing Approving;258;Customer Billing Approving provides an internet technology driven interface for customers' organizational hierarchy billing approval.;2311
Customer Domain;Operations Readiness & Support;Customer Information Support;Collect and Qualify Customer Information;Customer Information Searching;122;Customer Information Searching searches the existing customer base using various criteria (name, address, subscriber number, equipment id, billing account number, etc.) and finds the customer record to add the order (using Customer Information Management).;2312
Customer Domain;Operations Readiness & Support;Customer Information Support;Personalize Customer Interaction;Customer Relation Map Exposure  (Deleted);92;Customer Relation Map Exposure maps the customer relation/context to systems such as call center or self-service touch;2313
Customer Domain;Assurance,Billing,Fulfillment;Welcome and Interaction;Customer Interaction Management;Solicitation Policy Execution;1115;"Solicitation Policy Execution Function manages the number of contacts with a customer in order to solicit him only if appropriate. The solicitation policy defined by the service provider also takes into account customer preferences. This avoids under-use and over-use of customer solicitation.
It concerns contacts whatever they happen during fulfillment, assurance or billing.";2314
Customer Domain;Operations Readiness & Support;Customer Information Support;Collect and Qualify Customer Information;Guided Customer Information Capturing;124;Guided Customer Information Capturing provides a step by step guide at the channel to capture the specific information items to be collected (e.g. customer identification, required product / order and the pertinent data for the order). Including Validation guidance - for each information element, may provide set of valid input.;2315
Customer Domain;Operations Readiness & Support;Customer Information Support;Collect and Qualify Customer Information;Customer Hierarchy and Group Management;195;"Customer Hierarchy and Group Management function stores the customer hierarchy and/or groups such as company, relationships and household structures.
Manages complex customer relationships such as an individual who performs multiple roles, or hierarchies such as complex Corporate structures. This function should be able to deal with several levels of complexity from single service accounts to multinational corporations. Hierarchies are defined by an account type and its relationships with parent and child accounts.";2316
Customer Domain;Assurance;Customer Problem Support;Customer Case Workflow Management;Case Workflow Orchestration;111;Case Workflow Orchestration provides arrangement to achieve a wanted result within the Case Management area.;2322
Customer Domain;Assurance;Customer Problem Support;Customer Case Workflow Management;Customer Problem Verification and Closure;1338;Customer Problem Verification and Closure function is responsible for verifying that the problems have been resolved (end-to-end solution) and to close the cases when the problems are indeed resolved. As part of verification and closure, manual follow-up may be needed with customer service representatives, if a complaint (or commendation) was placed against the individual, which need to be tracked. Appropriate actions must be taken, especially if trends are discovered.;2323
Customer Domain;Assurance;Customer Problem Support;Customer Assistance;Customer Problem Receiving;221;Customer Problem Receiving provides reception of problems from Customers, Southbound internal systems (service problem management, service performance management, service quality management) or Outside northbound systems, including social networks/third parties.;2332
Customer Domain;Fulfillment;Customer Order Management;Customer Order Eligibility Validation;Product Availability Checking;262;Product Availability Checking function provides an internet technology driven interface for the customer to undertake a product availability check. E.g. that the product offering is active for sales, the equipment(s) specified in the customer order are on stock.;2341
Customer Domain;Operations Readiness & Support;Customer Information Support;Collect and Qualify Customer Information;Background Customer Profiling;228;Background Customer Profiling based on demographics, interests, shopping interaction, billing history etc.;2342
Customer Domain;Operations Readiness & Support;Customer Information Support;Collect and Qualify Customer Information;Customer Value Profile Segmentation;232;Customer Value Profile Segmentation function comprises segmentation based on the customer value and/or lifetime value: Regrouping of the customers in relevant sets (even subsets) for Marketing. The segmentation criteria use the customer value, the customer lifetime value, the product and service uses (consumption behaviors).;2343
Customer Domain;Operations Readiness & Support;Customer Information Support;Collect and Qualify Customer Information;Customer Actions Profile Updating;233;Customer Actions Profile Updating updates customer profiling based on implicit and explicit actions or transactions (e.g. deriving actual channel preference from a customer whose implicit preference is SMS, not email);2345
Customer Domain;Billing;Invoice Management;Dunning;Pause/Resume Collection Treatment;134;Pause/Resume Collection Treatment manages the pausing and resuming of accounts into collection treatment. It corresponds to dunning activities according to dunning rules.;2350
Customer Domain;Billing;Invoice Management;Dunning;Collection Flows Creation;138;Assembly of collection steps into collection flows. It corresponds to dunning activities.;2351
Customer Domain;Billing;Invoice Management;Dunning;Collection Rules Definition;139;Collection Policies and Rules Definition and configuration. It corresponds to dunning scenario specification.;2352
Customer Domain;Billing;Invoice Management;Dunning;Collection Treatment Evaluation;140;Collection Treatment Evaluation evaluates each arriving account, decides whether the account needs collection treatment, and assigns the relevant collection treatment policy to each account.;2353
Customer Domain;Billing;Invoice Management;Dunning;Collection Execution Monitoring;141;Monitors events that may change the collection execution. Such events includes: customer paid, customer status has been changed, payment back-outs. As a result stop, resume or reselect the collection policy.;2355
Customer Domain;Billing;Invoice Management;Dunning;Manual Collection Treatment Assigning;143;Manual Collection Treatment Assigning assigns a Customer Service Representative or a Customer Service Representative group to manually handle the collection.;2359
Customer Domain;Billing;Invoice Management;Dunning;Financial Customer Score Updating;144;Financial Customer Score Updating updates the customer scoring information, based on events that are significant of payer behavior of the customer (e.g. late payment, delays, etc.).;2360
Customer Domain;Billing;Invoice Management;Dunning;Debt Management Financial Scoring;145;"The Debt Management functions:

	Update financial scoring: update of the customer scoring information, based on events that are significant of payer behavior of the customer (e.g. late payment, delays, etc.).
";2361
Customer Domain;Billing;Invoice Management;Dunning;Debt Management Penalty Automatic Charging;146;Debt Management Penalty Automatic Charging automatically charges the automatically and manually generated penalty charges (dunning charges, payment rejection fees) linked to dunning of the due amount, in order to bill the customer according to the details of his / her contract.;2362
Customer Domain;Billing;Invoice Management;Dunning;Collection Treatment;147;"Defines and initiates the collection treatment activities according to the appropriate collection policy. A collection treatment can belong to one of the following categories:

	Issue notice (e.g. Collection Letter, e-mail or SMS) o CSR assignment - Assign a CSR or a CSR group to manually handle the collection.
	Issue Restrict/Restore/Disconnects request - Includes anything from restricting to suspensions, as well as the restoration when payment is received.
	OCA Referrals - Passing the collection process on to an Outside Collection Agency.
	Initiate Write-off requests.
";2364
Customer Domain;Billing;Invoice Management;Dunning;Collection Treatment Manual Intervention;148;Collection Treatment Manual Intervention provides the CSR with many options to override the automated flow such as pause and continue the collection treatment, force an account into collection, change the selected collection policy and stop manually the collection treatment.;2365
Customer Domain;Billing;Invoice Management;Dunning;Dunning Strategy Initialization;149;"Dunning Strategy Initialization provides implementation of the companys dunning strategy within its information system. A payment schedule is assigned according to a variety of customer criteria, such as customer type, payment means, payment behavior, etc.
 It corresponds to dunning strategy design.";2366
Customer Domain;Billing;Invoice Management;Dunning;Dunning and Dunning Event Management;150;Dunning and Dunning Event Management provides management of the dunning actions (a.k.a. collection process) pertaining to a dossier and the automatic or manual chaining of actions, as issuing an SMS, a letter, an outbound call, a barring action or delay fees.;2367
Customer Domain;Billing;Invoice Management;Dunning;Collection Dunning Monitoring;151;Collection Dunning Monitoring provides control and management of the dunning activity (a.k.a. collection activities). Including generation of statistics.;2368
Customer Domain;Billing;Invoice Management;Dunning;Collection Penalty Charges Generation;152;Collection Penalty Charges Generation provides automatic and manual generation of the penalty charges (dunning charges a.k.a. collection charges, payment rejection fees) linked to dunning of the due amount, in order to bill the customer according to the details of his / her contract.;2369
Customer Domain;Billing;Invoice Management;Dunning;Collection Issue Write Off Closing;154;Collection Issue Write Off Closing provides various reports regarding Fallout Management about issue write-offs (in order to close the dunning file) and to inform the Account Receivable system about the entries to be done, including statistics on fallout per various times periods (per hour, week, month, etc) as well as information about specific fallout.;2370
Customer Domain;Billing;Invoice Management;Dunning;External Collection Agency Passing;155;External Collection Agency Passing provides passing of the collection process on to an Outside Collection Agency.;2371
Customer Domain;Billing;Invoice Management;Dunning;Collection Decision Monitoring;166;"Evaluates each arriving account, decides whether the account needs collection treatment, and assigns the relevant collection treatment policy to each account, and Monitors the events that may change the collection execution. Such events include: 

	customer paid, 
	customer status has been changed, 
	payment back-outs. 


As a result it stops, resumes or reselects the collection policy. A collection treatment can belong to one of the following categories: 

	Financial, Service restriction, 
	Customer communication, 
	CSR interaction 
	and Outside Collection Agency treatment including Issue notice (e.g. Collection Letter, e-mail or SMS)
";2372
Customer Domain;Billing;Invoice Management;Dunning;Customer Penalties Viewing;252;Customer Penalties Viewing provides an internet technology driven interface to view the customer penalties directly for themselves.;2373
Customer Domain;Billing;Customer Financial Management;Payment Management;Customer Loyalty Prize Selection;200;Customer Loyalty Prize Selection function lists available prizes and assures that the program customer has the points necessary to select the given prize.;2374
Customer Domain;Billing;Customer Financial Management;Payment Management;Customer Bill Payment;251;Customer Bill Payment provide an internet technology driven interface to the customer to undertake direct payments.;2377
Customer Domain;Billing;Customer Financial Management;Payment Management;Bank Interface Direct Debit Payment Receiving;321;Bank Interface Direct Debit Payment Receiving supports receiving of direct debit payments from the nominated (specified) bank accounts.;2378
Customer Domain;Assurance,Billing,Fulfillment;Welcome and Interaction;Customer Interaction Management;Customer Interaction Information Capturing;189;"Customer Interaction Information Capturing captures customer interaction event data from all channels (agent interaction/notes, web/device click analytics, retail transactions, etc.), including receiving information from Customer Interaction Collection &amp; Storage.";2383
Customer Domain;Assurance,Billing,Fulfillment;Welcome and Interaction;Customer Interaction Management;Customer Business Event Capturing;190;Customer Business Event Capturing provides an event framework to capture events data from relevant BSS sources such as Billing, CRM etc.;2386
Customer Domain;Assurance,Billing,Fulfillment;Welcome and Interaction;Customer Interaction Management;Customer Relationship/Context Event Data Accumulation;191;"Customer Relationship/Context Event Data Accumulation provides an ability to accumulate and map customer interaction event data from all channels (agent interaction/notes, web/device click analytics, retail transactions, etc.), including received information from Customer Interaction Collection &amp; Storage.";2389
Customer Domain;Billing;Customer Financial Management;Bill Dispute;Dispute Progress Tracking;303;Dispute Progress Tracking tracks open disputes that are entered into the dispute management system by an audit function that keeps track of its progress until its closed.;2391
Customer Domain;Billing;Customer Financial Management;Payment Management;Payment Transaction Refunding;322;Payment Transaction Refunding supports refund transactions based on the saved payment transaction details.;2392
Customer Domain;Fulfillment;Customer Order Management;Customer Order Repository Management;Customer Order Administration;178;Customer Order Administration enables a view of all outstanding orders, progress and history displays.;2393
Customer Domain;Fulfillment;Customer Order Management;Customer Order Repository Management;Customer Order Versioning;212;Customer Order Versioning maintains order versioning including Tracking & Logging of the changes made to a purchased product.;2395
Customer Domain;Fulfillment;Customer Order Management;Customer Order Repository Management;Pending Customer Orders Maintenance;213;Pending Customer Orders Maintenance saves the order/quote for future processing (in case the customer is not sure they want to go through with the order at this point).;2396
Customer Domain;Fulfillment;Customer Order Management;Customer Order Completion;Calculated Order Data Enrichment;717;Calculated Order Data Enrichment calculates missing order data values on-the-fly from existing data and ordering rules. E.g. Contract end dates, Discounted period, etc.;2398
Customer Domain;Fulfillment;Customer Order Management;Customer Order Repository Management;Customer Order Management;366;"Customer Order Management provides an online access function to specific orders, to be used for management, monitoring and tracking for customer support and external agents for Upgrade of customers products/services.
This capability needs to be provided in both an ability to query in real time as well as a publish/subscribe mechanism to enable the use of the information wherever required.";2399
Customer Domain;Fulfillment;Customer Order Management;Customer Order Completion;Customer Order Distribution;1325;Customer Order Distribution function enables distributing finalized customer orders to any parties and systems that need the order information and/or the notification that the order has been finalized.;2402
Customer Domain;Assurance,Billing,Fulfillment;Welcome and Interaction;Customer Interaction Management;Customer Support Workflow Guiding;284;Customer Support Workflow Guiding provides a configurable, workflow-driven navigation through means such as configurable business processes, automatically drives the CSR workflow and screen navigation according to the context of the customer interaction and other customer profile information across all functions used.;2410
Customer Domain;Assurance,Billing,Fulfillment;Welcome and Interaction;Customer Interaction Management;Customer Outbound Interaction Initiation;1241;"Customer Outbound Interaction Initiation is the outbound triggering of direct interaction with Customers, whether by phone callback (automated or in person), SMS, MMS, in-app notification, email, or paper.
The outbound interaction can be initiated by the CSP or one of its representative, through the Campaign Execution, Welcome, Order Follow up,  processes, 
     - to inform the customer about our offers, promotions, 
     - or about his on-going requests, queue position, 
     - or to alert him in case of network problem, over consumption, payment delay, ";2411
Customer Domain;Assurance,Billing,Fulfillment;Welcome and Interaction;Customer Interaction Management;Customer Inbound Interaction Handling;1242;"Customer Inbound Interaction Handling receives inbound interactions with Customers and places them in the appropriate queue, due to the nature of the interaction.
Customer Inbound Interaction Handling is the inbound receipt of direct interaction , whether by phone call, SMS, MMS, in-app notification, email, or paper.
The inbound interaction can be initiated by a Customer through the Welcome process, to identify his needs, problems, ";2412
Customer Domain;Operations Readiness & Support;Customer Information Support;Customer Information Management;Customer Profile Access;235;Customer Profile Access Function exposes customer profiles and profiling insights and conclusions for recommendation in care treatment, cross/up sell, retention, etc.;2413
Customer Domain;Strategy Management;Customer Strategic Analysis;Customer Behavior Analysis;Customer Value Profile Prediction;231;Customer Value Profile Prediction function comprises predictive Scoring of the new customer behavior: using a predictive model based on the histories of customers having similar profiles, determines the expected evolution of the customer value and its lifetime. Customer scoring is performed when customers sign up a contract, then enriched and updated by events occurring along the customer lifecycle (e.g revenue generated, usage patterns, payment behavior). The output of customer scoring could be a risk level or an opportunity.;2415
Customer Domain;Operations Readiness & Support;Customer Information Support;Collect and Qualify Customer Information;Customer Profile Signature Creation;234;Customer Profile Signature Creation function creates a personalized profile signature based on combined segment, interest and behavior for the individual customer  (ex. Soccer Mom, Gold/Silver/Bronze customer, Golfer, Early adopter), and around content (ex. Content sharing - College kids + Field Sales). This also includes continuous learning and update of individual Profile Signature.;2416
Customer Domain;Assurance,Billing,Fulfillment;Welcome and Interaction;Customer Interaction Management;Interaction Channel Infrastructure Operation;1309;Interaction Channel Infrastructure Operation function supports the functionality that drives consistency and analytics of the customer experience across all channels, including coordination of interactions that might bridge channels. Channel infrastructure would manage common contact event information such as transaction state, statistics, history, etc.;2417
Customer Domain;Billing;Customer Financial Management;Payment Management;Payment Interface Management;323;Payment Interface Management manages interfaces between the service provider and payment channel organizations.;2421
Customer Domain;Fulfillment;Customer Order Management;Customer Order Orchestration;Retro-active Order Orchestration;215;Retro-active Order Orchestration provides submission of a retro-active order with a past effective date (e.g. retroactive price plan change) and the handling of manual intervention requests (for order fallouts).;2427
Customer Domain;Fulfillment;Customer Order Management;Customer Order Orchestration;Orchestration Customer Order Error Resolution;1070;"Orchestration Customer Order Error Resolution provides to view pool of orders resulted in error or stuck orders during orchestration and enable the Customer Support to act accordingly.
For example, a delay change because of resource unavailability or appointment not respected may trigger the resend of the request or notify the user with recommended action.";2430
Customer Domain;Fulfillment;Customer Order Management;Customer Order Repository Management;Customer Order Establishment Tracking;217;Customer Order Establishment Tracking provides the functionality necessary to track and manage the distributed requests decomposed by Customer Order Orchestration.;2432
Customer Domain;Fulfillment;Customer Order Management;Customer Order Repository Management;External Call Center Access;259;External Call Center Access provides access to call center self empowered fulfillment function providing an internet technology driven interface for the customer to undertake a variety of fulfillment functions directly for themselves.;2433
Customer Domain;Fulfillment;Customer Order Management;Customer Order Repository Management;Order Status Viewing;272;Order Status Viewing provides self empowered fulfillment function of an internet technology driven interface for the customer to undertake Order status inquiry.;2434
Customer Domain;Fulfillment;Customer Order Management;Customer Order Repository Management;Customer Order Storage;719;The Customer Order Storage function stores the valid and complete customer orders into an appropriate data storage.;2438
Customer Domain;Operations Readiness & Support;Customer Information Support;Customer Information Management;Customer Data Fencing;369;Customer Data Fencing provides a security function that will allow e.g. Virtual Network Operator (VNO) agents or Dealers to view only their own customers. In some cases, the network provider will use the same BSS environment to serve several VNOs (multi tenancy);2446
Customer Domain;Operations Readiness & Support;Customer Information Support;Customer Information Management;Customer/Prospect Data Acquisition;364;Customer/Prospect Data Acquisition obtains all necessary information to make a sale. The prospect could be a new or current customer. Customer/Prospect Data Acquisition includes information about the service location, billing address, demographic information about the customer.;2447
Customer Domain;Operations Readiness & Support;Customer Information Support;Collect and Qualify Customer Information;Customer Value Profile Calculation;1069;The Customer Value Profile Calculation function comprises measure and follow up of the customer value. The follow-up of the customer value evolution (identification of the evolution tendencies of the value and actions concerning the creation or destruction of value, Average Revenue Per User, margin per user).;2449
Customer Domain;Operations Readiness & Support;Customer Information Support;Collect and Qualify Customer Information;Customer Experience Network and Device Event Collection;192;Customer Experience Network and Device Event Collection collects high-volume technical events from web-site navigation, network probes, device agents, etc. Ingesting real-time feeds from relevant sources into a consistent and smart structure for processing.;2453
Customer Domain;Operations Readiness & Support;Customer Information Support;Customer Information Management;Customer Information Management;400;Customer Information Management is a generic function for customer information that also includes functionality for data fencing if accessed by Partner's online access function to make them self-sufficient and avoid the need for them to call the call center for Customer creation and management.;2456
Customer Domain;Fulfillment;Customer Order Management;Customer Order Eligibility Validation;Customer Credit Eligibility Validation;1071;Customer Credit Eligibility Validation function checks the Customer Credit Eligibility, considering the payment history and the credit scores for a Customer, only the predictive credit score for a Prospective Customer.;2457
Customer Domain;Assurance,Billing,Fulfillment,Operations Readiness & Support,Strategy Management;Aggregated Function TBD;Aggregated Function TBD L2;Recommendation Action Support Integration;242;Recommendation Action Support Integration provides integration with existing business function/service and process (ex. Offer, Knowledge Management).;2463
Customer Domain;Billing;Invoice Management;Invoicing;Invoice Charges Compilation;310;Invoice Charges Compilation assembles charges (including charge distribution- charges incurred by other customers), credits, taxes, fees and adjustments that affect the balance due.;2467
Customer Domain;Billing;Invoice Management;Invoicing;Invoice Items Listing;62;Invoice Items Listing lists all invoice items for a specific invoice.;2468
Customer Domain;Billing;Invoice Management;Invoicing;Invoice Listing;63;Invoice Listing function will list all invoices for a customer both over time and for customers with multiple invoices.;2469
Customer Domain;Billing;Customer Financial Management;Bill Dispute;Disputed Charge Approved Adjustment;304;Disputed Charge Approved Adjustment provides an agreed-upon dispute adjustment after approval.;2470
Customer Domain;Billing;Invoice Management;Invoicing;Invoice Totals Calculation;311;Provides subtotals and totals at various levels.;2471
Customer Domain;Billing;Customer Financial Management;Payment Management;Financial Transaction Settlement;324;Financial Transaction Settlement submits authorized transactions to the financial institutions for settlement.;2472
Customer Domain;Billing;Invoice Management;Risk Mitigation Measures Enforcement;Risk Mitigation Actions Triggering;1114;Risk Mitigation Actions Triggering Function triggers Prevention actions according to the context (e.g.: sending alert SMS, triggering product barring) via dedicated functions.;2473
Customer Domain;Billing;Invoice Management;Invoicing;Invoice Detail Collection;312;"Provides appropriate levels of detail regarding items on the invoice. This detail is provided to revenue reporting and/or Bill Format &amp; Render.";2479
Customer Domain;Fulfillment;Customer Order Management;Customer Order Repository Management;Shopping Cart Purchasing Access;277;Shopping Cart Purchasing Access function provide an internet technology driven interface to the customer to undertake self service purchase.;2480
Customer Domain;Assurance,Billing,Fulfillment,Operations Readiness & Support,Strategy Management;Aggregated Function TBD;Aggregated Function TBD L2;External Access Mass Activation;271;External Access Mass Activation provides self service mass changes (activation, configuration). Empowered fulfillment function providing an internet technology driven interface for the partner/customer to undertake mass changes of configurations and activations.;2492
Customer Domain;Assurance,Billing,Fulfillment,Operations Readiness & Support,Strategy Management;Aggregated Function TBD;Aggregated Function TBD L2;Customer Support Information Distribution;279;Customer Support Information Distribution updates information automatically in all other systems (if there is a need to overcome data duplication) after centralized data entry.;2500
Customer Domain;Assurance,Billing,Fulfillment;Welcome and Interaction;Queue Management;Customer Interaction Assignment;1121;"An interaction is initialized (refer to Interaction Management function) and if the Customer Service Representative (a.k.a. CSR) cant be immediately identified or is not available, the Customer Interaction Assignment Function permits to  assign priority , depending on the customer (ex: premium customer) or on type of request.
Then it associates the interaction to the relevant team - or team member - queue, depending on the type of request or possibly proposes to plan an appointment if waiting time is to long.";2501
Customer Domain;Assurance,Billing,Fulfillment;Welcome and Interaction;Queue Management;Contact Queuing;163;Contact Queueing provides the means to queue the contact until such time that a suitable agent comes available to work the contact.;2502
Customer Domain;Assurance,Billing,Fulfillment,Operations Readiness & Support,Strategy Management;Aggregated Function TBD;Aggregated Function TBD L2;Customer Support Back-office Integration;283;Customer Support Back-office Integration provides embedded desktop controls with APIs or service calls to other systems as a means to process activities such as invoice generation, device activation, and other back-office activities.;2504
Customer Domain;Assurance,Billing,Fulfillment;Welcome and Interaction;Customer Interaction Management;Customer Self-service Portal Access;1310;Customer Self-service Portal Access function allows Customers, whether individual or corporate, direct online access to account services, subscription configuration and/or applications that are made available to them. Such access could be provided either through a web interface or an installed application.;2505
Customer Domain;Assurance,Billing,Fulfillment,Operations Readiness & Support,Strategy Management;Aggregated Function TBD;Aggregated Function TBD L2;Short-Cut Action Launching;285;Short-Cut Action Launching provides configurable, short-cut buttons that launch key functions for streamlining actions a CSR commonly performs. (e.g. create a case, prepare an order, update an address).;2506
Customer Domain;Billing;Customer Financial Management;Payment Management;Deposit Management;33;Deposit Management manages amounts held as a guarantee of payment. Interest may be accumulated on this deposit amount. If payment is not made in a timely manner, a portion of this deposit may be applied to the outstanding balance. Based on business policy, deposits may be refunded with applicable interest after some period of time. Deposit Management maintains and executes on these policies.;2524
Customer Domain;Billing;Customer Financial Management;Payment Management;Collection Payment Agreement Monitoring;153;Collection Payment Agreement Monitoring monitors the inclusion of a payment schedule or a promise of payment, negotiated with the customer during the dunning process.;2525
Customer Domain;Billing;Invoice Management;Invoicing;Billing Administration;316;The Billing Administration function manages the data that are necessary to perform the bill calculation: billing cycle data, management of runs, groups and cycles of invoicing.;2530
Customer Domain;Billing;Invoice Management;Invoicing;Invoice Tax Calculation;329;"Invoice Tax Calculation provides the necessary functionality to calculate taxes, including surcharges and fees, where applicable. 
This function can occur within the Invoicing application or through the use of an external Tax module.";2531
Customer Domain;Billing;Invoice Management;Invoicing;Billing Management Integration;399;Billing Management Integration provide a Virtual Network Operators online access function to make them self sufficient for Billing management. Including the use of VNO/Dealer data fencing.;2532
Customer Domain;Billing;Invoice Management;Invoicing;Billing Cycle Coordination;1337;"Billing Cycle Coordination function triggers and coordinates the bill cycle activities required to produce normal bill-cycle-based invoices.  This function is not responsible for performing any of those activities - only triggering, monitoring, and coordinating.  Its responsibilities include:
1) triggering bill cycle activities in proper sequence
2) monitoring progress of bill-cycle activities
3) generating alerts for any activities that are either not completing or failing within required time frames
4) re-starting any stalled bill-cycle activities
4) monitoring performance of bill-cycle activities
5) collecting bill-cycle process information that can be used in reports";2533
Customer Domain;Billing;Customer Financial Management;Payment Management;Financial Institution Reconciliation;325;Financial Institution Reconciliation supports the reconciliation process with financial institutions.;2542
Customer Domain;Billing;Customer Financial Management;Payment Management;Financial Institution Payment Authorization Linking;326;Financial Institution Payment Authorization Linking liaises with financial institutions for payment authorization.;2543
Customer Domain;Billing;Customer Financial Management;Payment Management;Payment Details Access;327;Payment Details Access provides Payment details to all systems related to billing and accounting.;2544
Customer Domain;Billing;Customer Financial Management;Payment Management;Financial Institution Security Verification;328;Financial Institution Security Verification supports financial institutions security standards (e.g. Verified by Visa and MasterCard SecureCode).;2545
Customer Domain;Billing;Customer Financial Management;Payment Management;Customer Support Invoice Payment;936;Customer Support Invoice Payment function is to accept customer payment via the customer service representative (CSR) for immediate Payment of Invoices using existing or new pay means.;2546
Customer Domain;Billing;Customer Financial Management;Payment Management;Customer Support Prepaid Recharge Payment;937;Customer Support Prepaid Recharge Payment function is to accept customer payment via the customer service representative (CSR) for Prepaid recharge using vouchers or other payment means.;2547
Customer Domain;Fulfillment;Customer Order Management;Customer Order Repository Management;Customer Ordering External Access;265;Customer Ordering External Access for trusted partner self empowered fulfillment function. It provides an internet technology driven interface for a Customer Information View, including full customer details, recent interactions, pending activities, history and a complete order capture, negotiation and activation capabilities.;2587
Customer Domain;Operations Readiness & Support;Customer Information Support;Personalize Customer Interaction;Customer Treatment Decision Automation;201;Customer Treatment Decision Automation provides the functionality to drive decisions regarding Customer treatment and action for each specific situation based on observing what the customer is immediately experiencing. This action can be taken either proactively by reaching out to the customer, or reactively when the customer contacts the Service Provider.;2590
Customer Domain;Assurance,Billing,Fulfillment,Operations Readiness & Support,Strategy Management;Aggregated Function TBD;Aggregated Function TBD L2;Single Point of Contact Access;385;Single Point of Contact Access provides a single entry point for suppliers and partners to access various tools used for ordering, assurance, reporting, product management and reconciliation as well as customer contact and retention management capabilities.;2606
Customer Domain;Assurance,Billing,Fulfillment,Operations Readiness & Support,Strategy Management;Aggregated Function TBD;Aggregated Function TBD L2;Virtual Network Operator Brand Personalization;404;Virtual Network Operator Brand Personalization provides user interface of each VNO to be personalized to the VNO's business (look and feel, business flow, etc.) for cases where the network provider serves multiple VNOs under the same BSS environment (multi tenancy).;2626
Customer Domain;Billing;Customer Financial Management;Loan Management;Loan Underwriting;1253;Loan Underwriting function involves assessing the creditworthiness of a borrower and determining the risk associated with a loan application.  Some key responsibilities of Loan underwriting is supporting the process activities: Reviewing loan applications, Evaluating creditworthiness, Analyzing financial information, Verifying documentation, appraising property value (for mortgage loans), Assessing risk factors, Making loan decisions, Ensuring compliance with regulations, Collaborating with other professionals, and Maintaining documentation. These activities responsibilities ensure that the lending process is thorough, risk-aware, and compliant with industry guidelines.;2855
Customer Domain;Assurance,Billing,Fulfillment,Operations Readiness & Support,Strategy Management;Aggregated Function TBD;Aggregated Function TBD L2;Partner Account Creation and Management;655;Partner Account Creation and Management.;2874
Customer Domain;Assurance,Billing,Fulfillment,Operations Readiness & Support,Strategy Management;Aggregated Function TBD;Aggregated Function TBD L2;Collaboration Blogging;706;Collaboration Blogging is a website formed to present a writer's or group of writers' contributions, observations and opinions about common matters for the collaborative community. It also allows for commenting and improvements of the contributed material.;2904
Customer Domain;Assurance,Billing,Fulfillment,Operations Readiness & Support,Strategy Management;Aggregated Function TBD;Aggregated Function TBD L2;Collaboration Calendar Coordination;707;Collaboration Calendar Coordination is a common calendar for the collaborative community for coordination of planning and announcements of events etc.;2905
Customer Domain;Assurance,Billing,Fulfillment,Operations Readiness & Support,Strategy Management;Aggregated Function TBD;Aggregated Function TBD L2;Collaboration Document Storage;708;Collaboration Document Storage is a common storage of documents of interest for the collaborative community. E.g. documents for work in progress and archives of base material and results.;2906
Customer Domain;Fulfillment;Customer Order Management;Customer Order Quotation;Customer Order Quote Calculation;1109;Customer Order Quote Calculation Function enables the elaboration of an estimate, including configuration, pricing and feasibility elements, thanks to the specific configuration, eligibility and valuation functions, identifying the various relevant interlocutors (through the Sales Interlocutors Management function), the scenarios to be realized and the lot.;3051
Customer Domain;Assurance,Billing,Fulfillment,Operations Readiness & Support,Strategy Management;Aggregated Function TBD;Aggregated Function TBD L2;Operations Portal Server Support;731;Operations Portal Server Support encompasses Portal Infrastructure for internal / center use into which functional components are plugged. The Framework provides the foundation for the development of agent-facing functionality.;3055
Customer Domain;Assurance,Billing,Fulfillment,Operations Readiness & Support,Strategy Management;Aggregated Function TBD;Aggregated Function TBD L2;Care-Center Efficiency Support;732;Care-Center Efficiency Support provides various non-portlet enabled scripts and tools for the agent to automate specific tasks.;3056
Customer Domain;Billing;Invoice Management;Dunning;Collection Agent Reassigning;130;Collection Agent Reassigning reassigns (changes) the agent responsible for a specific collection activity (refers to dunning process).;3258
Customer Domain;Billing;Invoice Management;Dunning;Collection Information Retrieval;131;Collection Information Retrieval provides retrieval of collection inquiries (i.e. payment request), query treatment path, and collection history (i.e. payments). It corresponds to retrieving results from dunning actions.;3259
Customer Domain;Assurance,Billing,Fulfillment,Operations Readiness & Support,Strategy Management;Aggregated Function TBD;Aggregated Function TBD L2;Access Path Procurement;938;The Access Path Procurement function obtains access paths to the customer or service location through supply chain (internal or external) which is managed or delegated in the form of a resource order or a resource facing service order.;3260
Customer Domain;Assurance,Billing,Fulfillment,Operations Readiness & Support,Strategy Management;Aggregated Function TBD;Aggregated Function TBD L2;Partner Workflow Creation;1054;Partner Workflow Creation function creates and manages workflows used in relation to partners, customers and internal operations for partner sourced products, services and resources. It can be defined at partner level or for each on boarded product level.;3395
Customer Domain;Assurance,Billing,Fulfillment,Operations Readiness & Support,Strategy Management;Aggregated Function TBD;Aggregated Function TBD L2;Partner Workflow Configuration;1055;Partner Workflow Configuration function configures workflows to support specific partner agreements and onboarded products, services or resources.;3396
Customer Domain;Assurance,Billing,Fulfillment,Operations Readiness & Support,Strategy Management;Aggregated Function TBD;Aggregated Function TBD L2;Partner Workflow Execution;1056;Partner Workflow Execution function supports systems and personnel with the right workflow information that are to be followed for the partner related agreements and products.;3397
Customer Domain;Operations Readiness & Support;Customer Information Support;Customer Information Management;Customer Details Management;225;"Customer Details Management Function is in charge of collecting customer details - E.g. name, contact persons for this customer, account managers for this customer, addresses (residence, billing, service address, etc.), contact phone numbers (landline, mobile, fax, etc.)
Note: All person information creation and updating are managed by Party Repository Management Functions.";3411
Customer Domain;Fulfillment;Customer Order Management;Voucher Activation Management;Voucher Activation;1112;Voucher Activation Function performs voucher activation management, after it was bought or ordered and paid.;3418
Customer Domain;Operations Readiness & Support;Customer Information Support;Collect and Qualify Customer Information;Customer Observations Inference Analyzing;94;Customer Observations Inference Analyzing provides observation rules inferencing type of analysis (Processing of the ingested events/data to interpret new updates (transactions, unbilled charges, self service activity) into customer context).;3534
Customer Domain;Operations Readiness & Support;Customer Behavior Management;Customer Behavior Tracking;Customer Digital Interaction Tracking;1107;Customer Digital Interaction Tracking Function tracks all user steps on the web site and influence on social networks: click-stream, viewed pages, consulted product descriptions, comments. In real time, this function analyses the user behavior, identifies his centers of interest and then deduces his profile which will be used to push contents and offers adequate for the user / customer needs.;3539
Customer Domain;Fulfillment;Customer Order Management;Customer Order Delivery Preparation;Order Preparation;1203;"The Order Preparation Function allows in the context of a customer order to prepare a Service Order, Supplier Order, Stock Item Order or Work Order with the necessary information.
In the case of a Product associated with an Internal Service (Know-How), this function also allows to: 
- check if a corresponding Installed CFS is operational in the Service Installed Base, and so determine the operation at CFS level (creation or modification)
- possibly group in the same Service Order several ordered product, based on the same CFS specification, and/or identified to be delivered at the same time by the Customer Order Delivery Orchestration.";3544
Customer Domain;Fulfillment;Customer Order Management;Customer Order Completion;Product Order Data Collection;181;Product Order Data Collection provides an aid in verification and issuance of a complete and valid customer order. This function checks delivery address, link with a payment, a billing account, a certified holder, etc.;3552
Customer Domain;Fulfillment;Customer Order Management;Customer Order Completion;Customer Order Entry Finalization;204;The Customer Order Entry Finalization function enables finalization the Customer Order with collection of Customer Data or installed base data according to the Catalog. It allows to complete the configuration element not necessary for the quotation. The complements could also concern links with actors, dates, address, billing account.;3553
Customer Domain;Assurance;Customer Problem Support;Customer Case Workflow Management;Case Jeopardy Escalation;102;Case Jeopardy Escalation escalates jeopardies to appropriate management levels.;3558
Customer Domain;Billing;Invoice Management;Billing Account Administration;Charge To Billing Account Distribution;70;Charge To Billing Account Distribution identifies the related prepaid or postpaid billing account for a given charge (recurring, one time, usage).;3565
Customer Domain;Assurance,Billing,Fulfillment;Customer Loyalty and Retention;Customer Value Management;Customer Value Segmentation;1120;Customer Value Segmentation Function regroups the customers in relevant sets (even subsets) for Marketing. The segmentation criteria use the customer value, the customer lifetime value, the product and service uses (consumption behaviours).;3572
Customer Domain;Assurance,Billing,Fulfillment;Welcome and Interaction;Customer Request Management;Customer Request Qualification;1275;Customer Request Qualification Function qualifies the Customer Request according to configured criteria and information captured. Customer Request Qualification shall be able to determine the result of the captured Customer Request. This result may either be : the triggering of the Sales subdomain functions , the generation of a Customer Problem (that may correspond to a Bill Dispute), the generation of a Product Trouble Ticket.;3577
Customer Domain;Billing;Invoice Management;Billing Account Administration;Charge To Billing Account Identification;69;Charge To Billing Account Identification associates incurred charge to the billing account liable for its payment.;3621
Customer Domain;Assurance,Billing,Fulfillment;Welcome and Interaction;Customer Interaction Management;Contact Channel Work Assigning;162;Contact Channel Work Assigning provides the functionality required to match the request to the appropriate agent. The assignment is based on criteria such as type of customer, nature of call, skill requirements, availability, etc.;3627
Customer Domain;Strategy Management;Customer Strategic Analysis;Customer Loyalty and Retention Analysis;Customer Relationship Analysis;1343;Customer Relationship Analysis function provides the functionality necessary to understand the relationship between the service provider and the customer, looking across all interactions, over time, and across lines of business.;3742
Customer Domain;Business Value Development;Customer Behavior Development;Customer Risk Mitigation Definition;Customer Risk Mitigation Scenario Definition;1104;"Customer Risk Mitigation Scenario Definition Function is meant to define an array of actions, related to triggering conditions such as threshold(s) of billable amounts defined according to risk level, to avoid bill shock.
For example, the following actions are to be applied to high risk customers:

	If billable amount is higher than average invoice by 10%, send an SMS to notify the customer to call the customer center.
	If lack of customer response, call the customer,
	If customer cannot be reached, bar all outgoing calls.
";3744
Customer Domain;Operations Readiness & Support;Customer Information Support;Collect and Qualify Customer Information;Customer Probable Behavior Determining;95;Customer Probable Behavior Determining provides determination of customer behavior e.g. likelihood to call based on many observations (ex. dispute a bill vs. pay the bill).;3745
Customer Domain;Operations Readiness & Support;Customer Information Support;Collect and Qualify Customer Information;Customer Registration;121;Customer Registration registers a new customer if this is a new customer (using Customer Information Management).;3746
Customer Domain;Operations Readiness & Support;Customer Information Support;Customer Information Management;Customer Information Presentation;282;Customer Information Presentation displays relevant customer information, such as name, account and lifetime value on a persistent customer dashboard.;3747
Customer Domain;Operations Readiness & Support;Customer Behavior Management;Customer Behavior Tracking;Customer Behavior Tracking;1108;Customer Behavior Tracking Function tracks the customer behavior concerning the use of his Products in order to provide a global and personalized vision of its real consumption on all its products based on a detailed view of each product consumption.;3748
Customer Domain;Fulfillment;Customer Order Management;Customer Order Repository Management;Customer Order Activity Supervision;211;Customer Order Activity Supervision governs the control of the order amongst the ordering channels. This allows keeping the order data consistency, sharing the order data among order application channels and alternating the control between them.;3751
Customer Domain;Fulfillment;Customer Order Management;Customer Order Eligibility Validation;Product Offer to Customer Verification;727;"Product Offer to Customer Verification enables and verifies the configuration of the commercial offer chosen by the customer.
The configuration consist of technical, functional, and commercial pre-requisites and preferences.";3753
Customer Domain;Fulfillment;Customer Order Management;Customer Order Completion;Order Data Enrichment;716;Order Data Enrichment function acquire missing order data from surrounding systems (often values taken from catalogs and inventories, billing, fraud, etc.) or from external 3rd party systems (like country's common address or credit check system).;3755
Customer Domain;Fulfillment;Customer Order Management;Customer Order Validation;Customer Order Cancellation;209;Customer Order Cancellation can optionally support Cancel for order completed by Service Order Management (this capability is dependent on the Service Order Management systems ability to roll back service provisioning). This function assesses the feasibility of order cancellation and the potential charge to the customer. If the cancellation is confirmed, it proceeds with the cancellation.;3756
Customer Domain;Fulfillment;Customer Order Management;Customer Order Orchestration;Customer Order Work Item Decomposition;724;Customer Order Work Item Decomposition decomposes customer order items into a set of customer order work items.;3757
Customer Domain;Assurance;Customer Problem Support;Customer Case Workflow Management;Case Transferring;104;Case Transferring provides the transfer (dispatch or assignment) of the case to appropriate internal applications or work groups, as well as affiliates or partners.;3758
Customer Domain;Assurance;Customer Problem Support;Customer Case Workflow Management;Case Workflow Sequencing;108;Case Workflow Sequencing provides sequencing of the various steps of the case if required.;3759
Customer Domain;Billing;Customer Financial Management;Loan Management;Loan Collateral Association;1254;Loan Collateral Association function is responsible for managing and overseeing the collateral associated with loans, ensuring that the lender's interests are protected in case the borrower defaults on their loan. Key responsibilities of a Loan Collateral Association function supports the activations of include: Reviewing collateral documentation, Appraising collateral value, Managing collateral records, Coordinating with loan underwriting, Monitoring collateral condition, Ensuring legal compliance, releasing collateral, Handling default situations, Implementing risk management strategies, and Collaborating with other stakeholders. These responsibilities help protect the lender's interests and maintain the integrity of the lending process.;3761
Customer Domain;Billing;Customer Financial Management;Loan Management;Loan Payments Reconciliation;1255;The Loan Payments Reconciliation function is responsible for managing and processing borrowers' loan payments, ensuring timely and accurate transactions. Key responsibilities of a Loan Payments Reconciliation function supports the activities of include: Processing loan payments, Monitoring payment schedules, Reconciling loan accounts, Handling payment inquiries, Coordinating with other departments, Maintaining accurate records, Ensuring regulatory compliance, Implementing best practices, and Reporting to management. These responsibilities ensure timely and accurate processing of loan payments while maintaining compliance with industry standards.;3762
Customer Domain;Billing;Customer Financial Management;Bill Dispute;Customer Support Bill and Dispute Access;170;Customer Support Bill and Dispute Access provides front end functionality for the CSR in their day to day billing related activities.;3763
Customer Domain;Billing;Customer Financial Management;Payment Management;Collection Payment Planning;156;Collection Payment Planning is creating a payment plan based on system recommendation or CSR decision to build a payment plan.;3764
Customer Domain;Billing;Invoice Management;Dunning;Start/Stop of Account Collection Treatment;132;Start/Stop of Account Collection Treatment manages the forcing of accounts into collection and Stopping collection treatment. It corresponds to dunning activities according to dunning rules.;3765
Customer Domain;Billing;Invoice Management;Billing Account Administration;Billing Account Prepaid Automatic Replenishment;71;Billing Account Prepaid Automatic Replenishment provides automatic replenishment of prepaid billing account from postpaid billing account.;3767
Customer Domain;Billing;Invoice Management;Invoicing;Balance Statement Data Retrieval;64;Balance Statement Data Retrieval provides answer function to query of Billing related Balances including un-billed balance.;3768
Customer Domain;Assurance,Billing,Fulfillment;Customer Loyalty and Retention;Loyalty Program Management;Loyalty Program Monitoring;1296;Loyalty Program Monitoring function supports collecting metrics and other data on all aspects of loyalty programs.;3769
Customer Domain;Assurance,Billing,Fulfillment;Customer Loyalty and Retention;Loyalty Program Management;Loyalty Program Performance Assessment;1297;Loyalty Program Performance Assessment function enables determining whether and how well loyalty programs are meeting their intended objectives, whether as a whole or in specific markets, how they compare with alternatives, and their cost-effectiveness.;3770
Customer Domain;Assurance,Billing,Fulfillment;Welcome and Interaction;Customer Interaction Management;Customer Support Collaboration Access;165;Customer Support Collaboration Access provides the means for customer to agent or agent to support online chatting.;3773
Customer Domain;Assurance,Billing,Fulfillment;Welcome and Interaction;Customer Interaction Management;Voice Channel Contact Routing;168;Voice Channel Contact Routing function provides the means for a customer to speak to a service representative, including the mechanism to query the customer (e.g. - IVR) on the nature of their request, and routing of the contact to the best available agent with the skills required for the contact and presents to the agent selected call information.;3774
Customer Domain;Assurance,Billing,Fulfillment;Welcome and Interaction;Customer Context Management;Customer Support Guiding;281;Customer Support Guiding is complementary to in-context, configurable navigation, it intelligently guides the Customer Support through the interaction. The guidance can span any subject-cross-sell, up-sell, retention, service and support, quality or training.;3775
Customer Domain;Strategy Management;Customer Strategic Analysis;Customer Experience Analysis;Customer Experience Coordination;161;Customer Experience Coordination represents the cross-channel components that drive consistency and analytics of the customer experience. Channel infrastructure would manage common contact event information such as transaction state, statistics, history, etc.;3918
Customer Domain;Strategy Management;Customer Strategic Analysis;Customer Loyalty and Retention Analysis;Loyalty and Retention Management Support;194;"Loyalty and Retention Management Support function undertakes trend analysis on loyalty and retention, including customer acquisitions and churn. It comprises: 

	Follow-up of the churn rate: Development of a report in order to measure by period (periodicity: weekly, monthly, yearly), 
	The number and rate of terminations by product &amp; service, 
	The trend of the churn rate according to the previous periods,
	Prediction of the churn (anticipate in order to minimize the attrition): identification of the potential churner profiles from a predictive model analyzing the churner profiles according to the previous periods.
";3919
Customer Domain;Strategy Management;Customer Strategic Analysis;Customer Behavior Analysis;Recommended Action Result Analysis;241;Recommended Action Result Analysis provides a closed loop functionality to learn from whether the recommended action was accepted or not, including functionality to avoid proactive backfire (i.e. ensuring a customer reach out action doesnt result in confusion and more calls to the call center);3920
Customer Domain;Business Value Development;Customer Behavior Development;Dunning Scenario Definition;Dunning Scenario Specification Design;1273;"The Dunning Scenario Specification Design function is meant to define the dunning scenario specification which describes the companys dunning strategy.
It describes the dunning actions to be applied to a case, the order in which these actions should be performed, the interval between two actions.
It describes the dunning actions to be applied to a case, the order in which these actions should be performed, the interval between two actions.";3921
Customer Domain;Business Value Development;Customer Behavior Development;Customer Risk Mitigation Definition;Customer Risk Profile Definition;1103;Customer Risk Profile Definition Function defines Customer criteria (such as VIP) to identify the corresponding Prevention scenario to be applied.;3922
Customer Domain;Business Value Development;Customer Behavior Development;Customer Billing Definition;Billing Specification Definition;1105;The Billing Specification Definition Function defines all information needed to pilot invoice production and that might be configured for each customer: billing cycle data, management of runs, groups and cycles of invoicing.;3923
Customer Domain;Operations Readiness & Support;Customer Information Support;Collect and Qualify Customer Information;Customer Profile Updating;91;Customer Profile Updating function concerns the management of our knowledge of the individual customer to keep or produce an up-to-date, accurate and legally compliant Customer information. It will incorporate into the customer profile, all relevant information gathered through all contacts with the customer.;3924
Customer Domain;Operations Readiness & Support;Customer Information Support;Customer Information Management;Customer Preferences Administration;226;Customer Preferences Administration administrates  email versus post Mail, how to be contacted (based on type of communication), web look and feel, do not solicit me. Personalization allows delivery of services that more closely match the customer's need.;3925
Customer Domain;Operations Readiness & Support;Customer Information Support;Personalize Customer Interaction;Interaction Channel Identification;1117;Interaction Channel Identification Function identifies the optimal interaction channel for each customer or customer segment, based on the profile study and the history of the contacts.;3927
Customer Domain;Operations Readiness & Support;Customer Behavior Management;Customer Behavior Tracking;Customer Direct Interaction Tracking;1106;Customer Direct Interaction Tracking Function tracks the contacts by email, SMS, phone, mail and Web (Web use, chat) to provide a detailed and precise understanding of the customer behavior in front of the Telco operator solicitations (marketing campaigns, customer inquiries) or during a customer request.;3928
Customer Domain;Fulfillment;Customer Order Management;Customer Order Repository Management;Ordering Customer Order Error Resolution;174;"Ordering Customer Order Error Resolution provides to view pool of orders resulted in error or stuck orders during ordering and enable the Customer Support to act accordingly.
For example, a configuration incompatibility with functional or commercial constraint, product unavailability according to the configuration may trigger the resend of the request or notify the user with recommended action.";3929
Customer Domain;Fulfillment;Customer Order Management;Customer Order Quotation;Customer Order Quote Creation;1110;Customer Order Quote Materialization Function materializes via a document and/or associated to a simplified identification mean (QR code, bar code) to ease later interactions and identification of the quotation, and sent to the customer.;3930
Customer Domain;Fulfillment;Customer Order Management;Customer Order Completion;Customer Order Take-over Management;177;Customer Order Take-over Management provides an ability to take over governance of orders handled by other channels (e.g. self service) amend and relinquish, while preserving all the captured data.;3931
Customer Domain;Fulfillment;Customer Order Management;Customer Order Change Management;Customer Order Change Management;208;Customer Order Change Management amend pending order resulted from customer change requests or provisioning system limitation and revalidate the order.;3932
Customer Domain;Fulfillment;Customer Order Management;Customer Order Validation;Customer Order Validation;718;Customer Order Validation Function ensures that the qualified order is valid in any moment of order lifecycle, usually as data become available. Validation ensures early fallout which is less costly than encountering errors in later stages of order handling.;3933
Customer Domain;Fulfillment;Customer Order Management;Customer Order Orchestration;Customer Order Orchestration;214;"The Customer Order Orchestration function provides workflow and orchestration capabilities at the Product Order Item level for a dedicated Customer Order. 
Customer Order Orchestration function identifies Service Order Items (CFS level) according to Order Items of the Customer Order, sequences Service Order Items and distributes the Service Order requests to appropriate systems. For example: Service Order Management (SOM), potential 3rd parties.
This identification of Service Order Items relies on:

	the articulation between Product Specifications and CFS Spec described in the Catalog Repository
	the articulation between Product Operations and CFS Operations described in the Catalog Repository
	existing installed CFS
	the potential rules of choice if several CFS can fit in with the product.

Orchestration can take into account:

	constraints between Customer Product Order Items inside the Customer Product Order, or successive Customer Orders including modification or cancellation (in-flight changes)
	any type of business rules based on information even external to the Customer Product Order. For example: high level of priority for VIP customers
	Triggering of exception process or delivery planning update, depending on Customer Product Order or Service Order events.
";3934
Customer Domain;Fulfillment;Customer Order Management;Voucher Activation Management;Voucher Validity Check;1111;Voucher Validity Check checks validity and authenticity of voucher, and marks it as used once it has been completed.;3935
Customer Domain;Assurance;Customer Problem Support;Customer Assistance;Customer Problem Validation;220;"Customer Problem Validation provides problem validation and prioritization doing: 

	Qualify Symptoms/Reason for call (when reception is via a customer contact).  Non-qualified issues will be referred appropriately.  
	Associate received problem with appropriate customer(s)  and customer products/services (when reception is via a southbound or northbound system)
";3936
Customer Domain;Billing;Customer Financial Management;Loan Management;Loan Information Management;1252;Loan Information Management records and provides information about financial loans made to customers (information could include payment status and history, collateral identification, relevant dates, etc.).;3937
Customer Domain;Billing;Customer Financial Management;Bill Dispute;Bill Dispute Initiation;37;"Bill dispute consists of handling the customer inquiries received through customer service, self care or any other channel about their bills that have not been solved by simple actions (e.g walk customer through their invoice or grant the request when disputed amount is inferior to a threshold). 

	The initial customer contact and the disputed amount are recorded.
";3938
Customer Domain;Billing;Customer Financial Management;Payment Management;Advance Payment Acceptance;30;Advance Payments are accepted before initiation of service -  usually at time of ordering. Interest is not accrued on advance payments.;3939
Customer Domain;Billing;Invoice Management;Dunning;Collection Automation;129;Collection Automation performs automated collection of payments.;3940
Customer Domain;Billing;Invoice Management;Risk Mitigation Measures Enforcement;Risk Mitigation Threshold Calculation;1113;Risk Mitigation Threshold Calculation Function calculates billable amounts threshold (according to billing account owner's risk profile and related scenario).;3941
Customer Domain;Billing;Invoice Management;Invoicing;Billing Initialization;32;Billing Initialization initializes the bill and sends to the Bill Calculation application the required information for accounts that are going to be processed.;3942
Customer Domain;Assurance,Billing,Fulfillment;Customer Loyalty and Retention;Loyalty Program Management;Loyalty Program Strategy Definition;1294;Loyalty Program Strategy Definition function supports the definition of  the goals and objectives, target markets and products, approach, relevant partnerships, critical success factors and key metrics that make up the strategy behind Customer Loyalty Programs.;3943
Customer Domain;Assurance,Billing,Fulfillment;Customer Loyalty and Retention;Customer Risk Management;Customer Credit Risk Management;188;"Customer risk analysis is based on information collected from all processes and that consistent risk assessment is used across the Enterprise It includes also detection of the outstanding payment risks, for a new customer or during a new order for example, with: 

	Definition of the class ""bad debtors, 
	Analysis of the profiles of bad debtor behaviors.
";3944
Customer Domain;Assurance,Billing,Fulfillment;Customer Loyalty and Retention;Personalize Customer Profile;Customer Relationship Personalization;1116;Customer Relationship Personalization Function, based on a follow-up of the customer behavior, selects some key elements in order to personalize the relation during the customer contacts (contacts with the Telco operator services initiated by the customer).;3945
Customer Domain;Assurance,Billing,Fulfillment;Customer Loyalty and Retention;Customer Value Management;New Customer Scoring Prediction;1119;New Customer Scoring Prediction Function uses a predictive model based on the histories of customers having the similar profile, determine the expected evolution of the customer value and his lifetime. Customer scoring is performed when customers sign up a contract, then enriched and updated by events occurring during the customer lifecycle (e.g. revenue generated, usage patterns, payment behavior). The output of customer scoring could be a risk level or an opportunity.;3946
Customer Domain;Assurance,Billing,Fulfillment;Welcome and Interaction;Customer Interaction Management;Customer Behavior Tracking;93;"Customer Behavior Tracking function monitor the customer behavior through the customer interaction, public communication and use of products.
It includes mapping the customer relation/context to systems such as call center or self-service touch.";3947
Customer Domain;Assurance,Billing,Fulfillment;Welcome and Interaction;Customer Context Management;Recommendation to Customer Notification;239;Recommendation to Customer Notification provides necessary hooks to reach out to the customer via preferred channel such as SMS, email or Social media. For Inbound, Self-Service or Call Center touch points can get recommendation and a guided action flow to complete the suitable customer treatment (ex. Credit Adjustment handled by agent, or bill dispute initiation via self-service).;3948
Customer Domain;Assurance,Billing,Fulfillment;Welcome and Interaction;Queue Management;Customer Interaction Progress Management;1122;"Customer Interaction Progress Management Function monitors the interaction queue progress and reports to the Customer.
When the CSR is available, this function can trigger an SMS push, for example, to inform the customer (via the Interaction Management function).";3949
Customer Domain;Assurance,Billing,Fulfillment;Welcome and Interaction;Customer Request Management;Customer Request Information Capture;1274;Customer Request Information Capture Function captures all information required by the Customer Request according to its type or nature. Depending on the type or nature of the Customer Request, the list of information to capture may strongly vary. Depending also on information captured, additional information may be required. The Customer Request information capture shall use configuration parameters and rules to determine which information needs to be captured and when.;3950
Customer Domain;Assurance,Billing,Fulfillment,Operations Readiness & Support,Strategy Management;Aggregated Function TBD;Aggregated Function TBD L2;Work Item Decomposition;970;The Orchestration Manager will know the necessary steps (workflow items) to be carried through.;4066
Customer Domain;Assurance,Billing,Fulfillment,Operations Readiness & Support,Strategy Management;Aggregated Function TBD;Aggregated Function TBD L2;Work Item Decomposition Configuration;971;Work Item Decomposition Configuration configures which actions to take and in which sequence for Task Work Items of the orchestration request.;4067
Customer Domain;Assurance,Billing,Fulfillment,Operations Readiness & Support,Strategy Management;Aggregated Function TBD;Aggregated Function TBD L2;Work Item Execution;977;Task Work Items will be of different nature and need different actions to be carried through. The Orchestration Manager needs to have functions to carry through a good variety of work items.;4068
Customer Domain;Assurance,Billing,Fulfillment,Operations Readiness & Support,Strategy Management;Aggregated Function TBD;Aggregated Function TBD L2;Work Item Orchestration Instance Lifecycle Management;972;Work Item Orchestration Instance Lifecycle Management controls the utilization.;4069
Customer Domain;Assurance,Billing,Fulfillment,Operations Readiness & Support,Strategy Management;Aggregated Function TBD;Aggregated Function TBD L2;Work Item Policy Control Configuration;994;Work Item Policy Control Configuration provides definition and configuration of the policies.;4070
Customer Domain;Assurance,Billing,Fulfillment,Operations Readiness & Support,Strategy Management;Aggregated Function TBD;Aggregated Function TBD L2;Work Item Sequence Control;973;To carry through the orchestration task all work items of the task need to be fully performed in a specific order. This application function will supervise the Work Item execution and report and take correcting actions if not performed according to control configuration.;4071
Customer Domain;Assurance,Billing,Fulfillment,Operations Readiness & Support,Strategy Management;Aggregated Function TBD;Aggregated Function TBD L2;Work Item Sequence Control Configuration;974;Work Item Sequence Control Configuration creates the control criteria for each work item and sequence.;4072
Customer Domain;Assurance,Billing,Fulfillment,Operations Readiness & Support,Strategy Management;Aggregated Function TBD;Aggregated Function TBD L2;Work Item Sequence Execution;975;To carry through an orchestration task the items of the task need to be performed in a specific order. This application function will perform the workflow according to configuration.;4073
Customer Domain;Assurance,Billing,Fulfillment,Operations Readiness & Support,Strategy Management;Aggregated Function TBD;Aggregated Function TBD L2;Work Item Sequence Execution Configuration;976;Work Item Sequence Execution Configuration creates the sequence (workflow) of work item execution for orchestration tasks in different scenarios.;4074
Customer Domain;Business Value Development;Customer Information Specification Management;Customer Information Specification Development;Customer Value Profiling Design;230;The Customer Value Profiling Design function develops a model in order to determine the customer value from its uses (traffic, products and services used), and corresponding revenues and costs.;4075
Customer Domain;Fulfillment;Customer Order Management;Customer Order Eligibility Validation;Customer Order Eligibility Validation;205;"Customer Order Eligibility Validation function validates that the Offer &amp; products specified on the Customer Order, are eligible from a commercial and functional point of view. It includes: 

	Commercial Eligibility with commercial compatibility with the already customer installed Products (corresponding to ProductOffering) 
	Functional Eligibility with the customer's already installed Products (corresponding to ProductSpecification).
";4076
Customer Domain;Assurance;Customer Problem Support;Customer Case Workflow Management;Case Workflow Creation;101;Case Workflow Creation creates and manages case worklists that includes the need to contact the customer to inform them of a change in the case.;4077
Customer Domain;Billing;Invoice Management;Billing Account Administration;Charges to Billing Statement Identification;68;Charges to Billing Statement Identification identifies what charges are to be included in the statement.;4078
Customer Domain;Fulfillment;Customer Order Management;Customer Order Delivery Preparation;Delivery Items Identification;1202;The Delivery Items Identification function allows in the context of a customer order to consult catalogues and installed bases to identify what needs to be delivered: Service Specification (CFS Spec) and its configuration, Stock Item, Supplier Product, Work Spec, related to the ordered product.;4114
Service Domain;Operations Readiness & Support;Service Management;Service Reconciliation;Manual Service Reconciliation Support;1216;The Manual Service Reconciliation Support Function defines, suggests (when no automatic rule can be applied) to an administrator to treat gaps between the installed Service Repository and the current state of installed Services on Service Platforms or equipment, identified by the Service Audit.;2013
Service Domain;Operations Readiness & Support;Service Management;Service Delivery Management;Service Delivery Operation;1312;Service Delivery Operation  operates the service instances being delivered - e.g. streaming  a video, running a conference call, running a spyware check, running a virtual machine, etc.;2015
Service Domain;Operations Readiness & Support;Service Management;Service Delivery Management;Service Delivery Information Management;1313;Service Delivery Information Management function supports collecting, maintaining and providing information about Service Instances that are, will be, or have been delivered. This information could include states, operational parameters, identification of the service of which an instance is being delivered, as well as of the instance itself, parties and logins associated with the service instance, etc.;2016
Service Domain;Fulfillment;Service Order Management;Service Availability;Service Parameters Reservation;592;Service Parameters Reservation reserves the right service parameters based on service specification and service inventory for a service order.;2017
Service Domain;Fulfillment;Service Order Management;Service Order Repository Management;Service order Storage;594;Service order Storage function stores the service order into an appropriate data store.;2018
Service Domain;Fulfillment;Service Order Management;Service Order Repository Management;Service Order Tracking;599;"Service Order Tracking function tracks and manages the events and the lifecycle related to the Service (CFS) Order and to its items (e.g.: service order lines).

It gathers Service Order items delivery events from Service Order Orchestration and manages related Service Order lifecycle and Installed CFS lifecycle (via the Installed Service Management function).

Depending on the Service Order (or any of its elements) events, and on the implemented business rules, this function can decide to notify other systems (for example in case of delivery problems or delays) - via the business event publication function.";2019
Service Domain;Operations Readiness & Support;Service Test Management;Service Test Analysis;Service Diagnostic and Test Analysis;1189;"Service Diagnostic and Test Analysis Function includes:

	Management of success/failure result feedback of diagnostic and correction provided by technicians or the systems after a correction
	Offline analysis of the success/failure data compared to the diagnostic and correction rules to provide modifications to improve them. This analysis is done using statistical diagnostic data and test results to evaluate their relevance and the needed updates.
";2104
Service Domain;Strategy Management;Service Analysis;Service Quality and Performance Analysis;Service Performance Data Analyzing;602;Service Performance Data Analyzing provides aggregation and trend analyzing of collected Service Performance Data.;2135
Service Domain;Fulfillment;Service Configuration & Activation;Service Configuration;Cross Services Dependencies Configuration;589;Cross Services Dependencies Configuration provides support for appropriately considered cross service dependencies as part of the configuration activities to fulfill a service order.;2563
Service Domain;Capability Management;Service Capability Management;Service Deployment and Retirement;Service Deployment and Retirement;1151;"Service Deployment and Retirement Function is responsible for implementing the service strategy high level plan and develop the service infrastructure that will be used to provide the service (through products) to the customers at large (mass market, enterprise, to third parties/partners...). 

Based on the resources developed in the Resource Installed Base, the Service Installed Base is updated and pre-configured if needed, for example for generic services with no specific customer configuration.";2731
Service Domain;Operations Readiness & Support;Service Management;Service Usage Analysis;Service Usage Analysis;1191;"Service Usage Analysis Function includes:

	allow traffic visualization according to various criteria (produced, country, carriers, services, routings)
	analyze the traffic measured, developed and billed with KPIs such as volume in minutes, number of communications, number of messages, amount valued / charged expressed by nature by call, by products, countries, cities or regions, by operators, by network type (2G, 3G, 4G), by contracts on the market international Wholesale in purchase / sales
	deliver mobile KPIs such as the number of unique Roaming users per product (Month To Date / Year To Date)


	deliver analysis to optimize the network elements involved.
";2735
Service Domain;Business Value Development;Service Specification Development;Service Specification Design;New Service Catalog Updating (Deleted);567;New Service Catalog Updating introduces and maintains new services as part of the Service Lifecycle Management (SLM) in appropriate systems e.g. Service Catalogue.;2789
Service Domain;Operations Readiness & Support;Service Management;Service Repository Management;Service to Resource Relationship Synchronization;629;Service to Resource Relationship Synchronization function entails reconciliation of the data in a Service Inventory Management system with inventory discovered from other sources and synchronizes mismatched service inventory records.;2796
Service Domain;Business Value Development;Service Test Specification Development;Service Test Policy Management;Service End to End Testing Configuration;578;Service End to End Testing Configuration provides setting up and tearing down the end to end test configuration for service testing.;2797
Service Domain;Operations Readiness & Support;Service Test Management;Service Test Conducting;Service Problem Test Initiation;609;Service Problem Test Initiation provides initiation of service tests, including one time tests or a series of tests over a period of time. Notify the test results to operations personnel and applications.;2798
Service Domain;Fulfillment;Service Order Management;Service Order Orchestration;Service Order Orchestration;598;"The Service Order Orchestration function provides workflow and orchestration capabilities for a dedicated Service (CFS) Order.
Orchestration is needed when:
- the technical solution includes the expansion of the operator Installed Resources or the purchase of a partner product (ex: local loop purchase)
- a work order is necessary at the delivery address or somewhere in the operator network
- part of the delivery process or checks needs to be delegated to another Service Order Manager 
- contributing or support systems have to be informed 
Example: to deliver a VOIP service, it will orchestrate actions on Access Network Factory, VOIP service platform and CPE.
Service Order Orchestration will also orchestrate and manage dependencies between related Service Order items of Service Order.";2803
Service Domain;Fulfillment;Service Configuration & Activation;Service Configuration;Service Configuration;590;The Service Configuration Function is in charge of configuring the specific service and its parameters as appropriate for the fulfilment of a service order.;2804
Service Domain;Fulfillment;Service Order Management;Service Order Orchestration;Service Task Item Decomposition;963;Service Task Item Decomposition: By a request for an orchestration of a service the service needs to be analyzed and decomposed into the part-actions necessary to take to fulfill the requested orchestration. The Service may consist of several services and may use a number of Resources. It may also be controlled by several parameters for optional behaviors. This composition of the Service is given by configuration data available from Catalog applications and the Service Capability Orchestration application.;2807
Service Domain;Fulfillment;Service Order Management;Service Order Delivery Preparation;Service Order Needs Identification;1217;The Service Order Needs Identification Function allows in the context of a Service Order to query catalogues and installed bases to identify what needs to be delivered: resource specification and its configuration, service specification (CFSSpec), intervention (WorkSpec), supplier product, related to the ordered service.;2809
Service Domain;Fulfillment;Service Order Management;Service Order Orchestration;Service Work Item Sequence Execution;968;"Service Work Item Sequence Execution function executes each individual item in sequence of the service orchestration to fulfill, or roll back according to a pre-defined configuration, and reports the sequence execution result.
Because of the Service Decomposition of an orchestration request the result may be several actions that needs to take place in a specific sequence.";2810
Service Domain;Fulfillment;Service Order Management;Service Order Completion;Service Order Completion;595;Completes the service order when all resource orders have been completed.;2811
Service Domain;Fulfillment;Service Order Management;Service Order Orchestration;Service Orchestration Configuration;588;Service Orchestration Configuration function provides composition of a service configuration plan according to the required service actions and sent to Service Order Orchestration and/or Service Activation Management.;2813
Service Domain;Fulfillment;Service Order Management;Service Order Initialization;Service Order Request Consistency Check;1219;The Service Order Request Consistency Check Function allows, when receiving a Service Order request prepared and transmitted by another system, to check its consistency.;2814
Service Domain;Fulfillment;Service Order Management;Service Order Orchestration;Service Data Collection;734;The Service Data Collection function gathers any needed service data to aid in the verification and issuance of a complete and valid service order as well as data necessary to address dependencies between service and/or resource orders.;2815
Service Domain;Fulfillment;Service Order Management;Service Order Orchestration;Service Work Item Sequence Execution Configuration;969;The Service Work Item Sequence Execution function controls so that the sequence is fulfilled, or rolled back. The rules for the sequence execution will set the conditions for the fulfillment, or roll-back, and for the reporting and notification. The Service Task Item Sequence Carry Through configuration is a management of the application function that defines how the execution of the orchestration sequence will be done.;2817
Service Domain;Fulfillment;Service Order Management;Service Order Orchestration;Service Parameters Allocation;591;Service Parameters Allocation provides allocation of the right service parameters to fulfill service orders.;2818
Service Domain;Fulfillment;Service Order Management;Service Order Initialization;Service Delivery Due Date Calculation;571;Service Delivery Due Date Calculation functions calculates the service delivery due date using network capacity, access provider selection and work center intelligence (including workload and capacity).;2819
Service Domain;Strategy Management;Service Analysis;Service Quality and Performance Analysis;Service Quality Analyzing;631;Service Quality Analyzing function analyzes and evaluates the quality data collected by Service Quality Monitoring, and considering the past service quality data or system environment data in the analysis, notifying operations functions for automatic or manual action in case of alarming analysis results.;2820
Service Domain;Strategy Management;Service Analysis;Service Quality and Performance Analysis;Service Quality Correlation;635;Provides service quality information correlation from various sources to determine root cause and impact.;2821
Service Domain;Assurance;Service Quality and Performance Management;Service Quality and Performance Repository Management;Service Quality Reporting;624;Service Quality Reporting functions generate various reports on service quality and makes them available for consumption. E.g. Visual aids.;2822
Service Domain;Strategy Management;Service Analysis;Service Quality and Performance Analysis;Service Quality Comparison;633;Comparison of the collected service quality data to the KQIs and SLOs established by SQM Establishment.;2823
Service Domain;Billing;Service Usage Management;Service Usage Guiding;Service Usage Assignment;1150;Service Usage Assignment Function associates each Service Usage record to the installed service that generated it (ex: mobile line service).;2824
Service Domain;Assurance;Service Quality and Performance Management;Service Quality and Performance Repository Management;Service Problem Monitoring Model Data Definition;954;Accepting input from customer contracts, service definitions (KQIs, SLOs etc.) or changes in the service topology the function establishes the data the models needs for monitoring of services with respect to problems.;2825
Service Domain;Operations Readiness & Support;Service Test Management;Service Test Conducting;Service End to End Test Results Analyzing;580;Service End to End Test Results Analyzing provides service end to end test results interpretation.;2826
Service Domain;Strategy Management;Service Analysis;Service Quality and Performance Analysis;Service Quality Improvement Analyzing;619;Service Quality Improvement Analyzing provides an analyzing function to provide conclusions to relevant areas to make quality improvement proposals.;2827
Service Domain;Assurance;Service Problem Management;Service Problem Repository Management;Service Problem Tracking & Management;615;Service Problem Tracking & Management functions provides necessary functionality to assure that service problems are assigned, coordinated, and restored efficiently, escalating as needed.;2830
Service Domain;Assurance;Service Problem Management;Service Problem Resolution;Service Assurance Control Calculation;979;Service Assurance Control Calculation calculates corrective actions to prevent or restore performance and quality. The calculations are rule based and takes the services dynamics into account to perform a closed loop control to hold the performance and quality at a decided level.;2833
Service Domain;Assurance;Service Problem Management;Service Problem Resolution;Service Assurance Trouble Mitigation;980;Service Assurance Trouble Mitigation have autonomic rules to minimize the lack of service by doing mitigation action e.g. restart or re-routing etc. to mitigate the negative impact for the customer from a service problem or fall-out.;2834
Service Domain;Assurance;Service Quality and Performance Management;Service Quality and Performance Repository Management;Service Problem Monitoring Model Data Integration;955;Establishment of data sources for monitoring of customer contracts, service definitions (KQIs, SLOs etc.) or changes in the service topology the function establishes the data the models needs for monitoring of services with respect to problems.;2839
Service Domain;Business Value Development;Service Specification Development;Service Specification Design;Service Task Item Policy Control Configuration;995;Define and configure the policies which will be implemented during the Service task item lifecycle.;2840
Service Domain;Assurance;Service Quality and Performance Management;Service Quality and Performance Repository Management;Service Problem Messages Monitoring;982;Service Problem Messages Monitoring is responsible for collecting status messages for further correlation and comparison to the topology and service monitoring model.;2841
Service Domain;Business Value Development;Service Quality and Performance Development;Service Quality Development;Service Quality Indicator Development (Deleted);623;Service Quality Indicator Development provides establishment of KQIs and SLOs specifications and the rules and policies connected to them.;2842
Service Domain;Assurance;Service Quality and Performance Management;Service Quality and Performance Repository Management;Service Problem Correction Reporting;984;Service Problem Correction Reporting and notification of correction status to applications and personnel responsible for problem mitigation of the services and resources.;2843
Service Domain;Fulfillment;Service Configuration & Activation;Service Activation;Mass Service Pre-activation;342;Mass Service Pre-activation of services to prepare for a swift activation at sales. E.g sub-sequent affiliate sales.;2845
Service Domain;Operations Readiness & Support;Service Management;Service Repository Management;Service Topology Discovery;1344;Service Topology Discovery function provides the required capability to discover how resources (e.g. network) are related to each other in providing a service.;2847
Service Domain;Operations Readiness & Support;Service Management;Service Repository Management;Service Repository Updating;593;Service Repository Updating updates information in the service inventory according to the configuration of specific services.;2849
Service Domain;Strategy Management;Service Analysis;Service Quality and Performance Analysis;Service Assurance Deviation Monitoring;978;Service Assurance Deviation Monitoring analyzes the monitoring information to identify deviations from set values for performance and quality indicators. Service availability deviations are also detected.;2850
Service Domain;Assurance;Service Problem Management;Service Problem Repository Management;Service Problem Automatic Correction;612;"Service Problem Automatic Correction functions provide the necessary maintenance functionality to automatically resolve service problems back to a normal operational state or mitigation of the service problems.
This involve automated restoration activities.";2851
Service Domain;Strategy Management;Service Analysis;Service Quality and Performance Analysis;Service Problem to Topology Correlation;1068;Service Problem to Topology Correlation provides correlation of collected service problem status messages to service topology and comparing them to the established service monitoring model.;2852
Service Domain;Strategy Management;Service Analysis;Service Quality and Performance Analysis;Service Quality Trend Analyzing;634;Service Quality Trend Analyzing provides service quality evaluation of the trends over time.;2853
Service Domain;Fulfillment;Service Order Management;Service Availability;Service Availability Validation;586;Service Availability Validation function validates that the service or services specified on the service order are available at the specified customer/service location and feasible from a network point of view.;3057
Service Domain;Operations Readiness & Support;Service Management;Service Repository Management;Service Instance Lifecycle Management;965;"Service Instance Lifecycle Management function will control the starting of new instances and closing of instances of a service as well as other activity states of the service instances. 
Software based Services performance and availability may be controlled by managing multiple instances of the service with multiple states of activity.";3286
Service Domain;Operations Readiness & Support;Service Management;Service Impact Assessment;Service Impact Identification;1139;"Service Impact Identification Function enables the calculation of the impact of a resource event or set of events, depending on severity and risk level evaluation rules.

The resource event can be: 

	a resource trouble or a resource trouble ticket
	an alarm on the resource
	a work planned on the resource (Resource Order issued from a Delivery process, from infrastructure operations, from problem management) or a Project concerning the resource

The nature and the estimated duration of the event can be used for the impact analysis. 

Different types of evaluation rules can be defined, for example:

	rules based on the volume of the impact (example: number of installed services using an installed resource)
	rules based on the related service level agreement (example: a unique installed service can be impacted but with a very high SLA)


This function provides functionality to:

	identify impacted elements: makes the link between the impacted installed resource and directly or indirectly impacted installed services and installed products (example: an access trouble impacts services supported by the access)
	determine the level, severity and the risk level of the impact.
";3287
Service Domain;Assurance;Service Quality and Performance Management;Service Quality and Performance Repository Management;Service Performance Data Collection;603;Service Performance Data Collection collects Service Performance Data from the Resource Management functions related to a specific Service (or directly in the absence of Resource Performance Management function) and Collection of Service Performance data from the end-to-end tests done by the service test functions internally or from external Service Test applications. Includes archiving.;3300
Service Domain;Assurance;Service Problem Management;Service Problem Policy Management;Service Problem Resolution Design;1144;"Service Problem Resolution Design Function defines resolution actions according to diagnostic results. It includes:

	Definition of the logic of interpretation of the results of these diagnostic actions, to identify resolution actions. These resolution actions can be temporary or palliative, to quickly stop the trouble, and followed by other actions which will definitely treat the trouble cause. 

   - Example: to immediately solve an internet access break, we can provide the customer with a specific equipment which permits wireless connection on 3G/4G network so he can wait for its internet access repair. 

	Definition of notification action, depending on the trouble or the trouble cause identified, for example display a message on the CSP web site, or broadcast a vocal message on IVR in case of collective trouble.


	Definition of lead action, mainly the need or not to initialize Product Trouble Tickets for all the installed product concerned by the service trouble.
";3302
Service Domain;Assurance;Service Quality and Performance Management;Service Quality and Performance Supervision;Service Performance Monitoring;605;Service Performance Monitoring provides monitoring of service performance data including notification and accumulation for e.g. Service Performance Dashboard.;3304
Service Domain;Strategy Management;Service Analysis;Service Quality and Performance Analysis;Service Root Problem Analyzing;608;Service Root Problem Analyzing provides analysis of customer's present and past problem information by correlation and consolidation of the various customer problems and resource troubles into a single root service problem.;3319
Service Domain;Business Value Development;Service Specification Development;Service Specification Design;Service Specification Repository Management;1081;"Service Specification Repository Management is able to create, modify and delete Service Specification and related entities such as Service Usage Specification.
This includes the ability to manage the state of an entity during its lifecycle (e.g. planned, deployed, in operation, replaced by, locked).
It includes Service Specifications retrieval, integrity rules check and versioning management.
It also provides Product Specification and Offering views adapted to the different roles.";3334
Service Domain;Assurance;Service Problem Management;Service Problem Policy Management;Service Problem Diagnostic Design;1143;"Service Problem Diagnose Design Function defines diagnostic actions to identify the service problem cause. It includes:

	Diagnostic actions and rules to identify the service trouble

   - For example: simple Service test or Service test scenario, inventories consultation to identify installed service and associated installed resources, test historic consultation, etc.

	Diagnostic actions and rules to identify the service trouble cause(s) and the possible root cause

   - For example: Plan workforce intervention to check an equipment, launch test scenario, query QoS historic, followed by service test launch if the installed service has a decreasing QoS, query service usage historic, service platforms logs, equipments logs, anomaly historic, etc.";3407
Service Domain;Assurance;Service Quality and Performance Management;Service Quality and Performance Repository Management;Service Performance Reporting;606;"Service Performance Reporting provides the necessary functionality required to generate reports about the performance of the service provider's services. 
These reports may be generated as part of the normal periodic operations (""scheduled""), or may be as a result of a specific analysis request (""in-demand"").  Report types include near real time, historical view, and trend analysis.
Relevant performance reports are also provided to service/network planning to perform network updates.";3408
Service Domain;Strategy Management;Service Strategy Management;Service Strategy Design and Planning;Service Strategy Planning;1198;Service Strategy Planning Function supports a high level planning of the strategy implementation. This high level plan contains for example the choice of technology with selected options (VHBB with FTTH or RFOG or both), the site management strategy, the selection of partners to provide contents. The strategy planning can take into account constraints (like legal constraints or the need of a validation by authorities) and notify other companies, local authorities or governments of the chosen strategy.;3652
Service Domain;Capability Management;Service Capability Management;Service Test Resource Check;Service Test Operation Control;625;Service Test Operation Control function provides the necessary functionality to access, command and control the various service test devices required to perform service testing.;3659
Service Domain;Business Value Development;Service Quality and Performance Development;Service Performance Development;Service Problem Monitoring Model Definition;952;Service Problem Monitoring Model Definition designs the service problem monitoring model and its dependencies.;3664
Service Domain;Business Value Development;Service Specification Development;Service Specification Design;Service Specification Change Auditing;1080;"Service Specification Change Auditing manages the implications of Service Specifications changes to determine the consequences of any given change. Customer Facing Service Specifications (CFSSpec) changes may impact other CFSSpec according to relationships and also Product Specification that restrict it. Resources Facing Service Specification (RFSSpec) may impact other RFSSpecs according to relationships and / or CFSSpecs it realizes.
The function logs Service Specifications changes and supports the analysis of relationships between Service Specifications. 
In addition, it tracks the history of changes in an easy and accessible manner.";3670
Service Domain;Business Value Development;Service Test Specification Development;Service Test Policy Management;Service Test Specification and Scenario Management;1136;"Service Test Specification and Scenario Management Function includes:

	Test scenario management: for example, a home equipment self-test can trigger a test scenario that verifies the functioning of all the services associated, depending on the installed products of the user. Thus, the box could test its internal configuration and functioning and its capacity to connect to internet and VoIP services.
	Managing service test capabilities: some resources used to implement services have limited capabilities for executing tests, especially for multiple parallel testing. All the constraints linked to limited resources test capabilities and depending on the execution context must be aggregated and managed at service test level.
	Managing initiator authorization: some tests are restricted to some user roles (internal or external) so the authorization are defined at the Service Test Strategy and Policy Management.
";3676
Service Domain;Business Value Development;Service Test Specification Development;Service Test Policy Management;Service Test Result Analysis Policy Configuration;566;"Service Test Result Analysis Policy Configuration functions provide the necessary functionality to manage how the test results should be interpreted.
Strategies can range from simple (e.g. - check the status of a router) to complex (e.g. - perform an end-to-end test on a circuit and sectionalize the problem).";3679
Service Domain;Business Value Development;Service Test Specification Development;Service Test Policy Management;Service Testing Rules Management;573;Service Testing Rules Management provides management of service testing rules.;3680
Service Domain;Operations Readiness & Support;Service Management;Service Repository Management;Service Data Retrieval;576;Service Data Retrieval provides retrieval of appropriate inventory data for example in the context of service end to end testing.;3684
Service Domain;Operations Readiness & Support;Service Management;Service Repository Management;Onboarded Service Integration Configuration;964;Onboarded Service Integration Configuration function will configure the on boarded service and the relevant systems to establish integration automatically, when requested. There are several system services in the infrastructure that needs to be aware and integrated with the new service.;3685
Service Domain;Operations Readiness & Support;Service Management;Service Audit;Customer Facing Service and Network Equipment Comparison;1214;The Customer Facing Service and Network Equipment Comparison Function  compares Customer Facing Service configuration with the Service configuration on the Network Equipment.;3688
Service Domain;Operations Readiness & Support;Service Test Management;Service Test Conducting;Automated Service Test Invocation;581;Automated Service Test Invocation provides automated invocation of Service Test Services for test and retrieval of results from the resource testing capabilities.;3695
Service Domain;Assurance;Service Problem Management;Service Trouble Analysis;Service Problem Diagnose Supporting;1145;"Service Problem Diagnose Supporting Function supports the service trouble cause identification via diagnostic actions (Test, inventories and historics consultation, Workforce Intervention) and interpretation rules of their results.
The identification of the service trouble cause can be made through:

	Analysis of associated Service Trouble Ticket Information (first diagnostic)
	Analysis of Service alarm events (fault of performance data)
	Issuing service tests, including one time tests or a series of tests over a period of time
	Analysis of previous service test results, service usage historic, QoS historic, service platform logs, equipment logs, anomaly historics, etc.
";3698
Service Domain;Assurance;Service Problem Management;Service Trouble Tracking and Business Value Development;Service Trouble Grouping;1148;Service Trouble Grouping Function is in charge of grouping Service Troubles with the same Trouble Cause and of grouping the related Service Trouble Tickets (for example: in case of a collective disturbance).;3700
Service Domain;Strategy Management;Service Strategy Management;Service Strategy Design and Planning;Service Strategy Design;1197;"Service Strategy Design Function supports Service Strategy Design. It helps taking into account a list of inputs to determine the need to implement new services, to modify or replace existing services or to stop them. As inputs, the function can use the following information:

	The existing context of the company with available services and resources (network, PFS)
	The data produced by the Service Usage Analysis function
	The performance, quality and test results of existing services or in test services (like POC to test new services in run)
	The new services and underlying technologies that are developed in the industry (following services trend, new generation of network, competitors...) and evaluation of the appeal for these new solutions including information provided by the Offer and Product Strategy function
	Marketing constraints concerning the date of opening for new service
	The cost of the existing and new services and technologies with benefit evaluation
	The possibility or the obligation to provide the services to third parties
	The resource strategy defined in a bottom up process (techno-push).


Following the definition of the service strategy, and after the definition of the resource strategy and the resource design, the Service Strategy Design updates the service design by requesting the modifications (creating, updating, deleting) of the service specifications to the service catalog and thus the evolution of the know-how.";3809
Service Domain;Strategy Management;Service Analysis;Service Quality and Performance Analysis;Service Performance Root Cause Analyzing;601;Service Performance Root Cause Analyzing provides support for analyzing of performance data received from Service Performance Monitoring, considering service topology to support determining the root causes of service performance degradations.;3811
Service Domain;Strategy Management;Service Analysis;Service Quality and Performance Analysis;Service Performance Event Correlation;604;Service Performance Event Correlation maps the performance data to service topology and identifies service related performance problems, event filtering included.;3812
Service Domain;Business Value Development;Service Specification Development;Service Specification Design;Technical Solution Design;1085;"Technical Solution Design provides the means to describe Resource Facing Service Specifications (a.k.a. RFSSpec) including constraints, characteristics and types of usages.
It also identifies Resource Specifications used for each Technical Solution Specification (a.k.a. RFSSpec).";3815
Service Domain;Business Value Development;Service Specification Development;Service Specification Design;Know-How Specification Design;1084;"Know-How Specification Design provides the means to describe the Customer Facing Service Specifications including constraints, characteristics and types of usages.
It also identifies Technical Solutions usable for the Kow-How and rules to find the Technical Solution.";3816
Service Domain;Business Value Development;Service Test Specification Development;Service Test Policy Management;Service End to End Test Scheduling;577;Service End to End Test Scheduling provides scheduling of end to end testing of services.;3817
Service Domain;Business Value Development;Service Test Specification Development;Service Test Policy Management;Service Test Reporting Rules Management;1138;"Service Test Reporting Rules Management Function includes:

	Test rules defining the enrichment of test results. 

  -   For example: enrichment of internet bandwidth measure based on installed product

	Test rules defining the restitution of the result depending on test execution context

   -   For example: a test result of ok/not ok can be enough for a user whereas customer care requires more details in the result of the test.";3818
Service Domain;Operations Readiness & Support;Service Management;Service Repository Management;Service to Resource Relationship Management;628;Service to Resource Relationship Management provides Creation, Update and Deletion of the relations of stand-alone physical or logical resources whose assignment is critical to service's fulfillment, and whose tracking is critical to service operations, assurance, and billing, as well as, resources, which represent a larger resource structure supporting the service, often referred to as an Access Point.;3820
Service Domain;Operations Readiness & Support;Service Test Management;Service Test Conducting;Manual Service Test Invocation;582;Manual Service Test Invocation provides a user interface (GUI) function that provides the means to access the testing capabilities.;3823
Service Domain;Fulfillment;Service Configuration & Activation;Service Activation;Service Configuration Activation;585;Service Configuration Activation implements and activates the specific service configuration against the service configuration plan (including activation of CPE if part of the service).;3825
Service Domain;Fulfillment;Service Order Management;Service Availability;Technical Solution Cost Calculation;1233;The Technical Solution Cost Calculation Function enables the cost calculation of the technical solution identified, when it cannot be determined at catalog design time (complex B2B services). This information will be used as an input to price calculation.;3829
Service Domain;Fulfillment;Service Order Management;Service Order Initialization;Internal Service Order Initialization;1220;The Internal Service Order Initialization Function permit to initialize Customer Facing Service Orders (a.k.a. CFS Orders) for operator internal needs, for example to change (part of) a technical solution and migrate operational Installed CFS on the new solution elements (ex: VOIP H323 -> VOIP SIP).;3830
Service Domain;Fulfillment;Service Order Management;Service Order Orchestration;Service Order Transfer Supervision;596;Oversees the transfer of Service Order Requests to appropriate resource providers.;3832
Service Domain;Fulfillment;Service Order Management;Service Technical Solution Identification;Service Termination Points Determining;632;Service Termination Points Determining determines the termination points i.e. the appropriate service provider entry point to support the Customer's service request.;3833
Service Domain;Assurance;Service Problem Management;Service Problem Repository Management;Service Problem Receiving;613;Service Problem Receiving functions provide appropriate functionality to receive customer problems (manually or automated) that are perceived to be service affecting as well as resource troubles (faults).;3834
Service Domain;Assurance;Service Problem Management;Service Problem Repository Management;Service Problem Reporting;614;Service Problem Reporting functions provide the necessary functionality to report on the status of open service problems. This includes operational reports, management reports, reports against various metrics, as well as information needed by other BSS or OSSes.;3835
Service Domain;Assurance;Service Problem Management;Service Problem Resolution;Service Problem Manual Correction Support;1067;"Service Problem Manual Correction Support functions provide the functionality of dispatching of field technicians for manual restoration activities to resolve the service problem back to a normal operational state as efficiently as possible.
This may involve reconfiguration, re-assignments, or temporary work-arounds";3836
Service Domain;Assurance;Service Quality and Performance Management;Service Quality and Performance Repository Management;Service Quality Data Sources Establishing;622;Service Quality Data Sources Establishing provides definition and establishment of data sources for monitoring of input from customer contracts or service definitions.;3838
Service Domain;Strategy Management;Service Strategy Management;Service Strategy Design and Planning;Service Test Strategy Management;627;Service Test Strategy Management functions provide the necessary functionality to manage the local rules that define the strategies for conducting a test as well as how the test results should be interpreted.;3983
Service Domain;Strategy Management;Service Analysis;Service Diagnostic and Test Relevance Quality Loop;Service Diagnostic and Test Improvement;1190;"Service Diagnostic and Test Improvement Function identifies:

	improvements of diagnostic rules and correction actions used to be updated in the Service Problem Policy Management function 
	and improvements of test definitions used to be updated in the Service Test Policy Management function.
";3984
Service Domain;Strategy Management;Service Analysis;Service Quality and Performance Analysis;Service Performance Data Analyzing;572;"Service Performance Data Analyzing function provides the necessary functionality to analyze the performance of the various service provider's services. This includes: 

	Analyzing performance data received from Service Performance Monitoring
	Notify operations functions for automatic or manual action in case of alarming analysis results
	Provide recommendations for performance improvements and trend analysis.
";3985
Service Domain;Capability Management;Service Capability Management;Service Deployment and Retirement;Service Deployment Constraint Management;1152;Service Deployment Constraint Management Function is responsible to manage constraints (like legal constraints or the need of a validation by authorities) and notify other companies, local authorities or governments of the effective deployment or retirement of a service.;3986
Service Domain;Business Value Development;Service Quality and Performance Development;Service Performance Development;Service Problem Monitoring Model Establishing;953;Service Problem Monitoring Model Establishing function provides establishment of models to derive, identify and mitigate Service Problems.;3988
Service Domain;Business Value Development;Service Quality and Performance Development;Service Quality Development;Service Quality Model Definition;621;Service Quality Model Definition function defines the service quality model and its dependencies. It includes KQIs and SLOs specifications establishment.;3989
Service Domain;Business Value Development;Service Specification Development;Service Specification Design;Service Specification to Supplier Product Specification Relationship Design;1086;Service Specification to Supplier Product Specification Relationship Design identifies, when know-how, technical solutions or part of it are not realized by the CSP, the Supplier Product Specification used to implement and corresponding rules.;3990
Service Domain;Business Value Development;Service Specification Development;Technical Solution Policy Management;Technical Solution Policy Design;1135;"The Technical Solution Policy Management Function enables to define, and to check consistency of, potentially complex rules to automate the choice of the technical solution (CFS Spec) for a know-how (RFS Spec) or parts of the technical solution.

Criteria can be of various nature and combined:

	geographical
	depending on the chosen characteristics values of the know-how
	depending on other products / know-hows of the customer installed or ordered
	depending on the current state of Service Platforms, Network equipment (occupation rate, load balancing, etc )
	depending on Supplier/Partner contracts (volume discounts, etc)
	etc.
";3991
Service Domain;Business Value Development;Service Test Specification Development;Service Test Policy Management;Service Test Rules Management;1137;"Service Test Rules Management Function includes:

	Test rules defining the strategies for setting up test configuration
	Test rules defining how to carrying out the service test.

  - For example: to choose the next test in a scenario depending on the results of the previous tests.";3992
Service Domain;Operations Readiness & Support;Service Management;Service Repository Management;Service-Resource Relationship Management Notifications;630;Notification of Service-Resource Relationship Management actions to relevant stakeholders.;3993
Service Domain;Operations Readiness & Support;Service Management;Service Impact Assessment;Service Impact Resolution Management;1140;"Service Impact Resolution Management Function provides functionality to:

	help to plan the execution in appropriate time slot, when customer agreement is required and/or to comply with SLA
	make sure that the means to process the impact are correctly identified, affected and overseen
	get back the necessary information to be able to notify the concerned customers.
";3994
Service Domain;Operations Readiness & Support;Service Management;Service Reconciliation;Automatic Service Reconciliation;1215;"The Automatic Service Reconciliation Function directly applies, rules to treat gaps between the installed Service Repository and the current state of installed Services on Service Platforms or equipment, identified by the Service Audit. 
These rules describe in which cases it is necessary to update the Service Repository, via the Service Repository Management, or to update the Service Platform itself (ex: Mobile Line and Voice Mail) through specific operations comparable to delivery ones.";3995
Service Domain;Operations Readiness & Support;Service Test Management;Service Test Analysis;Service Problem Test Analyzing;607;Service Problem Test Analyzing provides an analysis function for analysis of service problem test results.;3996
Service Domain;Operations Readiness & Support;Service Test Management;Service Test Conducting;Service End to End Testing;579;Service End to End Testing provides test execution of the end to end service testing.;3997
Service Domain;Operations Readiness & Support;Service Test Management;Service Test Reporting;Service Test Results Reporting;575;Service Test Results Reporting provides reporting of service end to end test results back to the client.;3998
Service Domain;Operations Readiness & Support;Service Test Management;Service Test Repository Management;Service Testing Management;626;"Service Testing Management functions provides the necessary functionality to manage the end-to-end lifecycle of a test of a service.
Including the management of scheduling, retrieval of appropriate inventory data, setting up the test configuration, acquisition and management of test resources, test results interpretation, reporting of test results and close down of the test of the service.";3999
Service Domain;Fulfillment;Service Configuration & Activation;Service Configuration;Solution Services Design Management;570;"Solution Services Design Management function supports the end to end service design. It applies engineering rules to determine required network facilities, equipment configurations and the method and access path to the customer site or location of service termination. 
This function also establishes and manages the detailed design tasks required to issue the work orders.";4000
Service Domain;Fulfillment;Service Order Management;Service Order Delivery Preparation;Service Order Decomposition;733;"The Service Order Decomposition Function allows in the context of a Service Order to prepare Resource Order, Service Order which will be delegated to another system, Supplier Order, Stock Item Order or Work Order with the necessary information (the effective update in the order repositories will be supported by the corresponding Order Repository Management functions).

In the case of a Service associated with an existing Internal Resource Type, this function also allows to: 
- check if a corresponding Installed Resource is operational in the resource installed base, and determine the operation to be performed at Resource level (creation or modification)
- eventually group in the same Resource order several ordered services, based on the same Customer Facing Service Specification (a.k.a. CFS specification), and/or identified to be delivered at the same time by the Service Order Delivery Orchestration.";4001
Service Domain;Fulfillment;Service Order Management;Service Availability;Service Feasibility Checking;319;Service Feasibility Checking provides checking based on the customer service location. Service feasibility checks are done to assure the offering can actually be provided to the customer. This implies that the customer location is clearly established. Service feasibility checks are conducted via contract with the Service Order Management function.;4002
Service Domain;Fulfillment;Service Order Management;Service Order Completion;Service Order Validation;600;The Service Order Validation function validates the service order request based on contract, catalog, and provisioning rules.;4003
Service Domain;Fulfillment;Service Order Management;Service Order Initialization;Service Order Initiation;1061;"Service Order Initiation function issues valid and complete service orders.
As part of order issuing/publication, additional data might be obtained or derived to support downstream functions that are not provided in the service order request.";4004
Service Domain;Fulfillment;Service Order Management;Service Order Repository Management;Activation Notification;583;Activation Notification function provides notifications on successful activation and, in cases of exceptions, sends fallouts to Service Order Orchestration and manages rollbacks activities (if applicable).;4005
Service Domain;Fulfillment;Service Order Management;Service Order Orchestration;Service Activation Planning;584;Service Activation Planning provides planning of service activation to access, plan and gather additional information for service activation.;4006
Service Domain;Fulfillment;Service Order Management;Installed Resources Identification;Installed Resources Identification;1141;"Installed Resources Identification Function identifies the installed resources to update, as part of the chosen technical solution, to deliver the ordered service (CFS).
This information enrich the CFS order and the CFS.

This choice is based on service catalogue rules (between RFS specification and Resources specification) and it can be necessary to check the installed resources availability, occupancy, etc. via the Resource Availability function.

Cloud example: In case of a cloud service, the Service Order Delivery process only identifies the equipment in charge of the management of the cloud infrastructure and it will be informed of the ordered service characteristics. Depending on its own rules, the cloud infrastructure manager will decide or not to immediately allocate and configure all or part of the required resources.
So the first usage request of the cloud service can trigger the effective choice and configuration of the necessary resources and these resources can change between usages. In this case the end of the delivery process is assumed by the manager of the cloud infrastructure. 

Note: This function is globally a part of the technical solution identification.";4007
Service Domain;Fulfillment;Service Order Management;Service Technical Solution Identification;Access Provider Selection;735;Access Provider Selection function selects an access provider among identified available access providers or access technologies at the given location, based on business rules.;4008
Service Domain;Assurance;Service Problem Management;Service Problem Repository Management;Service Problem Configuration Verification;611;Supports function for Verification that service configuration matches the product features.;4009
Service Domain;Assurance;Service Problem Management;Service Problem Resolution;Service Problem Prioritization;610;Prioritization of currently open service problems, giving consideration to problem impact, service level agreement, etc. The function will send notifications to operations applications for manual or automatic mitigation or correction.;4010
Service Domain;Assurance;Service Problem Management;Service Problem Policy Management;Service Problem Types and Rules Design;1142;"Service Problem Types and Rules Design Function allows to manage the service problem typology describing all the types of known troubles related to a service type.
It is also possible to define rules to manage Service Trouble Tickets and Service Trouble priorities, depending on SLA products subscribed (or assigned by regulatory authorities, to hospitals, strategic installations, etc.).";4011
Service Domain;Assurance;Service Problem Management;Service Trouble Analysis;Service Problem Resolution;1146;Service Problem Resolution Function supports the identification of the necessary resolution actions, or the best identified solution, to realize to solve the problem.;4012
Service Domain;Assurance;Service Problem Management;Service Trouble Tracking and Business Value Development;Service Trouble Lifecycle Management;1147;"Service Trouble Lifecycle Management Function tracks and manages the events and the lifecycle related to the Service Trouble (for example when the resolution is ended), and assures that service troubles are assigned, coordinated, efficiently solved, and escalating as needed.

It manages Service Trouble closure according to business rules:

	the service trouble can be closed as soon as a palliative action has been done and the user retrieved a not degraded use, and at least one Resource Trouble Ticket is still ongoing
	or only when the trouble is definitely treated - all associated Resource Trouble Tickets are closed.
";4013
Service Domain;Assurance;Service Quality and Performance Management;Service Performance Management;Service Performance Planning;1345;"Service Performance Planning provides the necessary functionality to perform near term (hours/days) tactical service performance planning. This includes the means to model and explore various ""what if"" scenarios. The results may then lead to a near term network adjustment (e.g. - reroute of traffic).";4014
Service Domain;Assurance;Service Quality and Performance Management;Service Quality and Performance Repository Management;Service Quality Collection & Monitoring;620;Service Quality Collection & Monitoring collects service quality related information from established sources, including service performance management, service problem management, third parties, and customers. Collected data is logged for further analysis and monitored for direct notification in case of significant quality deviation.;4015
Service Domain;Assurance;Service Quality and Performance Management;Service Quality and Performance Supervision;Service Problem SLA Monitoring;983;Service Problem SLA Monitoring function compares the service problem status', severity and lapse of time against established service level agreements.;4016
Service Domain;Billing;Service Usage Management;Service Usage Guiding;Service Usage Identification;1149;Service Usage Identification Function ensures resource usage records aggregation (consolidation).;4017
Service Domain;Capability Management;Service Capability Management;Service Test Resource Check;Service Test Resources Availability Management;574;Service Test Resources Availability Management manage that end to end test resources and test heads are available including acquisition of test resources.;4103
Service Domain;Fulfillment;Service Configuration & Activation;Service Activation;Service Activation;341;Service Activation function for services/products sold by affiliates.;4104
Service Domain;Operations Readiness & Support;Service Management;Service Audit;Customer Facing Service and Service Platforms Comparison;1213;The Customer Facing Service and Service Platforms Comparison Function compares Customer Facing Service configuration with the Service configuration on the Service platform.;4105
Service Domain;Operations Readiness & Support;Service Management;Service Delivery Management;Service Delivery Control;1311;Service Delivery Control function enables control over the delivery of a service instance.  Control could be actions, such as start/stop/rewind/pause/restart-from-last-position, or changes to QoS, such as changing bandwidth, starting encryption, etc.;4106
Service Domain;Operations Readiness & Support;Service Management;Service Usage Analysis;Service Usage Forecast;1192;Service Usage Forecast Function calculates Service Usage forecast between operators according to Service Usage Analysis.;4111
Resource Domain;Business Value Development;Supply Chain Development;Stock Item Management;Stock Item Correlation Definition;1222;The Stock Item Correlation Definition Function enables specifying correlation between Stock Item and Resources as well as correlation between Stock Item and Product Configuration.;2020
Resource Domain;Fulfillment;Resource Order Management;Resource Order Initialization;Internal Resource Order Initialization;1224;The Internal Resource Order Initialization Function permit to initialize Resource Orders for operator internal needs.;2022
Resource Domain;Assurance;Resource Trouble Management;Resource Trouble Repository Management;Resource Trouble Grouping;1225;"The Resource Trouble Grouping Function groups Resource Troubles with the same trouble cause (for example: in case of power failure).
It correlates also Resource Trouble Ticket, if needed: when Resource Troubles with the same cause are grouped, the associated Resource Trouble Tickets must also be grouped.";2024
Resource Domain;Assurance;Resource Trouble Management;Resource Trouble Repository Management;Resource Trouble Lifecycle Management;1226;"Resource Trouble Lifecycle Management Function tracks and manages the events and the lifecycle related to the Resource Trouble (for example when the resolution is ended) and Trouble Ticket.
Note: palliative actions at Resource Trouble level can be enough to close the associated Service Trouble(s), even if final actions have to be planned and executed before the closure of the Resource Trouble itself.";2025
Resource Domain;Assurance;Resource Trouble Management;Resource Trouble Ticket Management;Resource Trouble Assignment Coordination;1227;The Resource Trouble Assignment Coordination Function assures that resource troubles are assigned, coordinated, restored efficiently, and escalating as needed.;2026
Resource Domain;Strategy Management;Resource Strategic Analysis;Resource Diagnostic and Test Quality Loop;Resource Diagnostic and Test Analysis;1155;"Resource Diagnostic and Test Analysis Function includes:

	Management of success/failure result feedback of diagnostic and correction provided by technicians or the systems after a correction
	Offline analysis of the success/failure data compared to the diagnostic and correction rules to provide modifications to improve them. This analysis is done using statistical diagnostic data and test results to evaluate their relevance and the needed updates.
";2044
Resource Domain;Operations Readiness & Support;Resource Management;Resource Mediation;Resource Data Pattern Recognition;466;Resource Data Pattern Recognition provides resource fault and performance data pattern recognition.;2048
Resource Domain;Capability Management;Network Development;Network Planning and Building;Network Planning Handoff Support;1264;Network Planning Handoff Support function provides the support for the handoff and management of approved network plans from Planning to Engineering for implementation.;2057
Resource Domain;Capability Management;Network Development;Network Planning and Building;Network Space and Power Management;1265;Network Space and Power Management function is responsible for managing supporting infrastructure in the form of floor space, equipment power, and Heating Ventilation and Air Conditioning (HVAC) supporting network build activities.;2058
Resource Domain;Capability Management;Network Development;Network Access Management;Network Access Planning;1267;Network Access Planning function aims to reduce a service provider's access charges from third party providers. It designs and maintains an optimal access network by performing economic analysis of various connectivity options to determine the least cost impact to access expense and capital spending.;2061
Resource Domain;Capability Management;Network Development;Network Change Management;Network Change Lifecycle Tracking;1284;Network Change Lifecycle Tracking function enables monitoring and tracking the progress of network changes through their lifecycle;2063
Resource Domain;Capability Management;Network Development;Network Change Management;Network Change Information Management;1285;Network Change Information Management function enables recording and providing information about planned, current and historical changes to the communications network.;2064
Resource Domain;Assurance;Network Performance Management;Network Capacity Management;Network Capacity Planning;1269;Network Capacity Planning function is responsible for directing the deployment, use and capacity of network inventory in the 0-12 month timeframe to ensure the right technology is efficiently deployed and positioned to meet the service delivery needs of the market, while minimizing capital and expense.;2065
Resource Domain;Assurance;Network Performance Management;Network Capacity Management;Network Capacity Tuning;1270;Network Capacity Tuning function adjusts allocation of resources in response to Network Capacity Planning.  It also  triggers activation of components to meet the current demand.;2066
Resource Domain;Capability Management;Network Development;Network Change Management;Network Change Verification and Closure;1287;Network Change Verification and Closure function supports verifying that network changes have been completed and for closing the network change cases appropriately.;2077
Resource Domain;Capability Management;Network Development;Network Change Management;Network Change Reporting;1288;Network Change Reporting function supports reporting on the status of open and completed changes  to the communications network.;2078
Resource Domain;Fulfillment;Resource Provisioning;Resource Provisioning Design;Resource Provisioning Physical Design;1351;Resource Provisioning Physical Design function supports the design of layer 1 (per the OSI (Open Systems Interconnection) stack) of the service provider network in order to prepare for implementing a resource-based solution for either a standard service (for implementation of product specifications) or custom (for customer-specific services).;2082
Resource Domain;Assurance;Network Performance Management;Network Traffic Management;Network Traffic Control;1290;Network Traffic Control  function supports triggering actions to address network traffic problems, whether these actions involve changing traffic routing, changing network element configurations, requesting dispatches, or blocking traffic sources deemed to be causing problems.;2083
Resource Domain;Assurance;Resource Trouble Management;Resource Trouble Ticket Management;Resource Problem Reception;1347;Resource Problem Reception function receives reports or alerts of problems that are perceived to be either resource-caused or resource-affecting, and is responsible for executing policy to initiate Trouble Tickets where appropriate.;2137
Resource Domain;Assurance;Resource Trouble Management;Resource Trouble Ticket Management;Resource Problem Tracking and Management;1348;Resource Problem Tracking and Management function monitors resource problem diagnostic and resolution efforts and ensures that resource problems are remedied as efficiently as possible (including escalation).;2138
Resource Domain;Fulfillment;Resource Provisioning;Resource Provisioning Monitoring;Resource Deployment;1244;Resource Deployment moves resources to the locations (physical or logical) where they can be put to use.;2140
Resource Domain;Operations Readiness & Support;Resource Management;World Simulator;Visual Rendering;1402;"This function generates the visual representation of the simulation. It takes the current state of the simulation and produces an image or a series of images representing that state.
    - Input: Current state of the simulation.
    - Output: Visual representation of the simulation.";2188
Resource Domain;Operations Readiness & Support;Resource Management;World Simulator;Simulation Event Management;1403;"Simulation Event Management function manages the events within the simulation. It schedules and executes events based on their timing and priority.
    - Input: List of events to be executed, their timing, and priority.
    - Output: Updated state of the simulation after executing the events.";2189
Resource Domain;Operations Readiness & Support;Resource Management;World Simulator;Simulation Data Logger;1404;"Simulation Data Logger function logs the data generated during the simulation. It involve storing the state of the simulation at different time points.
    - Input: Data to be logged and the format in which it should be stored.
    - Output: Log files containing the simulation data.";2190
Resource Domain;Operations Readiness & Support;Resource Management;World Simulator;Simulation Data Analysis;1405;"Simulation Data Analysis function analyzes the data generated during the simulation. It calculates statistics, identifying simulation patterns, or make simulation predictions.     
- Input: Simulation data to be analyzed and the type of analysis to be performed.     
- Output: Results of the data analysis.";2191
Resource Domain;Operations Readiness & Support;Resource Management;World Simulator;Simulation User Interaction;1406;"Simulation User Interaction function handles the interaction between the user and the simulation. It can involve processing user inputs and updating the simulation accordingly.     
- Input: User inputs.     
- Output: Updated state of the simulation based on user inputs.";2192
Resource Domain;Operations Readiness & Support;Resource Test Management;Resource Test Conducting;Resource Test Operation Control;505;Resource Test Operation Control provides command and control of the various resource test devices or network elements required to perform resource testing.;2196
Resource Domain;Operations Readiness & Support;Resource Management;AI Model Manager;AI Model Cataloging;1411;"AI Model Cataloger is a function to organize and catalogs AI models for easy retrieval and use. It tags models with relevant metadata or categorizing them based on certain criteria.
    - Input: AI models and relevant metadata or categorization criteria.
    - Output: Catalog of AI models with relevant metadata or categories.";2197
Resource Domain;Operations Readiness & Support;Resource Management;World Simulator;Physics Simulator;1399;"Physical Simulator function provides computational constraints to represent the laws of physics or operations within the environment. It ensures that all operations (movements and interactions) comply with physical laws.
    - Input: Initial conditions, forces, and interactions to be simulated.
    - Output: Updated states of resources or objects after applying the laws of physics.";2200
Resource Domain;Operations Readiness & Support;Resource Management;World Simulator;Agent Management;1400;"Agent Management function manages the agents (independent entities) within the simulation. It can create, update, or delete agents.
    - Input: Instructions for creating, updating, or deleting agents.
    - Output: Updated state of the simulation with the changes in agents.";2201
Resource Domain;Assurance;Resource Performance Management;Resource Alarm Management;Alarm Correlation;420;Alarm Correlation includes Alarm de-duplication, Alarm auto-clearing, Alarm thresholding and Alarm Correlation that is alarm element and element topology aware for enrichment, filtering and consolidation of alarms.;2642
Resource Domain;Operations Readiness & Support;Resource Test Management;Resource Test Analysis;Resource End to End Test Results Analyzing;515;Resource End to End Test Results Analyzing provides resource end to end test results analysis.;2643
Resource Domain;Assurance;Resource Performance Management;Resource Alarm Repository Management;Network Fault Reporting;422;The Network Fault Reporting function provides the necessary functionality to provide reports about the various faults within the service provider's network, including the archival of these reports. This can include standard periodic operational reports as part of running the network to special reports requested by Root Cause Analysis.;2644
Resource Domain;Assurance;Resource Performance Management;Resource Alarm Repository Management;Fault Assurance Metrics Generation;423;"Fault Analytics &amp; Metrics Generation function collects necessary data to generate fault metrics to support various assurance metrics.";2645
Resource Domain;Assurance;Resource Performance Management;Resource Alarm Repository Management;Operational Status Monitoring;424;Operational Status Monitoring is responsible for displaying the operational status of resources in either a tabular or graphical representation or both. The function is responsible for collecting the status messages and correlating them to resource topology.;2646
Resource Domain;Fulfillment;Resource Order Management;Resource Order Orchestration;Resource Activation Orchestration;446;Resource Activation Orchestration functions includes Queuing and scheduling of activation requests, activation validation and rollback, managing of dependencies within, and across, network elements through rules, as well as multi-vendor and multi-technology activation.;2647
Resource Domain;Operations Readiness & Support;Resource Management;Resource Repository Management;Resource Topology Verification;456;Resource Topology Verification works with the Inventory Management functions to ensure that the topology reflected in its database is in sync with that in the Inventory Management Systems.;2648
Resource Domain;Assurance;Resource Performance Management;Resource Performance Supervision;Physical Infrastructure Shortfall Identification;427;"Identify Shortfalls in Physical Infrastructure Identifies shortfalls in infrastructure, such as building capacity, which may not be visible to central tactical planning users. This requires large amounts of data, potentially leading to a very expensive system solution. However, such systems are used locally for construction projects, so the system does not require a live view of the complete network. It is only necessary to administer a physical planning solution centrally to ensure data consistency; the data itself may be distributed to individual locations.";2649
Resource Domain;Strategy Management;Resource Strategy Management;Resource Strategy Design and Planning;Resource Demand Analyzing;524;Resource Demand Analyzing analyzes demand forecasts and utilization trends for the network architecture and capacity, together with the strategy for the deployment of network and IT technology within the architecture. It predominately supports processes in Strategy, Infrastructure and Product wing of the Business Process Framework.;2650
Resource Domain;Operations Readiness & Support;Resource Management;Location Management;Location Structure Data Configuration;433;Location Structure Data Configuration provides facilities for creating, modifying and deleting location structures data according to business rules of Service Providers or national and international location regulations. Also utilities for defining sets of location attributes, levels and hierarchies should be available.;2651
Resource Domain;Operations Readiness & Support;Resource Management;Location Management;Location Data Integrity Management;434;Location Data Integrity Management provides ability to maintain data integrity in the whole location repository. Its especially important if there are many external data sources that deliver new addresses for the repository.;2652
Resource Domain;Operations Readiness & Support;Resource Management;Regulated Logical Resources Management;Number Aging;436;Manages the aging of numbers before they can be re-assigned.;2655
Resource Domain;Operations Readiness & Support;Resource Management;Regulated Logical Resources Management;Number Assigning;437;Number Assigning manages the assignment of numbers for usage.;2656
Resource Domain;Operations Readiness & Support;Resource Management;Regulated Logical Resources Management;Number Searching;439;Number Searching provides the means to search the number inventory.;2657
Resource Domain;Operations Readiness & Support;Resource Management;Regulated Logical Resources Management;Number Tracking and Reporting;440;Provides functionality to track numbers and perform number reporting.;2658
Resource Domain;Operations Readiness & Support;Resource Management;Regulated Logical Resources Management;Number Portability Orchestration;743;Number Portability Orchestration is a communication mechanism that ensures the Resource Number orders activation according to a criteria set, allowing in this way the correct execution of orders.;2659
Resource Domain;Operations Readiness & Support;Resource Management;Regulated Logical Resources Management;Number Portability Risk & Effectiveness Management;744;Number Portability Risk & Effectiveness Management for determine of threats, risks and control of fulfillment, in order to comply with the execution of all Resource Number Portability orders.;2660
Resource Domain;Operations Readiness & Support;Resource Management;Regulated Logical Resources Management;Number Portability Validation;745;Number Portability Validation can perform calculations that determine whether the information received is reliable, safe and contains the minimum information required during implementation, enabling with this the Resource Number Portability orders rejection for those who do not comply with the defined criteria.;2661
Resource Domain;Operations Readiness & Support;Resource Management;Regulated Logical Resources Management;Number Acquisition;1062;Number Acquisition manages the capturing of numbers for the number inventory.;2662
Resource Domain;Strategy Management;Resource Strategy Management;Resource Strategy Design and Planning;Strategic Planning Results Storage;527;Strategic Planning Results Storage provides the strategic planning result to be stored in either strategic or tactical planning system, but data will need to exist in both to support interworking.;2663
Resource Domain;Operations Readiness & Support;Resource Management;Resource Repository Management;Resource Information Model Creation;468;Resource Information Model creation function allows Service Providers to create information base in the resource inventory of the managed resources along its attributes. This function uses the standardized information model (e.g. TM Forum Information Framework) for the resources to be managed. The specific details will depend on the particular resources (e.g., particular types of managed elements and equipment) and associated technologies.;2664
Resource Domain;Fulfillment;Resource Order Management;Resource Order Orchestration;Resource Change Project management;450;"Resource Change Project Coordination function for resource change project management including: 

	Support project management of build projects
	Coordinate project activities with the suppliers
	Provide the orchestration between planning duties and to manual network engineering activities
	Provide jeopardy management
	Engineering management (Work Orders, Parts and Event coordination).
";2668
Resource Domain;Operations Readiness & Support;Resource Management;Resource Availability Management;Resource Availability Checking;568;Resource Availability Checking determines facility and equipment availability needed for service designing/assigning. It checks appropriate network facility route(s) according to engineering rules.;2670
Resource Domain;Fulfillment;Resource Order Management;Resource Order Orchestration;Resource Commissioning;452;Resource Commissioning supports the commissioning process of a resource and ensuring that operational status' are configured.;2672
Resource Domain;Fulfillment;Resource Order Management;Resource Order Orchestration;Resource Configuration Verification;455;Resource Configuration Verification collaborates with other functions to ensure that the resource configuration matches the designed configuration.;2674
Resource Domain;Operations Readiness & Support;Resource Management;Resource Repository Management;Resource Repository Retrieval;470;"This function allows for client operations support (service assurance and billing systems) to retrieve part or all of the resource inventory known to the target OSS. This feature may allow the following selection criteria:
- retrieval of a specified set of one or more sub-trees
- exclusion or inclusion of specified object types from the selected sub-tree 
- further filtering based on attribute matching
- retrieval of only the object instances that have been modified after a provided date and time 
- For the selected objects, this feature may allow the client operations support (service assurance and billing systems) to specify what specific attributes and relationships shall be returned. This (the attributes and relationships to be returned) would be the same for all objects of the same type.";2675
Resource Domain;Operations Readiness & Support;Resource Management;Resource Repository Management;Resource Repository Updating;471;"Resource Repository Updating function entails update of the resource Repository based on a provided collection of updates. The expectation is that the Repository is updated as requested, but no other side-effects are expected (e.g., creating an Sub Network Connection (SNC) in the network). This is a key point concerning this capability. The Repository update request can involve addition (new object), modification (change to an existing object) or deletion (removal of an object).
It includes resource status updates, and notifies surrounding applications about new activation status.";2676
Resource Domain;Fulfillment;Resource Order Management;Resource Order Orchestration;Resource Configuration Plan Composing;485;Resource Configuration Plan Composing composes a resource configuration plan according to the required resource actions, which is sent to Resource Order Orchestration and/or Network Resource Activation.;2677
Resource Domain;Operations Readiness & Support;Resource Management;Resource Repository Management;Resource Repository Update Notification;472;"Resource Repository Update Notification function entails the generation of inventory update notifications based on changes to the inventory:  

	Notifications concerning object creation, object deletion and attribute value changes to other systems


	Single Entity Notifications - in this variation of the feature, each notification pertains to only one entity, e.g., an equipment instance
	Multi-entity Notifications - in this variation of the feature, a single notification may report on inventory changes for multiple entities
	Notification Suppression - in this variation of the feature, each notification pertains to only one entity.
";2678
Resource Domain;Operations Readiness & Support;Resource Management;Resource Simulation;New Resources Designing Support;461;New Resources Designing Support provides support for new technology and new resource designing.;2679
Resource Domain;Operations Readiness & Support;Resource Management;Resource Simulation;Resource Design What-if Analyzing;463;"Resource Design What-if Analyzing provides resource design functions for ""What-if configurations and modeling"" analysis.";2680
Resource Domain;Operations Readiness & Support;Resource Management;AI Model Manager;AI Model Version Management;1408;"AI Model Version Manager function manages the different versions of AI models. It tracks changes made to the models over time and allows users to roll back to a previous versions of the model if needed.
    - Input: Changes or updates to AI models.
    - Output: Updated AI models with version tracking.";2683
Resource Domain;Operations Readiness & Support;Resource Management;AI Model Manager;AI Model Deployment Management;1409;"AI Model Deployment Manager is a function that manages the deployment of AI models into different environments for use. It ensures that the models are correctly installed and configured in the target environment.
    - Input: AI models to be deployed and target deployment environment.
    - Output: Successfully deployed AI models in the target environment.";2685
Resource Domain;Operations Readiness & Support;Resource Management;Resource Repository Management;Network Overviews Presentation;442;Network Overviews Presentation provides a more generalized view of the network than found in resource management.;2687
Resource Domain;Operations Readiness & Support;Resource Management;Resource Repository Management;Resource Configuration Change Logging;453;Collects and Records the history of configuration changes.;2688
Resource Domain;Business Value Development;Resource Specification Management;Resource Specification Development;Resource Catalog Entities Management;951;Resource Catalog Entities Management identifies resource entities in a common Catalog Management from the Common Domain, or identifies a specific instance of a Catalog Management for resource entities.;2689
Resource Domain;Operations Readiness & Support;Resource Management;Resource Repository Management;Voucher Reporting;562;Voucher Reporting function for querying and reporting of voucher related data.;2690
Resource Domain;Operations Readiness & Support;Resource Management;Resource Simulation;Graphical Resource Presentation;459;Graphical Resource Presentation provides a graphical presentation and visualization of resources, interconnections, or topology.;2691
Resource Domain;Operations Readiness & Support;Resource Management;Resource Repository Management;Voucher Life Cycle Management;564;Voucher Life Cycle Management including activation, locking, expiration and maintenance of purchased vouchers.;2692
Resource Domain;Operations Readiness & Support;Resource Management;Resource Repository Management;Resource Data Repository Synchronization;738;Resource Data Repository Synchronization is the function that ensure OSS Inventory data generated in each function is available to other functions as required.;2693
Resource Domain;Fulfillment;Supply Chain Fulfillment;Stock Movements Management;Resource Logistics Management;473;Resource Logistics Management functions coordinate the availability and deployment of resources to their in-service locations.(Ex: warehouses).;2695
Resource Domain;Fulfillment;Supply Chain Fulfillment;Stock Movements Management;Resource Distribution (Deleted);477;Resource Distribution provides a resource or kit distribution function to coordinate the distribution of resources to their in-service locations.;2699
Resource Domain;Fulfillment;Supply Chain Fulfillment;Stock Movements Management;Resource Problem Replenishment Distribution (Deleted);478;Resource Problem Replenishment Distribution provides a (fault management) resource logistics function to identify and distribute resource stock where needed as quickly as possible.;2700
Resource Domain;Fulfillment;Supply Chain Fulfillment;Stock Movements Management;Resource Supply Chain Management;479;Resource Supply Chain Management function identifies vendors and alternate sources, and manages order fulfillment.;2701
Resource Domain;Fulfillment;Supply Chain Fulfillment;Stock Movements Management;Stock Balancing with Distribution (Deleted);480;Stock Balancing with Distribution provides stock balancing and distribution in reaction to needs or special events.;2702
Resource Domain;Fulfillment;Supply Chain Fulfillment;Stock Movements Management;Warehouse Stock Level Projection (Deleted);481;Warehouse Stock Level Projection estimates the need and availability of resources in their in-service locations while seeking to minimize stocking levels;2703
Resource Domain;Fulfillment;Resource Order Management;Resource Order Initialization;Cross Resource Dependencies Configuration;486;Cross Resource Dependencies Configuration provides a tool for appropriately considering cross resource dependencies as part of the resource configuration activities.;2706
Resource Domain;Fulfillment;Resource Order Management;Resource Order Orchestration;Resource Order Management;492;This function provides workflow and orchestration capability for the Resource order fulfillment.;2707
Resource Domain;Fulfillment;Resource Order Management;Resource Order Initialization;Resource Order Request Consistency Check;1223;The Resource Order Request Consistency Check Function allows, when receiving a Resource Order request prepared and transmitted by another system, to check its consistency.;2708
Resource Domain;Operations Readiness & Support;Resource Management;Resource Audit and Discovery;Resource Onboarding Configuration;956;Resource Onboarding Configuration function will configure the on boarded Resources and the relevant systems to establish integration automatically, when requested. There are several system resources in the infrastructure that needs to be aware and integrated with the new resource.;2709
Resource Domain;Operations Readiness & Support;Resource Management;Resource Audit and Discovery;Resource Instantiation Management;957;Resource Instantiation Management function will control the states of resource instances like starting of new instances and closing of instances of a Resource like, but not limited to, CPU, Memory etc. Resource performance and availability may be controlled by managing multiple instances of the Resource allocated to one or more applications. The Resource Instantiation with Lifecycle management support Resource Instantiation with Lifecycle management support.;2710
Resource Domain;Fulfillment;Resource Order Management;Resource Order Completion;Resource Order Completion;495;Resource Order Completion completes the resource order when all activities have been completed.;2712
Resource Domain;Fulfillment;Resource Order Management;Resource Order Completion;Resource Order Data Collection;490;Resource Order Data Collection function gathers any needed resource data to aid in the verification and issuance of a complete and valid resource order.;2713
Resource Domain;Fulfillment;Resource Order Management;Resource Order Orchestration;Resource Order Dependencies Management;493;Manages dependencies across resource orders by triggering and follow up as needed.;2714
Resource Domain;Fulfillment;Resource Order Management;Resource Order Orchestration;Resource Order Jeopardy Tracking;494;Raises jeopardies as appropriate if specified dates and workflow milestones are not met, and escalates jeopardies to appropriate management levels.;2715
Resource Domain;Fulfillment;Resource Order Management;Resource Order Orchestration;Tactical Resource Planning;529;Detailed design of resources against the existing networked resource at all technology layers, ensuring that the designed resource is actually deployed and for accurately recording the resultant inventory.;2716
Resource Domain;Fulfillment;Resource Order Management;Resource Order Completion;Resource Order Validation;503;The Resource Order Validation function validates the resource order request based on contract, catalog, and provisioning rules.;2717
Resource Domain;Fulfillment;Resource Order Management;Resource Order Tracking and Business Value Development;Resource Order Status Reporting;497;Resource Order Status Reporting provides status reports on the resource order.;2718
Resource Domain;Assurance;Resource Performance Management;Resource Performance Supervision;Resource Performance Data Analyzing;498;"Resource Performance Data Analyzing functions provide the necessary functionality to analyze the performance of the various service provider's resources.  This includes: 

	Analyzing performance data received from Resource Performance Monitoring and historic performance data or system environment data 
	Notify operations applications for automatic or manual action in case of alarming analysis results
	Determining the root causes of resource performance degradations.
";2720
Resource Domain;Assurance;Resource Performance Management;Resource Performance Supervision;Resource Performance Data Aggregation and Trend Analyzing;499;Resource Performance Data Aggregation and Trend Analyzing provides data aggregation and trend analysis in resource performance monitoring.;2721
Resource Domain;Assurance;Resource Performance Management;Resource Performance Supervision;Resource Performance Event Correlation;501;Resource Performance Event Correlation provides performance event correlation in resource performance monitoring.;2723
Resource Domain;Assurance;Resource Performance Management;Resource Performance Supervision;Resource Performance Data Accumulation;502;Resource Performance Data Accumulation provides performance data accumulation for resource performance monitoring, including real time monitoring data.;2724
Resource Domain;Operations Readiness & Support;Resource Test Management;Resource Test Conducting;Manual Resource Test Operation Control;517;Manual Resource Test Operation Control controls manual resource test services via a user interface (GUI) function that provides the means to access the testing capabilities.;2726
Resource Domain;Operations Readiness & Support;Resource Test Management;Resource Test Inventory Management;Resource Test Data Retrieval;511;Resource Test Data Retrieval provides retrieval of appropriate inventory data for resource end to end testing.;2730
Resource Domain;Operations Readiness & Support;Resource Test Management;Resource Test Inventory Management;Resource Test Storage;986;Resource Test Storage provides a database of all tests which need to be run against different Network Types.;2733
Resource Domain;Operations Readiness & Support;Resource Test Management;Resource Test Analysis;Support Resource Statistical Analyzing;990;Support Resource Statistical Analyzing function supports statistical analysis on test results to track the long term error trajectory of a particular resource.;2737
Resource Domain;Operations Readiness & Support;Resource Test Management;Resource Test Conducting;Resource Test Scope Definition;518;"Resource Test Scope Definition functions provide the necessary functionality to manage the local rules that define the strategies for conducting a test.
Strategies can range from simple (e.g. - check the status of a router) to complex (e.g. - perform an end-to-end test on a circuit and sectionalize the problem).";2739
Resource Domain;Operations Readiness & Support;Resource Test Management;Resource Test Conducting;Resource Test Load Generation;987;Resource Test Load Generation provide ability to apply load of the resource through load generators.;2740
Resource Domain;Business Value Development;Resource Specification Management;Resource Trouble Policy Management;Resource Trouble Resolution Design;1163;"Resource Trouble Resolution Design Function defines resolution actions according to diagnostic results. It includes:

	Definition of the logic of interpretation of the results of these diagnostic actions, to identify resolution actions. These resolution actions can be temporary or palliative, to quickly stop the trouble, and followed by other actions which will definitely treat the trouble cause 

   - For example: if a network cable is cut, we can first decide to migrate all or part of the interrupted installed services on another cable (through dedicated resource orders) to quickly solve the trouble, and secondly initiate a project, often called scheduled work, to repair the cut cable. After the final repair, it's not always necessary to migrate the installed service back.

	Definition of notification action, depending on the trouble or the trouble cause identified, for example display a message on the web site, or broadcast a vocal message on IVR in case of collective trouble (example: network cable cut, power cut, etc.) 
	Definition of lead action, mainly the need or not to initialize Service Trouble Tickets for all the installed services concerned by the resource trouble.
";2741
Resource Domain;Fulfillment;Supply Chain Fulfillment;Stock Inventory Management;Stock Inventory Administration;521;Stock Inventory Administration provides a database of all stock items including location of the stock items in Warehouse.;2742
Resource Domain;Fulfillment;Supply Chain Fulfillment;Stock Inventory Management;Warehouse Inventory Information Recording (Deleted);522;Warehouse Inventory Information Recording records commercial information- such as guarantees and date of purchase and interface to commercial asset management, as part of the Spares & Warehouse Inventory Management;2744
Resource Domain;Fulfillment;Supply Chain Fulfillment;Stock Level Management;Stock Item Requests Identification;476;"Stock Item Requests Identification function supports supply chain management functions to identify Stock replenishment needs. 
Stock Item Requests are identified considering Stock Level in Warehouses according to Stock Level replenishment rules. It takes into account booking Stock Item Requests.
It includes identifying Stock Item Requests to balance Stock Levels or special events requirements.";2745
Resource Domain;Strategy Management;Resource Strategic Analysis;Supply Chain Planning Analysis;Supply Demand Forecasting;748;Supply Demand Forecasting provides demand planning and forecasting, including coordinating the demand forecast of all marketing plans and requisitions, and sharing the forecast with all suppliers.;2748
Resource Domain;Fulfillment;Resource Order Management;Resource Order Orchestration;Resource Task Item Decomposition;958;By request for an orchestration of a resource the Task Item needs to be analyzed and decomposed into the part-actions necessary to take to fulfill the requested resource orchestration. The resource task item may consist of several resource tasks and may use a number of Resources. It may also be controlled by several parameters for optional behaviors. This composition of the Resource is given by configuration data available from Catalog applications and the Resource Capability Orchestration application.;2751
Resource Domain;Billing;Resource Usage Management;Resource Usage Errors Management;Usage Event Error Categorization;530;Usage Event Error Categorization function categorizes  usage events for usage records which have been identified as being non-processable due to edit, guide, routing, etc. Failures;2752
Resource Domain;Billing;Resource Usage Management;Resource Usage Errors Management;Usage Event Error Correction;531;Usage Event Error Correction provides correction capabilities (via mechanized script or manual correction) for usage records which have been identified as being non-processable due to edit, guide, routing, etc. Failures;2753
Resource Domain;Billing;Resource Usage Management;Resource Usage Errors Management;Usage Event Error Cause Analyzing;532;Usage Event Error Cause Analyzing provides functions to identify the error cause for usage records which have been identified as being non-processable due to edit, guide, routing, etc. failures;2754
Resource Domain;Billing;Resource Usage Management;Resource Usage Errors Management;Erroneous Usage Event Re-distribution;533;Erroneous Usage Event Re-distribution provides re-distribution features to send the usage to the proper destination(s) for usage records which have been identified as being non-processable due to edit, guide, routing, etc. failures. This includes also reporting back to the event generating system .;2755
Resource Domain;Billing;Resource Usage Management;Resource Usage Collection;Usage Event Collection;534;These functions are required to support both file and event based (batch and real-time) processing when distributed to upstream systems. The events are used in the functions for charging/billing, assurance and management of customers and networks.;2756
Resource Domain;Billing;Resource Usage Management;Resource Usage Mediation;Usage Event Correlation;535;Usage Event Correlation function is required to support both file and event based (batch and real-time) processing when distributed to upstream systems. The events are used in the functions for charging/billing, assurance and management of customers and networks.;2757
Resource Domain;Billing;Resource Usage Management;Resource Usage Collection;Usage Event Distribution;536;Usage Event Distribution functions are required to support both file and event based (batch and real-time) processing when distributed to upstream systems. The events are used in the functions for charging/billing, assurance and management of customers and networks.;2758
Resource Domain;Billing;Resource Usage Management;Resource Usage Mediation;Usage Event Enrichment;537;These functions are required to support both file and event based (batch and real-time) processing when distributed to upstream systems. The events are used in the functions for charging/billing, assurance and management of customers and networks.;2759
Resource Domain;Billing;Resource Usage Management;Resource Usage Mediation;Usage Event Guiding;538;Usage Event Guiding functions are required to support both file and event based (batch and real-time) processing when distributed to upstream systems. The events are used in the functions for charging/billing, assurance and management of customers and networks.;2760
Resource Domain;Billing;Resource Usage Management;Resource Usage Mediation;Usage Event Mediation;539;Usage Event Mediation. These functions are required to support both file and event based (batch and real-time) processing when distributed to upstream systems. The events are used in the functions for charging/billing, assurance and management of customers and networks.;2761
Resource Domain;Operations Readiness & Support;Work Order Management;Work Order Assignment and Plan;Dynamic Work Order Assigning;542;"Dynamic Work Order Assigning takes into consideration the following criteria: 

	Work order priority
	Associated SLAs
	Work order due date
	Required skills to perform work
	Dependencies between work items/orders  
	Job location relative to other assignments made to the dispatchable staff
	Workload of staff
	Staff availability hours.
";2763
Resource Domain;Operations Readiness & Support;Work Order Management;Work Order Assignment and Plan;Periodic Bulk Work Order Assigning;543;"Periodic Bulk Work Order Assigning takes into consideration the following criteria:

	Work order priority
	Associated SLAs
	Work order due date
	Required skills to perform work
	Dependencies between work items/orders  
	Job location relative to other assignments made to the dispatchable staff
	Workload of staff
	Staff availability hours.
";2764
Resource Domain;Operations Readiness & Support;Work Order Management;Work Order Assignment and Plan;Work Order Coordination;545;Work Order Coordination function for coordinating work between dependent or related work orders for Resource dispatchable staff.;2765
Resource Domain;Operations Readiness & Support;Work Order Management;Work Order Tracking and Business Value Development;Work Order Information Transferring;547;Work Order Information Transferring provides information transfer between the operator's workforce management system(s) and those of external third parties (when the infrastructure is owned and operated by third parties).;2766
Resource Domain;Operations Readiness & Support;Work Order Management;Work Order Assignment and Plan;Work Order Re-assigning;549;Initiates re-assignments as needed based on changing priorities, technician progress on other job assignments, etc.;2767
Resource Domain;Operations Readiness & Support;Work Order Management;Work Order Establishment;Work Order Manual Activities Determining;540;Work Order Manual Activities Determining function provides the necessary functionality to analyze the work order and determine what manual activities are necessary.;2770
Resource Domain;Operations Readiness & Support;Work Order Management;Work Order Tracking and Business Value Development;Work Order Closing;544;Work Order Closing function closes completed work orders;2773
Resource Domain;Operations Readiness & Support;Work Order Management;Work Order Tracking and Business Value Development;Workflow Delay Jeopardy Analyzing;739;Workflow Delay Jeopardy Analyzing function should be found in any process or workflow management system and warns when a delay in the due date of a task or process step will prevent subsequent tasks from starting, or affect the overall end date of the process, also including escalation function for issues as required.;2774
Resource Domain;Fulfillment;Supply Chain Fulfillment;Stock Movements Management;Voucher Distribution (Deleted);563;Voucher Distribution to dealers including shipment and validation of reception of actual vouchers;2785
Resource Domain;Operations Readiness & Support;Resource Management;Resource Availability Management;Network Facility Selection;569;Network Facility Selection function selects and assigns appropriate network facility route(s) and configures facility equipment per engineering rules as well as obtains new assets from network plan and build (capacity management) if required.;2790
Resource Domain;Operations Readiness & Support;Work Order Management;Work Order Tracking and Business Value Development;Work Order Status Monitoring;551;Monitors the status and progress of the various manual activities, including the various states of the work order;3063
Resource Domain;Assurance;Resource Trouble Management;Resource Trouble Repository Management;Resource Performance Reporting;740;Resource Performance Reporting provides the functionality required to generate reports about the performance of the service provider's resources.;3064
Resource Domain;Assurance;Resource Trouble Management;Resource Trouble Resolution;Resource Fault Correction & Restoration Support;741;Resource Fault Correction & Restoration Support functions are used during repair or replacement of faulty resources.;3065
Resource Domain;Operations Readiness & Support;Resource Management;Regulated Logical Resources Management;Number Porting;1249;Number Porting implements the changes to transfer the management of a number from one Service Provider to another, and on request provides status on the implementation of the changes.;3067
Resource Domain;Fulfillment;Supply Chain Fulfillment;Stock Movements Management;Procurement Requisition to Order Management;750;Procurement Requisition to Order Management manages the requisitions for material and place the orders with the contracted supplier/partner.;3074
Resource Domain;Fulfillment;Supply Chain Fulfillment;Stock Movements Management;Shipment Management;752;Shipment Management function provides workflow and orchestration for the planning of materials (including vouchers) to be shipped to and from different locations. It includes shipment design and implementation.;3076
Resource Domain;Fulfillment;Supply Chain Fulfillment;Stock Inventory Control;Stock Item Inventory Check;1072;The Stock Item Inventory Check (a.k.a. stock taking) performs physical inventory of entire inventory or specific sub inventories.;3077
Resource Domain;Fulfillment;Supply Chain Fulfillment;Stock Movements Management;Material Warehousing;754;Material Warehousing is a Logistics Management functionality for Put-away of materials to targeted storage locations and Picking of materials to fulfill orders including Staging and assembly of materials as required.;3078
Resource Domain;Fulfillment;Supply Chain Fulfillment;Stock Movements Management;Supply Chain Order Shipment Tracking;755;Supply Chain Order Shipment Tracking provides the necessary functionality to track the movement of shipments from point of origin through cross-docks, and to the final destination.;3079
Resource Domain;Assurance;Resource Performance Management;Resource Performance Supervision;Vulnerability Assessment Planning;901;Vulnerability Assessment Planning function for Assessing networks and systems for vulnerabilities and taking proactive action to reduce the vulnerabilities or limit the impacts if they are exploited.;3224
Resource Domain;Assurance;Resource Trouble Management;Resource Trouble Resolution;Software Update Planning;902;Software Update Planning for applying the software patches and upgrades that address known vulnerabilities in a timely manner.;3225
Resource Domain;Assurance;Resource Performance Management;Resource Performance Supervision;Anomaly Monitoring;903;System and network monitoring activity, determining whether it is normal or anomalous, based on rules, signatures or heuristics.;3226
Resource Domain;Assurance;Resource Performance Management;Resource Performance Supervision;Anomaly Monitoring Data Analyzing;904;Anomaly Monitoring Data Analyzing function is analyzing monitoring Data Events by Log Correlation and Intrusion Detection Systems analysis.;3227
Resource Domain;Fulfillment;Supply Chain Fulfillment;Stock Level Management;Stock Item Level Tracking and Replenishment;523;Stock Item Level Tracking and Replenishment supports reconciliation including retrieval and update with updated stock movements notifications (i.e. Replenishment or Booking stock item requests).;3261
Resource Domain;Billing;Resource Usage Management;Resource Fraud Detection;Fraud & Anomaly Detection;940;Fraud & Anomaly Detection function indicates fraudulent use of networks or systems. This is achieved by effective Fraud Management systems coupled with the instrumentation and monitoring that enables potential fraudulent activities to be identified. There are close linkages between fraud identification and anomaly detection.;3262
Resource Domain;Operations Readiness & Support;Resource Management;Resource Geographical Association;Resource Geographical Coverage Management;1251;Resource Geographical Coverage identifies the geographical areas that are, or are planned to be served by resources.;3278
Resource Domain;Fulfillment;Resource Order Management;Resource Order Orchestration;Resource Work Item Sequence Execution;961;Because of the Resource Task Item Decomposition of an orchestration request the result may be several actions that needs to take place in a specific sequence. The Resource Work Item Sequence Execution function executes each individual item in sequence to fulfill, or roll back according to a pre-defined configuration, and reports the sequence carry through result.;3280
Resource Domain;Fulfillment;Resource Order Management;Resource Order Orchestration;Resource Work Item Sequence Execution Configuration;962;The Resource Work Item Sequence Execution function controls so that the sequence is fulfilled, or rolled back. The rules for the sequence execution will set the conditions for the fulfillment, or roll-back, and for the reporting and notification. The Resource Task Item Sequence Carry Through configuration is a management of the application function that defines how the execution of the orchestration sequence will be done.;3283
Resource Domain;Business Value Development;Resource Specification Management;Resource Trouble Policy Management;Resource Trouble Diagnostic Design;1162;"Resource Trouble Diagnostic Design Function defines diagnostic actions to identify the resource problem cause. It includes:

	Diagnostic actions and rules to identify the resource trouble. This step permits to identify the installed resource(s) at fault

   - For example: simple resource test or resource test scenario, inventories consultation to identify installed resource and expected configuration characteristics, test historic consultation, etc.

	Diagnostic actions  and rules to identify the resource trouble cause(s) and the possible root cause . This step permits to identify why the related installed resource(s) is (are) at fault.

   - For example: Plan workforce intervention to check an equipment, launch resource test scenario, query QoS historic, followed by resource test launch if the installed resource has a decreasing QoS, query resource usage historic, equipment logs, anomaly historic, etc.";3318
Resource Domain;Operations Readiness & Support;Resource Test Management;Resource Test Conducting;Resource Response Capture Measurement;988;Resource Response Capture Measurement measures the quantity and quality of the responses of the resources with verification instrumentation.;3324
Resource Domain;Assurance;Resource Performance Management;Resource Performance Supervision;Resource End-To-End Performance Supervision;991;Resource End-To-End Performance Supervision provides integration with ERP applications for End - End supervising the resource performance.;3328
Resource Domain;Operations Readiness & Support;Resource Management;Resource Allocation;Resource Parameters Allocation;488;Resource Parameters Allocation allocates the right resource parameters to fulfill resource orders.;3403
Resource Domain;Assurance;Resource Performance Management;Resource Performance Supervision;Resource Performance Event Filtering;1066;Resource Performance Event Filtering provides performance event filtering in resource performance monitoring.;3406
Resource Domain;Operations Readiness & Support;Resource Management;Location Management;Pre-formatted Location Information Presentation;430;Pre-formatted Location Information Presentation generates different views for different business cases (e.g. different format of address strings).;3633
Resource Domain;Strategy Management;Resource Strategic Analysis;Resource Infrastructure Analysis;Strategic Sites Determining;526;Strategic Sites Determining determines which locations are to become strategic sites.;3706
Resource Domain;Strategy Management;Resource Strategic Analysis;Resource Infrastructure Analysis;Strategic Network Sizing Decision Support;528;Support Strategic Network Sizing Decisions supports strategic decisions as to which locations and which links to grow or shrink across the network.;3707
Resource Domain;Strategy Management;Resource Strategy Management;Resource Strategy Design and Planning;Network Forecasting;441;Network Forecasting supports forecasting functionality to be applied at different levels of detail and over different time frames. Some types of forecast are more relevant to Strategic and others more relevant to Tactical Planning. Both product volume forecasts and utilization trends are relevant to this automation function.;3709
Resource Domain;Capability Management;Resource Capability Management;Resource Test Resources Check;Resource Test Resources Availability Management;509;Resource Test Resources Availability Management manage that end to end test resources and test heads are available including acquisition of test resources.;3710
Resource Domain;Business Value Development;Resource Specification Management;Resource Test Policy and Schedule Management;Resource Testing Rules Configuration;506;Resource Testing Rules Configuration provides management of resource end to end testing rules.;3712
Resource Domain;Business Value Development;Resource Specification Management;Resource Test Policy and Schedule Management;Resource Test Result Analysis Policy Configuration;519;Resource Test Result Analysis Policy Configuration function provides the necessary functionality to manage how the Resource Test Strategy and Policy Management test results should be interpreted. Strategies can range from simple (e.g. - check the status of a router) to complex (e.g. - perform an end-to-end test on a circuit and sectionalize the problem).;3713
Resource Domain;Business Value Development;Resource Specification Management;Resource Specification Development;Resource Specification Repository Management;1083;"Resource Specification Repository Management is able to create, modify and delete Resource Specification.
This includes the ability to manage the state of an entity during its lifecycle (e.g. planned, deployed, in operation, replaced by locked).
It includes Resource Specifications retrieval, integrity rules check and versioning management.
It also provides Product Specification and Offering views adapted to the different roles.";3715
Resource Domain;Business Value Development;Resource Specification Management;Resource Specification Development;Resource Specification to Supplier Product Specification Relationship Design;1088;"Resource Specification to Supplier Product Specification Relationship Design identifies, when it corresponds to equipment rented to a Supplier  (devices, network equipments, hardware &amp; software, etc).";3716
Resource Domain;Business Value Development;Resource Specification Management;Resource Specification Development;Resource Specification Action Skill Design;1089;Resource Specification Action Skill Design manages the links to the Skill catalog to identify for each type of resource, or of Action on a resource, which type of skill is necessary to make the intervention.;3717
Resource Domain;Business Value Development;Resource Specification Management;Resource Specification Development;Resource Specification Change Auditing;1082;"Resource Specification Change Auditing manages the implications of Resource Specifications changes to determine the consequences of any given change. Resource Specifications changes may impact other Resource Specifications and Resource Facing Service Specit supports
The function logs Resource Specifications changes and supports the analysis of relationships between Resource Specifications. 
In addition, it tracks the history of changes in an easy and accessible manner.";3718
Resource Domain;Business Value Development;Resource Specification Management;Resource Specification Development;Resource Task Item Policy Control Configuration;996;Defines and configures the policies which will be implemented during the Resource task item lifecycle.;3719
Resource Domain;Business Value Development;Resource Specification Management;Resource Specification Development;Logical and Software Resources Designing;1064;Logical and Software Resources Designing supports physical, logical, and software design of resources including definition of configuration variables and initial parameters.;3720
Resource Domain;Capability Management;Network Development;Network Planning and Building;Physical Network Planning;1261;Physical Network Planning function focuses on the long-term network design of OSI layers 0-3 (physical network). This includes analysis of the network impact of a new resources, optimization of network resources, failure survivability analysis, forecasting and expansion to meet forecasted demand, and what-if analysis for new technology or different network designs. Responsible for engineering of all OSI layer 0-3 capacity and thereby monitors all equipment accordingly. Also manages capacity augmentation through hand-offs of provisioned capacity to network operations and coordinates the optimization of access facilities.;3840
Resource Domain;Capability Management;Network Development;Network Planning and Building;Configurable Network Planning;1262;Configurable Network Planning function is responsible for the planning and capacity management of configurable switch and wireless networks (OSI layers 4+). This includes actively managing firewalls, security, planning and capacity management of our national data centers responsible for SMS and MMS messaging. Additionally, this includes management of the VoIP platforms as well as trunk planning and forecasting for wireline and wireless networks.;3841
Resource Domain;Capability Management;Network Development;Network Planning and Building;Network Strategic Planning and Engineering;1263;Network Strategic Planning and Engineering function provides fundamental planning and engineering of wired and wireless networks across the globe. This function coordinates closely with technology labs,  network operations and network construction & engineering, as well as other functions. Externally, this function works with the equipment vendors and regulatory bodies on matters affecting the industry.;3842
Resource Domain;Capability Management;Network Development;Network Change Management;Network Change Notification;1286;Network Change Notification function supports identifying concerned parties and for originating notifications to them about changes to the communications network that may affect them, along with status updates for those changes.;3843
Resource Domain;Strategy Management;Resource Strategy Management;Resource Strategy Design and Planning;Design Automation;443;Provides design automation, applying algorithmic and heuristic analysis of the network in order, for example, to determine the optimum topology of a green field national, where geography and population distribution need to be taken into account.;3848
Resource Domain;Strategy Management;Resource Strategy Management;Resource Strategy Design and Planning;Network Planning Analyzing;444;Network Planning Analyzing provides complex algorithmic and heuristic analysis capability for network planning and make use of market forecasts and utilization trends, and can be used to optimize the network for capacity and resilience.;3849
Resource Domain;Capability Management;Resource Capability Management;Resource Deployment and Retirement;Resource Deployment and Retirement;1157;"Resource Deployment and Retirement Function is responsible for implementing the resource strategy high level plan and develop the resource infrastructure (network, PFS, IT...). 

The Resource Installed Base is updated and the resources are pre-configured and pre-activated if needed, for example for non-customer specific parameters, via the Resource Order Initialization and Installed Resource Management functions.";3850
Resource Domain;Business Value Development;Resource Specification Management;Resource Supervision Policy Development;Resource Supervision Measure Definition;1159;"Resource Supervision Measure Definition Function defines indicators (measures) associated with the resource type, with thresholds, calculation rules and consequences.
Examples:

	indicators with threshold: pressure, temperature
	indicators with calculation rules: storage occupation rate, load rate.
";3851
Resource Domain;Business Value Development;Resource Specification Management;Resource Test Policy and Schedule Management;Resource End to End Test Configuration;513;Resource End to End Test Configuration provides setting up and tearing down resource testing, including configuration end to end.;3852
Resource Domain;Business Value Development;Resource Specification Management;Resource Specification Development;Resource Data Transformation/Parsing Rules Configuration;467;Resource Data Transformation/Parsing Rules Configuration provides tools to set up and maintain resource data parsing rules.;3854
Resource Domain;Operations Readiness & Support;Resource Management;Location Management;Location Information Updating;431;Location Information Updating provides means to update the repository with new/updated location information from external sources.;3855
Resource Domain;Operations Readiness & Support;Resource Management;Location Management;Location Information Searching;432;Location Information Searching provides the ability to search for a provided location/address, as part of the Location Management, including the ability to return near matches if an exact match is not found.;3856
Resource Domain;Operations Readiness & Support;Resource Management;Regulated Logical Resources Management;Number Reservation;438;Provides the functionality to manage the reservation of numbers.;3857
Resource Domain;Operations Readiness & Support;Resource Management;Resource Repository Management;Resource Configuration Management;454;Resource Configuration Management provides configuration database and management of the configurations of the individual resources.;3859
Resource Domain;Operations Readiness & Support;Resource Management;Resource Simulation;Resource for Service Deployment Designing;458;Resource for Service Deployment Designing provides End-to-end resource design and architecture to support service deployments.;3860
Resource Domain;Operations Readiness & Support;Resource Management;Resource Simulation;Multi-layer Design and Modeling Support;460;Multi-layer Design and Modeling Support provides real world multi-layer modeling and design (physical, data, transport, etc.).;3861
Resource Domain;Operations Readiness & Support;Resource Management;AI Model Manager;AI Model Integration;1410;"AI Model Integrator function is integrates AI models with other systems or applications. It ensures that the models can interact correctly with other components in a system.
    - Input: AI models and target systems or applications for integration.
    - Output: Successfully Integrated AI models with other systems or applications.";3862
Resource Domain;Operations Readiness & Support;Resource Management;World Simulator;Agent Interaction Handling;1401;"Agent Interaction Handling function handles the interactions between different agents. It determines how agents communicate and interact with each other.
    - Input: Information about the agents and their intended interactions.
    - Output: Updated state of the agents after the interactions.";3863
Resource Domain;Operations Readiness & Support;Resource Test Management;Resource Test Conducting;Resource End to End Test Execution;514;Resource End to End Test Execution provides test execution of the end to end resource testing.;3864
Resource Domain;Operations Readiness & Support;Resource Test Management;Resource Test Conducting;Automated Resource Test Invocation;516;Automated Resource Test Invocation does invocation of Resource Test Services for test and retrieval of results from the resource testing capabilities. Automatic testing is performed to verify or dismiss an error indication by the automatic performance and quality super vision function.;3865
Resource Domain;Business Value Development;Supply Chain Development;Stock Item Management;Stock Item Definition;1221;The Stock Item Definition Function enables defining Stock Items with their characteristics and values.;4018
Resource Domain;Capability Management;Network Development;Network Planning and Building;Network Construction and Engineering;1260;Network Construction and Engineering function is responsible for planning, design, construction and capital maintenance of the network physical infrastructure.;4019
Resource Domain;Capability Management;Network Development;Network Change Management;Network Change Capture;1283;Network Change Capture function enables capturing detected changes and receiving planned changes to the communications network.;4020
Resource Domain;Fulfillment;Resource Provisioning;Resource Provisioning Design;Resource Provisioning Logical Design;1350;Resource Provisioning Logical Design function supports the design of layers 2-4 (per the OSI (Open Systems Interconnection) stack) of the service provider network in order to prepare for implementing a resource-based solution for either a standard service (for implementation of product specifications) or custom (for customer-specific services).;4021
Resource Domain;Fulfillment;Resource Provisioning;Resource Provisioning Monitoring;Resource Provisioning Oversight;1243;Resource Provisioning Oversight coordinates the implementation and activation of resources, and provides status of this provisioning on request.;4022
Resource Domain;Fulfillment;Resource Provisioning;Resource Configuration;Resource Configuration Implementation;1245;The Resource Configuration Implementation Function is in charge of changing Resource Configuration and its parameters.;4023
Resource Domain;Fulfillment;Resource Provisioning;Resource Activation;Resource Activation and Deactivation;1246;Resource Activation and Deactivation Function turns on and off configured resources.;4024
Resource Domain;Strategy Management;Resource Strategic Analysis;Resource Diagnostic and Test Quality Loop;Resource Diagnostic and Test Rules Improvement;1156;Resource Diagnostic and Test Rules Improvement Function provides improvements used to update the definition of diagnostic rules and correction actions in the Resource Problem Policy Management function and the definition of tests in the Resource Test Policy Management function.;4025
Resource Domain;Strategy Management;Resource Strategic Analysis;Resource Infrastructure Analysis;Network Deployment Optimization;525;Network Deployment Optimization determines optimum network deployments, such as tier structuring and resilient topologies.;4026
Resource Domain;Strategy Management;Resource Strategic Analysis;Supply Chain Planning Analysis;Supply Sourcing Planning;749;Supply Sourcing Planning plans sourcing taking into account current inventory and forecast demand, in collaboration with all suppliers.;4027
Resource Domain;;Resource;Strategic;Analysis;1154;Resource Performance Forecast Function calculates forecast (ex: loads linked to the uses, number of failures, etc.) concerning the resource performance indicators based on Resource Performance Analysis.;4028
Resource Domain;Strategy Management;Resource Strategy Management;Resource Strategy Design and Planning;Radio Planning;428;Provides Radio Planning for cell site coverage and quality and for cell-to-cell coverage is a specialist function used in Implementation Planning.;4029
Resource Domain;Capability Management;Resource Capability Management;Resource Deployment and Retirement;Resource Deployment Constraint Management;1158;Resource Deployment Constraint Management Function is responsible to manage constraints (like legal constraints or the need of a validation by authorities) and notify other companies, local authorities or governments of the effective deployment or retirement of resources like the implementation of FTTH (Fiber To The Home) technology in a building.;4030
Resource Domain;Business Value Development;Resource Specification Management;Resource Allocation Policy Development;Number Portability Policy Management;742;Number Portability Policy Management regulates policies, standards, definitions and restrictions defined by the entities involved in Resource Number Portability (country-specific regulatory entities).;4031
Resource Domain;Business Value Development;Resource Specification Management;Resource Supervision Policy Development;Resource Supervision Rules Definition;1160;"Resource Supervision Rules Definition Function defines alarm activation and Trouble Ticket creation rules:

	for alarm activation

          -  For example if a dysfunction is detected in its power supply, or in the functioning of the elements which constitutes it (card, port, internal ventilator) and also if its temperature exceeds a threshold.

	for a Trouble ticket creation next to a resource alarm qualification.
";4032
Resource Domain;Business Value Development;Resource Specification Management;Resource Test Policy and Schedule Management;Resource End to End Test Scheduling;512;Resource End to End Test Scheduling provides scheduling of end to end testing of resources.;4033
Resource Domain;Business Value Development;Resource Specification Management;Resource Trouble Policy Management;Resource Trouble Types and Rules Design;1161;"Resource Trouble Types and Rules Design Function allows to manage the resource problem typology describing all the types of known troubles related to a resource type.
It is also possible to define rules to manage Resource Trouble Tickets and Resource Trouble priorities, depending on criteria such as:

	Priority of the related Service Trouble Ticket(s) or Service Trouble(s) 
	Number of Product Trouble Tickets that can be expected, linked to the usage of the installed resource.
";4034
Resource Domain;Business Value Development;Resource Specification Management;Resource Specification Development;Resource Specification Design;1087;"Resource Specification Design manages Resource Specifications including constraints, characteristics and type of usages.
It specifies Physical, Logical and Compound Resource Specifications.
It includes resource types that as a Service Provider we don't own or commercialize (ex: mobile phones used by our customers).";4035
Resource Domain;Business Value Development;Work Specification Management;Work Specification Development;Work Specification Classification;553;Work Specification Classification provides classification of different types of manual activities provide the necessary functionality to appropriately classify the working activity types and related information.;4036
Resource Domain;Operations Readiness & Support;Resource Management;Resource Availability Management;Resource Availability Validation;448;"Resource Availability Validation function validates that the resource or resources specified on the resource order are available at the specified customer/service location and feasible from a network point of view. This includes the following:
- Resource address validation 
- Resource availability validation 
- Resource feasibility validation 
- Establishment of service termination points 
- Determination of delivery interval
 It includes checking appropriate network facility route(s) according to engineering rules.";4037
Resource Domain;Operations Readiness & Support;Resource Management;Location Management;Location Change History Management;429;Location Change History Management tracks all changes of location data, making available attributes according their historical values in certain periods.;4038
Resource Domain;Operations Readiness & Support;Resource Management;Regulated Logical Resources Management;Number Inventory Establishing;435;Number Inventory Establishing manages the establishment of a number inventory.;4039
Resource Domain;Operations Readiness & Support;Resource Management;Resource Allocation;Resource Parameters Reservation;487;Resource Parameters Reservation reserves the right resource parameters based on resource specification and resource inventory.;4040
Resource Domain;Operations Readiness & Support;Resource Management;Resource Audit and Discovery;Network Resources Scanning;464;Network Resources Scanning functions are responsible for discovering the resources and their details through out a management channel. These functions may either directly communicate with the Network resources or communicate through a Resource Domain Manager. The functions should be able to support retrieving the overall resource information or the detailed resource information which can include sub-components.;4041
Resource Domain;Operations Readiness & Support;Resource Management;Resource Geographical Association;Resource Locating;1250;Resource Locating tracks and provides when requested the geographic location of resources.;4042
Resource Domain;Operations Readiness & Support;Resource Management;Resource Mediation;Resource Data Translation;465;Resource Data Translation provides the functions that enable the OSS and the networked resource to exchange data and command and control by parsing of data from one format to another.;4043
Resource Domain;Operations Readiness & Support;Resource Management;Resource Repository Management;Physical Implementation Information Capturing;426;Physical Implementation Information Capturing provides levels of implementation details that tactical planning does not need to specify, such as duct routes and the frame appearances of device ports.;4044
Resource Domain;Operations Readiness & Support;Resource Management;Resource Simulation;Resource Architecture Modeling Support;457;Resource Architecture Modeling Support provide architecture modeling tools to include resources or resource changes.;4045
Resource Domain;Operations Readiness & Support;Resource Management;AI Model Manager;AI Model Repository Manager;1407;"AI Model Repository Manager function manages the storage of AI models in a central repository. It supports storing and easy access and sharing of models among different users, business partners or systems.
    - Input: AI models to be stored.
    - Output: A central repository with stored AI models.";4046
Resource Domain;Operations Readiness & Support;Resource Test Management;Resource Test Conducting;Resource Test Devices Accessing;504;Resource Test Devices Accessing of various resource test devices or network elements required to perform resource testing.;4048
Resource Domain;Operations Readiness & Support;Resource Test Management;Resource Test Inventory Management;Resource Test Results Management;508;Resource Test Results Management provides management of resource end to end test results.;4049
Resource Domain;Operations Readiness & Support;Resource Test Management;Resource Test Reporting;Resource Testing Results Reporting;510;Resource Testing Results Reporting provides reporting of resource end to end test results back to the client.;4050
Resource Domain;Operations Readiness & Support;Resource Test Management;Resource Test Analysis;Root Cause Analyzing;421;Root Cause Analyzing function includes the ability to isolate the root cause based on the correlation analysis, fault isolation and problem identification with the help of supporting integrated systems for rule based testing as well as integration with trouble ticketing systems.;4051
Resource Domain;Operations Readiness & Support;Work Order Management;Work Order Assignment and Plan;Work Order Assignment Dispatching;541;Dispatching of work order assignments to dispatchable staff.;4052
Resource Domain;Operations Readiness & Support;Work Order Management;Work Order Establishment;Work Orders Initiation;548;Work Orders Initiation initiates workforce orders for Resource preventive and corrective maintenance and change.;4053
Resource Domain;Assurance;Network Performance Management;Network Capacity Management;Network Capacity Analysis;1268;Network Capacity Analysis function is responsible for reviewing network traffic monitoring data, performing trend analysis, utilization history analysis and problem history analysis to determine anticipated and actual network asset utilization.   For ports, bandwidth and memory measures, this includes measures such as the current consumption, months to exhaust, and average monthly consumption.;4054
Resource Domain;Assurance;Network Performance Management;Network Traffic Management;Network Traffic Monitoring;1289;Network Traffic Monitoring function enables performing real-time and historical surveillance of network traffic to detect traffic problems or other anomalous traffic patterns, and to trigger alerts as necessary in order to enable resolution of traffic problems.;4055
Resource Domain;Fulfillment;Resource Order Management;Resource Order Completion;Resource Order Initiation;491;Resource Order Initiation function issues valid and complete resource orders, and stores the order into an appropriate data store. As part of order publication, additional data might be obtained or derived to support downstream functions that are not provided in the resource order request.;4056
Resource Domain;Fulfillment;Resource Order Management;Resource Order Initialization;Resource Order Configuration;484;Resource Order Configuration implements the request of Resource configuration specified in a Resource Order. Resource configuration can be derived from Resource order details in addition to inherent business rules from Resource specifications.;4057
Resource Domain;Fulfillment;Resource Order Management;Resource Order Orchestration;Local Tactical Plans Implementation;425;Local Tactical Plans Implementation implements tactical plans locally at individual CSP sites and at street level.;4058
Resource Domain;Fulfillment;Supply Chain Fulfillment;Stock Inventory Control;Stock Item Receiving Management;753;"Stock Item Receiving Management provides logistics management functionality controlling quality of resources received from suppliers' or from movements coming from a warehouse (quantity, status).
It also includes controlling materials returned by customers.";4059
Resource Domain;Fulfillment;Supply Chain Fulfillment;Stock Inventory Management;Stock Item Tracking;520;Stock Item Tracking function tracks Resources (through the Barcode) corresponding to each Stock Item for each Warehouse.;4060
Resource Domain;Fulfillment;Supply Chain Fulfillment;Stock Level Management;Stock Item Request Management;939;"Stock Item Requests may come from Customer orders or Stock Level replenishment rules.
Stock Item Request Management function 
   - collects Stock Item Requests,
   - determines actions (including Procurement or reallocation) to be triggered according to Stock Item Requests, Stock Item availability and Stock Level Rules. 
If the Stock Item is available where it is requested, it will assign Stock Item to the request. If it isn't available, it identifies either Stock Item Shipment (to the customer location or a warehouse) or a purchase request realized via Business Partner Order Management.";4061
Resource Domain;Capability Management;Resource Capability Management;Resource Specification Capability Development;Resource Capability Specification Management;737;This function involves the creation, editing, storage and retrieval of capability specifications. The capability specifications represent the general, common and invariant characteristics of resource that may be realized in more than one type of specific resource. Examples of capability are Layer2, Data, radio and Transport.;4089
Resource Domain;Capability Management;Resource Capability Management;Resource Test Resources Check;Resource Test Head Capacity Management;507;Resource Test Head Capacity Management provides management of end to end test head resource capacity.;4090
Resource Domain;Operations Readiness & Support;Resource Management;Resource Repository Reconciliation;Resource Inventory Reconciliation;469;Resource Inventory Reconciliation Function entails a reconciling function for the Repository with inventory discovered from another source (typically, the network). When new inventory information is discovered, this is tried to be matched with an entity or entities already known and updated accordingly and if there is no match then new information is created. It can work periodically or on demand in real-time.;4091
Resource Domain;Fulfillment;Resource Order Management;Resource Order Tracking and Business Value Development;Resource Order Tracking;496;Resource Order Tracking tracks the various resource orders until completed.;4092
Resource Domain;Assurance;Resource Trouble Management;Resource Trouble Analysis;Resource Trouble Cause Identification;1186;"Resource Trouble Cause Identification Function supports the trouble causes identification, that is to say the reasons why the installed resource is in trouble and among these reasons the root cause of the resource trouble.
It implements Resource Problem Policy composed of diagnostic actions (Test, inventories and historic consultation, workforce intervention, etc.) 

The identification of the resource trouble cause can be made through:

	Analysis of associated Service Trouble Ticket Information (first diagnostic)
	Analysis of associated Resource Trouble Ticket Information (first diagnostic)
	Analysis of Resource alarm events (fault of performance data)
	Issuing resource tests, including one time tests or a series of tests over a period of time
	Analysis of previous resource test results, resource usage historic, QoS historic, equipment logs, anomaly historics, etc.
";4093
Resource Domain;Assurance;Resource Trouble Management;Resource Trouble Analysis;Resource Trouble Resolution;1187;Resource Trouble Resolution Function identifies the necessary resolution actions to solve the Resource Trouble according to Resource Problem Policy. It is based on diagnostic results.;4094
Resource Domain;Assurance;Resource Trouble Management;Resource Trouble Repository Management;Resource Trouble Ticket Reporting;1169;Resource Trouble Ticket Reporting Function reports Resource Trouble Tickets progress.;4095
Resource Domain;Assurance;Resource Trouble Management;Resource Trouble Repository Management;Resource Trouble Ticket Repository Management;1166;"Resource Trouble Ticket Repository Management Function records Resource Trouble Tickets and manages its lifecycle.
It also manages corresponding registered Resource Troubles and relationships between Resource Troubles.
A Resource Trouble Ticket can be created 

	further to a Product Trouble Ticket resulting from the qualification of a problem indicated by a customer on a material product, 
	or to a Service Trouble Ticket when the resource(s) responsible for the service trouble is (are) identified,
	or following resource validated alarms,
	or QoS decreasing validated report.
";4096
Resource Domain;Assurance;Resource Trouble Management;Resource Trouble Ticket Management;Resource Trouble Identification;1167;"Resource Trouble Identification Function identifies and triggers diagnostic actions relevant to identify the resource trouble, depending on the resource type and rules defined by the Resource Problem Policy Management function.
It triggers the corresponding actions and analysis of their results.";4098
Resource Domain;Assurance;Resource Trouble Management;Resource Trouble Ticket Management;Resource Trouble Ticket Escalation Management;1185;Resource Trouble Ticket Escalation Management Function identifies if an escalation has to be triggered and find corresponding actions when relevant.;4099
Resource Domain;Fulfillment;Supply Chain Fulfillment;Logistic Availability;Stock Item Assignment;1165;Stock Item Assignment Function enables booking and release of a tangible product.;4100
Resource Domain;Fulfillment;Supply Chain Fulfillment;Logistic Availability;Stock Item Availability Check;1164;"Stock Item Availability Check Function allows one to:

	Check the availability of tangible products in warehouses
	Get the delivery duration 

For this function, the supply chain uses its own stock and delivery duration, but also the stock and delivery duration of its partners.";4101
Resource Domain;Operations Readiness & Support;Work Order Management;Work Order Tracking and Business Value Development;Work Order Updating;552;Work Order Updating updates the transition of the order through its various states, including in-flight changes and cancellations;4102
Resource Domain;Capability Management;Network Development;Network Access Management;Network Sourcing;1266;Network Sourcing function is responsible for identifying, securing rights to, and integrating with networks and network elements that are owned by other network operators, in order to augment a service provider's own coverage, for situations where building or buying network is impractical due to strategic, financial or timing concerns.;4112
Business Partner Domain;Operations Readiness & Support;Business Partner Management;Collect and Qualify Business Partner Information;Business Partner Information Collection;1236;"The Business Partner Information Collection Aggregate Function enables collecting our knowledge of the Business Partner to keep or produce an up-to-date and accurate Business Partner information view.
It will incorporate into the Business Partner Information view, all relevant information gathered through all contacts with the Business Partner and in particular his field of activity.
Business Partner Information from other sources may be gathered, which will build a better knowledge of the supplier.";2035
Business Partner Domain;Operations Readiness & Support;Business Partner Management;Collect and Qualify Business Partner Information;Qualify Business Partner Information;1237;The Collect and Qualify Business Partner Information Aggregate Function is in charge of qualifying Business Partner Information collected including legal compliance.;2036
Business Partner Domain;Operations Readiness & Support;Business Partner Management;Business Partner Product Repository Management;Business Partner Product Relationship Management;1239;The Business Partner Product Relationship Management Function manages relationships between Products bought from the Business Partner with the CSP's (Customer Service Provider) different level of installed base (Product, Know-How a.k.a CustomerFacingService, Technical Solution a.k.a ResourceFacingService and Resource).;2037
Business Partner Domain;Operations Readiness & Support;Business Partner Management;Business Partner Onboarding;Business Partner Technical Onboarding;1321;Business Partner Technical Onboarding function enables electronic interactions between a service provider's systems and external partners' systems. External partners may be customers, suppliers, or third parties.;2112
Business Partner Domain;Assurance,Billing,Fulfillment;Business Partner Welcome and Interaction;Business Partner Interaction Management;Business Partner Portal Access;1346;Business Partner Portal Access function supports providing a single entry point and self-service access to Business Partners to functions and information relevant to those Parties' interactions with the CSP. Responsible for ensuring that appropriate role-based security functions are employed, and for ensuring the safe and secure capture and/or delivery of information.  The provision of the functions accessed through the portal are the responsibility of those functions, not of the portal.;2136
Business Partner Domain;Fulfillment;Business Partner Order Management;Business Partner Order Validation;Voucher Ordering;565;Voucher Ordering includes the ability to generate, modify, authorize and associate a PIN with serial numbers and dispatch the order to the manufacturer.;2787
Business Partner Domain;Assurance;Business Partner Performance Management;Business Partner Trouble Ticket Management;Operational Issues Integration;637;Operational Issues Integration provides receiving and passing inquires and issues between the service provider and (supplier) partner per contractual arrangements.;2856
Business Partner Domain;Assurance;Business Partner Performance Management;Business Partner Performance Evaluation;Partner Performance Management;638;Partner Performance Management provides collection and analyzing of the performance of the supplier/partner or service provider equipment as well as the performance of the actual partner or service provider.;2857
Business Partner Domain;Assurance;Business Partner Performance Management;Business Partner Trouble Ticket Management;Partner Problems Receiving;639;Partner Problems Receiving provides receiving of problems from the partner that require service provider assistance in resolving.;2858
Business Partner Domain;Billing;Business Partner Invoice Management;Settlement Management;Settlement Adjustment and Billed Charges Collection;640;Settlement Adjustment and Billed Charges Collection gathers substantiating adjustment and billing data to support supplier/partner invoice reconciliation and partner settlements.;2859
Business Partner Domain;Billing;Business Partner Rating;Business Partner Bill Calculation;Statistics on Supplier/Partner Activities Collection;641;Statistics on Supplier/Partner Activities Collection collects supplier/partner statistics on Supplier/Partner activities data to support supplier/partner invoice reconciliation and partner settlements.;2860
Business Partner Domain;Billing;Business Partner Invoice Management;Settlement Management;Supplier/Partner Settlements;643;Partner Settlements provides the necessary functionality to calculate a settlement with the partner, initiate the payment or bill to the partner.;2862
Business Partner Domain;Billing;Business Partner Invoice Management;Settlement Management;Supplier/Partner Settlements Reporting;644;Supplier/Partner Settlements Reporting provides the necessary functionality to create reports that substantiate the settlement.;2863
Business Partner Domain;Fulfillment;Business Partner Order Management;Business Partner Order Validation;Purchase Requisition Management;646;Purchase Requisition Management function manages the purchase requests and approvals and convert purchase approvals into standard purchase orders. It also manages requisitions for Network infrastructure maintenance and investment, only used for purchase of Network infrastructure. E.g.: Technical partner needs to purchase material for a planned or emergency infrastructure work. It may then be booked as an investment or maintenance expenditure.;2865
Business Partner Domain;Fulfillment;Business Partner Order Management;Business Partner Order Validation;Partner Order Management;647;Partner Order Management tracks, monitors and reports on a service provider initiated order to ensure that the interactions are in accordance with the agreed commercial arrangements between the service provider and another party.;2866
Business Partner Domain;Business Value Development;Business Partner Product Specification and Offering Management;Business Partner Product Specification and Offering Onboarding;Product Sourcing Registration;649;Product Sourcing Registration provides initiation of product instantiation into the service provider product catalog and/or store front, including product prices.;2868
Business Partner Domain;Business Value Development;Business Partner Product Specification and Offering Management;Business Partner Product Specification and Offering Onboarding;Partner Product Certification;650;Partner Product Certification provides product certification/decertification to be an integrated part of the service provider's value proposition.;2869
Business Partner Domain;Business Value Development;Business Partner Product Specification and Offering Management;Business Partner Product Specification and Offering Onboarding;Product Onboarding Support;651;Product Onboarding Support provides product onboarding, updating, and decommissioning.;2870
Business Partner Domain;Billing;Business Partner Invoice Management;Business Partner Invoice Matching;Supplier/Partner Invoice Reconciliation;652;Supplier/Partner Invoice Reconciliation uses the charges (and e.g. adjustments) from the supplier/partner along with substantiating information available to the service provider to reconcile the invoice presented by the supplier/partner.;2871
Business Partner Domain;Operations Readiness & Support;Business Partner Management;Business Partner Agreement Management;Contract Management;653;Contract Management, including establishment, modification, and termination.;2872
Business Partner Domain;Assurance,Billing,Fulfillment;Business Partner Welcome and Interaction;Business Partner Relationship Management;Potential Partner Identification;654;Potential Partner Identification by managing the evaluation of potential partners, to determine partners and partner's engagements that best meet the enterprises needs;2873
Business Partner Domain;Assurance;Business Partner Performance Management;Business Partner Trouble Ticket Management;Partner Billing and Settlement Disputes Management;656;Partner Billing and Settlement Disputes Management of inter-carrier billing and settlement disputes and other supplier/partner services including content and e-commerce disputes.;2875
Business Partner Domain;Billing;Business Partner Rating;Business Partner Bill Calculation;Partner Record Automated Error Correction;657;Partner Record Automated Error Correction provides automatic handling of records found in error, mass correction and re-rating of events. Including forwarding to manual handling in case automatic correction isn't possible.;2876
Business Partner Domain;Billing;Business Partner Financial Management;Business Partner Payment Management;Partner Payments Management;658;Partner Payments Management handles payments in the area of Supplier/Partner billing and settlement, logging and tracking of full or partial payments.;2877
Business Partner Domain;Billing;Business Partner Invoice Management;Business Partner Invoicing;Automated Billing/Settlement Monitoring;659;Automated Billing/Settlement Monitoring tools for monitoring of automated billing, settlement and payment to ease and expedite dispute management.;2878
Business Partner Domain;Billing;Business Partner Invoice Management;Business Partner Invoicing;Partner Invoice Management;660;Partner Invoice Management provides accurate, flexible bi-directional invoicing for various settlement periods.;2879
Business Partner Domain;Billing;Business Partner Rating;Business Partner Bill Calculation;Partner Business Event Processing;661;Partner Business Event Processing processes the events generated by the partners business activities for invoicing and payment purposes, including accounting of partners' activities.;2880
Business Partner Domain;Business Value Development;Business Partner Product Specification and Offering Management;Business Partner Product Specification and Offering Onboarding;Sourcing Reference Data Collection;662;Sourcing Reference Data Collection collects definition of products and services, pricing schemes, partner entities and contracts into the system. Easy uploading of reference data from external sources such as XML files.;2881
Business Partner Domain;Operations Readiness & Support;Business Partner Management;Business Partner Role Repository Management;Partner Workflow Management;746;Partner Workflow Management function provides workflow and orchestration for supplier/partner management activities.;3070
Business Partner Domain;Operations Readiness & Support;Business Partner Management;Business Partner Role Repository Management;Partnership Reporting;747;Partnership Reporting provides reporting of partner related information as appropriate concerning orders, trouble tickets, campaign and sales results, product usage, billing data, inquiries on products, product feedback, as well as lead and opportunity data. This information can be made available to relevant service provider or partner staff and systems.;3071
Business Partner Domain;Fulfillment;Business Partner Order Management;Goods Receipt;Procurement Order Monitoring;751;"A Procurement Order is a type of Business Partner Order requesting for materials (a.k.a. purchasing order).
Procurement Order Monitoring provides monitoring of Procurement Orders to ensure supplier order payment according to goods receipt control.";3075
Business Partner Domain;Strategy Management;Purchasing Strategy Management;Purchasing Strategy Definition;Partner Collaboration Constraints Collection;1026;Partner Collaboration Constraints Collection function collects external and internal constraints that can impact a partner collaboration. The partner strategy definition is impacted by various factors, like partners geographical location, governmental regulatory, product and services offered etc. The function also provides capability to consider security and financial risks, environmental and legal issues and existing agreements etc.;3367
Business Partner Domain;Strategy Management;Purchasing Strategy Management;Purchasing Strategy Definition;Partner Strategy Development;1027;Partner Strategy Development function creates partner strategies for different partner categories and internal organizations, defines the scope of possible collaboration and policies for the internal organizations, and ensures that the partner strategies are aligned with the enterprise business model.;3368
Business Partner Domain;Strategy Management;Purchasing Strategy Management;Purchasing Strategy Definition;Partner Strategy Lifecycle Management;1028;Partner Strategy Lifecycle Management function supports collection and analyzing of partner strategy observance as well as constraints and risks development to update the partner strategies accordingly.;3369
Business Partner Domain;Strategy Management;Purchasing Strategy Management;Purchasing Strategy Definition;Partner Strategy Implementation Planning;1029;Partner Strategy Implementation Planning function provides planning for the introduction of a partner strategy for relevant stakeholders within the company, including deriving/creating partner proposition at organization level.;3370
Business Partner Domain;Strategy Management;Purchasing Strategy Management;Purchasing Strategy Definition;Partner Strategy Implementation;1030;Partner Strategy Implementation provides piloting and aligning the partner strategy implementation in the different levels of the organization including gathering of feedback of the implementation.;3371
Business Partner Domain;Strategy Management;Purchasing Strategy Analysis;Purchasing Implementation Analysis;Partner Strategy Assessing;1031;Partner Strategy Assessing provides planning and support of follow-up of strategy assessing by collecting metrics and performing auditing etc.;3372
Business Partner Domain;Assurance,Billing,Fulfillment;Business Partner Welcome and Interaction;Business Partner Relationship Management;Partner Group and Hierarchy Definition;1032;Partner Group and Hierarchy Definition defines and creates partner group types and hierarchy criteria in line with the partner strategy to support partner collaboration with the different organization of the enterprise.;3373
Business Partner Domain;Assurance,Billing,Fulfillment;Business Partner Welcome and Interaction;Business Partner Relationship Management;Partner Group and Hierarchy Assigning;1033;Partner Group and Hierarchy Assigning assigns partners to relevant groups and hierarchies and make the grouping available to the concerned organizations within the enterprise;3374
Business Partner Domain;Operations Readiness & Support;Business Partner Management;Business Partner Role Repository Management;Partner Profile Management;1034;Partner Profile Management function provides the necessary functionalities to manage partner information details for internal usages. This includes management of the stored profile information including creation, updating and deletion as well as lifecycle management by supervision to keep information valid and up to date.;3375
Business Partner Domain;Assurance,Billing,Fulfillment;Business Partner Welcome and Interaction;Business Partner Relationship Management;Partner Preferences Management;1035;Partner Preferences Management function provide the necessary functionalities to manage partner preferences and partner information details in collaboration with the partner. This includes management of the stored profile information including creation, updating and deletion as well as lifecycle management by supervision of validity and recency.;3376
Business Partner Domain;Operations Readiness & Support;Business Partner Management;Business Partner Role Repository Management;Partner Profile Enquiry and Filtering;1036;Partner Profile Enquiry and Filtering function provides the necessary functionalities to enquire stored profiles including filtering to both ensure access based on authority levels and for the convenience for the reader.;3377
Business Partner Domain;Operations Readiness & Support;Business Partner Management;Business Partner Role Repository Management;Partner Profile Storage;1037;Partner Profile Storage function secures data availability and integrity for the partner profile management.;3378
Business Partner Domain;Operations Readiness & Support;Business Partner Management;Business Partner Role Repository Management;Partner Financial Information Collection;1038;Partner Financial Information Collection function gathers financial information related to potential partners, partner groups and hierarchies. Financial information can be collected from 3rd parties/institutions and stored locally by the enterprise for future internal use to assess potential financial risks associated with partners before making any new business engagement with the partner.;3379
Business Partner Domain;Strategy Management;Business Partner Strategy Analysis;Business Partner Financial Analysis;Partner Financial Risk Analyzing;1039;Partner Financial Risk Analyzing function supports the assessment of potential financial risks associated with partners before making any new business engagement. The analysis is done based on financial information, both collected and recent, for the relevant partner profile, group and hierarchy.;3380
Business Partner Domain;Strategy Management;Business Partner Strategy Analysis;Business Partner Financial Analysis;Partner Financial Risk Scoring;1040;Partner Financial Risk Scoring function creates a risk score for all engaged partners.;3381
Business Partner Domain;Assurance,Billing,Fulfillment;Business Partner Welcome and Interaction;Business Partner Interaction Management;Partner Interaction Journalizing;1041;Partner Interaction Journalizing provides collection & storage of all contact events with the partner via all channels whether unassisted (self service, retail kiosk) or assisted (call center, retail store).;3382
Business Partner Domain;Operations Readiness & Support;Business Partner Management;Business Partner Agreement Management;Partner Agreement Creation;1042;Partner Agreement Creation function provides the functionality to automate the creation of an agreement based on templates or from scratch. The function allows to create and maintain predefined agreement options and templates with terms and conditions (e.g. pricing information, payment clauses, legal texts, etc.) for different purposes and services.;3383
Business Partner Domain;Operations Readiness & Support;Business Partner Management;Business Partner Agreement Management;Partner Agreement Storage and Searching;1043;Partner Agreement Storage and Searching function provides the ability to view Partner's existing agreements, search for partner agreements based on meta-data and to search text strings within agreements. The data can also be mined for partner strategy, negotiation, workflow and interaction purposes.;3384
Business Partner Domain;Operations Readiness & Support;Business Partner Management;Business Partner Agreement Management;Partner Agreement Implementation;1044;Agreement Implementation function provides support for the implementation of the agreements terms and conditions to be used by related organizations during operations.;3385
Business Partner Domain;Operations Readiness & Support;Business Partner Management;Business Partner Agreement Management;Partner Agreement Tracking;1045;Partner Agreement Tracking function keeps the association of the partner product offerings with the agreements and tracks anomalies for single products or group of products of the partner.;3386
Business Partner Domain;Strategy Management;Purchasing Strategy Management;Purchasing Tender Management;Tender Development;1046;Tender Development function supports developing the tender from scratch or based on template. Including the definition of templates for tenders to be reused.;3387
Business Partner Domain;Strategy Management;Purchasing Strategy Management;Purchasing Tender Management;Tender Workflow Guiding;1047;Tender workflow guiding supports the tender workflow creation and guiding throughout the bidding process and tender finalization.;3388
Business Partner Domain;Strategy Management;Purchasing Strategy Management;Purchasing Tender Management;Tender Tracking and Reporting;1048;Tender tracking and reporting function tracks and compiles the biddings and responses and reports the tender/bidding status and responses.;3389
Business Partner Domain;Strategy Management;Purchasing Strategy Management;Purchasing Tender Management;Tender to Partner Qualification;1049;Tender to Partner Qualification function identifies the list of potential partner who can bid for the tender based on defined partner strategy and partner profiles.;3390
Business Partner Domain;Business Value Development;Business Partner Product Specification and Offering Management;Business Partner Product Specification and Offering Onboarding;Product Onboarding Management;1050;Product Onboarding Management function supports the managing of the onboarding of a Product Offering sourced from an external source e.g. a business partner.;3391
Business Partner Domain;Operations Readiness & Support;Business Partner Management;Business Partner Role Repository Management;Onboarded Product Partner Collaboration;1051;Onboarded Product Partner Collaboration function defines the Point Of Contacts (POC) pertaining to the onboarded product offerings. The function supports the definition and management of the information about the POCs for both the sourcing partner and the receiving organization. The POCs may differ for different stages of the onboarded product e.g. onboarding, fulfillment, assurance, billing.;3392
Business Partner Domain;Operations Readiness & Support;Business Partner Management;Business Partner Role Repository Management;Onboarded Product Licensing;1052;Onboarded Product Licensing function manages the linking of license information of the onboarded product to technical, procurement and agreement conditions.;3393
Business Partner Domain;Business Value Development;Business Partner Product Specification and Offering Management;Business Partner Product Specification and Offering Onboarding;Onboarded Product Workflows Definition;1053;Onboarded Product Workflows Definition function identifies appropriate workflows related to the use of the onboarded product in fulfillment, assurance and billing.;3394
Business Partner Domain;Billing;Business Partner Financial Management;Business Partner Payment Management;Procurement Order Payment;1065;Procurement Order Payment provides payment of supplier order.;3405
Business Partner Domain;Fulfillment;Business Partner Order Management;Business Partner Order Repository Management;Business Partner Order Lifecycle Management;1173;Business Partner Order Lifecycle Management collects Business Partner Order events and manages Business Partner Orders lifecycle.;4062
Business Partner Domain;Strategy Management;Purchasing Strategy Analysis;Sourcing Savings Management;Cost Avoidance Management;1170;"Cost Avoidance Management Function measures Cost avoidance.
Cost avoidance is much more difficult to define. Suggested definitions include: 
-avoidance is a cost reduction that does not lower the cost of products/ but rather minimizes or avoids entirely the negative impact to the bottom line that a price increase would have caused

-when there is an increase in output/capacity without increasing resource expenditure, in general, the cost avoidance savings are the amount that would have been spent to handle the increased volume/output
-avoidances include process improvements that do not immediately reduce cost or assets but provide benefits through improved process efficiency, employee productivity, improved customer satisfaction, improved competitiveness, etc.; over time, cost avoidance often becomes cost savings.";4063
Business Partner Domain;Strategy Management;Purchasing Strategy Analysis;Sourcing Savings Management;Cost Reduction Management;1188;"Cost Reduction Management Function measures Cost reductions.
Cost reductions, understood as tangible bottom line reductions, are easily defined as / characterized by: 
-year-on-year saving over the constant volume of purchased product/service
-direct reduction of expense liked to changes in processes/technology/policies that directly reduces expenses,
process improvements that result in real and measurable cost or asset reductions
-examination of existing products or services, contractual agreements, or processes to determine potential changes that reduce cost
-net reductions in prices paid for items procured when compared to prices in place for the prior 12 months or a change to lower cost alternatives.";4064
Business Partner Domain;Strategy Management;Purchasing Strategy Management;Purchasing Needs Forecast;Purchasing Needs Forecasts;1171;"Purchasing Needs Forecasts Function gathers the forecasts from the users.
It permits to define external purchases volume by perimeter and country according to business strategic priorities (make or buy), budget constraints or technical constraints.";4065
Business Partner Domain;Fulfillment;Business Partner Order Management;Business Partner Order Repository Management;Business Partner Order Storage Management;1172;Business Partner Order Storage Management Function is in charge of tracking Business Partner Orders for each version.;4113
Business Partner Domain;Fulfillment;Business Partner Order Management;Goods Receipt;Goods Receipt Check;1174;The Goods Receipt Check Function manages suppliers' goods receipt checking (quantity, working).;4115
Business Partner Domain;Billing;Business Partner Rating;Business Partner Rating and Revenue Sharing;Business Partner Revenue Sharing Identification;1176;Business Partner Revenue Sharing Identification Function identifies the relevant pricing rules (tariffs, discounts and penalties) to be applied according to Revenue Sharing Agreement.;4116
Business Partner Domain;Billing;Business Partner Rating;Business Partner Rating and Revenue Sharing;Business Partner Revenue Sharing Enforcement;1177;Business Partner Revenue Sharing Enforcement Functions applies revenue sharing pricing rules to calculate what the CSP owes to the Business Partner and what is owed by the Business Partner to the CSP.;4117
Business Partner Domain;Billing;Business Partner Rating;Business Partner Rating and Revenue Sharing;Business Partner Settlement Management;1178;Business Partner Settlement Management calculates settlements amounts according to what the CSP owes to the Business Partner (for Offers bought to the BP and for Revenue Sharing) and what is owed by the Business Partner to the CSP (for what has been bought by the BP to the CSP and for Revenue sharing).;4118
Business Partner Domain;Fulfillment;Business Partner Order Management;Goods Receipt;Goods Return management;1175;The Goods Return Management Function manages suppliers' goods return when Goods received do not correspond to the quality expected.;4119
Enterprise Domain;Assurance,Billing,Fulfillment,Operations Readiness & Support,Strategy Management;Security Management;Security Strategy Definition and Management;Enterprise Security Risk Identification;1228;"The Enterprise Security Risk Identification Function is in charge of identifying security risk and security risk level on various security aspects.

Security concerns several parts: 
- CSP financial and legal security
- Personnel security (employees in their work environment, customers)
- Site security (buildings)
- Network, Service Platform and IS infrastructure security
- Information security (GDPR, confidentiality, defense secrecy)

The CSP Security Policy may be applied to these different parts, and its implementation may be carried out in operational functions of collection, control, supervision and analysis.";2027
Enterprise Domain;Assurance,Billing,Fulfillment,Operations Readiness & Support,Strategy Management;Security Management;Security Strategy Definition and Management;Security Rules Definition;1229;"The Security Rules Definition Function enables the definition of security rules and the means to verify compliance (processes, tools, organization, etc.).

Security concerns several parts: 
- CSP financial and legal security
- Personnel security (employees in their work environment, customers)
- Site security (buildings)
- Network, Service Platform and IS infrastructure security
- Information security (GDPR, confidentiality, defense secrecy)
The CSP Security Policy may be applied to these different parts.";2028
Enterprise Domain;Assurance,Billing,Fulfillment,Operations Readiness & Support,Strategy Management;Security Management;Security Strategy Definition and Management;Security Rules Implementation;1230;"The Security Rules Implementation Function is in charge of the implementation of security rules and the means to verify compliance (processes, tools, organization, etc.).

Security concerns several parts: 
- CSP financial and legal security
- Personnel security (employees in their work environment, customers)
- Site security (buildings)
- Network, Service Platform and IS infrastructure security
- Information security (GDPR, confidentiality, defense secrecy)
The CSP Security Policy may be applied to these different parts, and its implementation may be carried out in operational functions of collection, control, supervision and analysis.";2029
Enterprise Domain;Assurance,Billing,Fulfillment,Operations Readiness & Support,Strategy Management;Security Management;Security Strategy Definition and Management;Security Crisis Management;1231;"The Security Crisis Management Function is in charge of managing major crises (technical, environmental, etc.).

Security concerns several parts: 
- CSP financial and legal security
- Personnel security (employees in their work environment, customers)
- Site security (buildings)
- Network, Service Platform and IS infrastructure security
- Information security (GDPR, confidentiality, defense secrecy)
The CSP Security Policy may be applied to these different parts, and its implementation may be carried out in operational functions of collection, control, supervision and analysis.";2030
Enterprise Domain;Assurance,Billing,Fulfillment,Operations Readiness & Support,Strategy Management;Security Management;Security Strategy Definition and Management;Security Context Monitoring;1232;"The Security Context Monitoring Function monitors the security constraints that may appear such as new legal rules.

Security concerns several parts: 
- CSP financial and legal security
- Personnel security (employees in their work environment, customers)
- Site security (buildings)
- Network, Service Platform and IS infrastructure security
- Information security (GDPR, confidentiality, defense secrecy)
The CSP Security Policy may be applied to these different parts, and its implementation may be carried out in operational functions of collection, control, supervision and analysis.";2031
Enterprise Domain;Billing;Asset Management;Loan Securitization AF;Loan Securitization;1259;Loan Securitization function is supporting responsible for the processes of pooling loans and converting them into securities that can be sold to investors. The principal responsibilities processes include: Structuring loan pools, Assessing credit quality, Engaging rating agencies, Preparing offering documents, Complying with regulatory requirements, Coordinating with stakeholders, Managing the issuance process, Monitoring loan performance, and Implementing best practices. These responsibilities ensure a well-structured, compliant, and successful securitization process while maintaining transparency and investor confidence.;2056
Enterprise Domain;Billing;Asset Management;Intellectual Property Management;IP Licensing and Sales;1324;IP Licensing and Sales function supports targeting opportunities, negotiating deals and executing and managing license agreements for Intellectual Property.;2115
Enterprise Domain;Operations Readiness & Support;Workforce Operational Management;Workforce Activity Tracking;Work List Management;1326;"Work List Management function supports organizing and prioritizing tasks for individuals or groups.  It includes:
1.	Task Identification and Prioritization: Worklist managers determine the importance of tasks and prioritize them based on urgency and impact.
2.	Task Assignment: They allocate tasks to the appropriate individuals or teams, ensuring the right people are working on the right tasks.
3.	Workflow Optimization: Worklist management streamlines processes, reducing delays and bottlenecks.
4.	Monitoring Progress: Managers track task completion and ensure adherence to deadlines.
5.	Resource Allocation: They allocate resources like time, manpower, and equipment effectively.
6.	Communication Facilitation: They foster communication among team members and stakeholders.
7.	Risk Mitigation: Managers identify and address potential risks to prevent disruptions in workflow.";2117
Enterprise Domain;Assurance,Billing,Fulfillment,Operations Readiness & Support,Strategy Management;Enterprise Information Management;Enterprise Collaboration;Enterprise Email;1349;"Enterprise Email function supports organizational communication and information management. Its key responsibilities include:
1.	Managing Email Infrastructure: Ensuring the availability, scalability, and security of email servers and systems.
2.	User Account Management: Creating, maintaining, and deactivating email accounts for employees.
3.	Email Security: Implementing robust security measures to protect against phishing, malware, and unauthorized access.
4.	Email Compliance: Enforcing email policies, archiving, and retention to meet legal and regulatory requirements.
5.	Email Encryption: Securing sensitive data through encryption for confidentiality.
6.	Spam and Virus Protection: Filtering and blocking unwanted emails and threats.
7.	Email Client Support: Assisting users with email client configuration and troubleshooting.
8.	Disaster Recovery: Creating backup and recovery plans to ensure email continuity.
9.	Training and Education: Conducting training sessions to educate users on email best practices.
10.	Performance Monitoring: Constantly monitoring email system performance and optimizing for efficiency and reliability.";2139
Enterprise Domain;Billing;Accounting Management;General Ledger;Account Receivable General Ledger Posting;25;Recording of revenues and expenses at the General Ledger level provide necessary tools to maintain the customer account receivable. Aggregate customer accounts for general ledger: Group receivables by type of customer accounts, through grouping of individual customers A/R accounts.;2247
Enterprise Domain;Billing;Accounting Management;General Ledger;Account Receivable Debit/Credit Matching;26;Account Receivable Debit/Credit Matching function allocates/assigns receivables within customers account: Match credit and debit entries related to a same process. The most common example is matching payment(s) to corresponding invoices or invoice items. The matching does not affect the global balance but eases the clerical tasks.;2248
Enterprise Domain;Billing;Accounting Management;General Ledger;Account Receivable Direct Debiting;27;Account Receivable Direct Debiting provides Direct debit by generating flows of requests for direct debits. It is based upon the billing accounts and on the banks' opening schedule.;2249
Enterprise Domain;Billing;Accounting Management;General Ledger;Account Receivable Balance Transferring;28;Accounts Receivable (A/R) Management function of Applying adjustments and balance transfer: Adjustments to be carried out (manually or in bulk) or transfer of transactions to customers accounts after corrections.;2250
Enterprise Domain;Billing;Accounting Management;Subledger Accounting;Accounting Event Creation;29;The Accounting Event Creation function sends information produced by rating and/or invoicing functions to the accounting functionality, including the period end (a.k.a. cut-off) accounting entries.;2251
Enterprise Domain;Billing;Accounting Management;Subledger Accounting;Payments to Accounts Crediting;31;Payments to Accounts Crediting receives customer payments from various sources and applies them to customer account balances. It also performs activities, such as Payment Allocation to balances and Transfers of funds between accounts.;2253
Enterprise Domain;Billing;Accounting Management;Subledger Accounting;Customer Account Management;34;Customer Account Management supports the financial activities that relate to customer accounts. These activities includes Refunds, Disputes, Adjustments / Credits and Write-offs.;2256
Enterprise Domain;Billing;Accounting Management;General Ledger;Accounts Receivable Charge Posting;35;Accounts Receivable Charge Posting posts invoice charges in Accounts Receivable based on billed charges. It can be invoked by any billing system. Invoice charges accepts information on new charges and credits billed to customers, and updates their account balance accordingly.;2257
Enterprise Domain;Billing;Accounting Management;Subledger Accounting;Customer's Account Adjustment;36;"Customer's Account Adjustment adjusts customer's account balance based on the result of a detailed assessment or dispute. Possible adjustments may include tax adjustments, account/invoice/charge level adjustment, good will adjustment as well as refund or credits. All adjustments are made based on schedule of authorization polices. The customer service representative (CSR) can also consider the history and nature of previous dispute &amp; adjustment requests made by the customer.";2258
Enterprise Domain;Billing;Accounting Management;General Ledger;Billing Financial transaction creation;57;Create appropriate transactions regarding the current invoice for Receivables Management.;2279
Enterprise Domain;Operations Readiness & Support;Workforce Operational Management;Workforce Organization;Care-center Workforce Training;112;Care-center Workforce Training facilitates work center training, including integration to workforce scheduling and tracking.;2333
Enterprise Domain;Operations Readiness & Support;Workforce Operational Management;Workforce Organization;Care-center Compliance Management;113;Care-center Compliance Management manages compliance with customer service / work-center methods and procedures.;2334
Enterprise Domain;Operations Readiness & Support;Workforce Operational Management;Workforce Schedule Management;Care-center Case Queuing;114;"Care-center Case Queuing addresses the work queuing and work assignment for cases received from various channels including incoming calls, email, and back-office/front-office work distribution and queuing. Work Queuing can be on-line (active customer contact) or off line (no customer ""on the line"").";2335
Enterprise Domain;Operations Readiness & Support;Workforce Operational Management;Workforce Organization;Care-center Workforce Administration;115;Care-center Workforce Administration administers the work center workforce and associated skills-based work assignments. It addresses scheduling, work distribution/assignment and planning for current and forecasted center work-loads.;2336
Enterprise Domain;Operations Readiness & Support;Workforce Operational Management;Workforce Organization;Center Activity Management;116;Center Activity Management includes the necessary functionality to track activities performed within a work center. These activities range from orders placed, sales closed, problems resolved, ticket closed, etc. Most work centers incorporate a detailed activity tracking mechanism with associated reporting for individual agent performance and is typically rolled up to support center-level performance as well.;2337
Enterprise Domain;Operations Readiness & Support;Financial Management;Budget Management;Center Budget Management;117;Center Budget Management includes the tracking of all center expenses including operating expenses as well as project expenses. This function is primarily used for managing project budgets where a project can have long durations, multiple parallel or sequential activities and may involve work by multiple support resources.;2338
Enterprise Domain;Operations Readiness & Support;Workforce Operational Management;Workforce Activity Tracking;Center Quality Management;118;Center Quality Management supports the tracking of all quality components of a support (ordering, outage, provisioning, etc) project for completeness, accuracy, and customer satisfaction.;2339
Enterprise Domain;Operations Readiness & Support;Workforce Operational Management;Workforce Activity Tracking;Center Time Management;119;Center Time Management supports all of the time management of a service provider Agent/CSR/LCM etc. including tracking of hours worked, hours spent in training and other activities. It includes all time attributes used in the scheduling of resources to meet center SLAs. This function would also track time associated with a specific activity whether it be a short (single contact) or long running, multiple contact and team related activity. This aspect of time may span center resources.;2340
Enterprise Domain;Operations Readiness & Support;Workforce Operational Management;Workforce Schedule Management;Off-Line Contact Channel Management;167;"Off-Line Contact Channel Management provides the means to capture and manage activities that cannot or were not completed via an online channel contact. It also provides the means to place an activity on the off line queue that originated from an off-line channel such as email, postal mail, fax, etc.
Note: An activity can be completed on a different channel from which the request originated.";2388
Enterprise Domain;Billing;Accounting Management;General Ledger;Journal Entry Accumulation;313;Journal Entry Accumulation accumulates journal entries and maps them to the GL transaction based on criteria such as appropriate geographical accounting principles for sending downstream to the corporate general ledger.;2534
Enterprise Domain;Billing;Accounting Management;General Ledger;Financial Code Assigning;314;Financial Code Assigning assigns financial codes to transactions received from billing, online adjustment, payment, refund, and collection processes.;2535
Enterprise Domain;Billing;Accounting Management;General Ledger;Journal Record Creation;315;Analyzes and translates financial activities into journal records, ready for accumulation or sending downstream to the corporate general ledger.;2536
Enterprise Domain;Billing;Accounting Management;General Ledger;Partner Account Receivables and Collection Access;403;Partner Account Receivables and Collection Access provides an online access function to make partners self sufficient for Receivables and Collection activities. Including the use of VNO/Dealer data fencing.;2624
Enterprise Domain;Operations Readiness & Support;Workforce Operational Management;Workforce Organization;Resource Change Project Collaboration;449;Resource Change Project Collaboration provides interfaces to Workforce Management, supports collaborative project management across business boundaries and supports links to vendors ERP- via B2B portals and to internal network engineering duties for in-station and street activities.;2671
Enterprise Domain;Operations Readiness & Support;Financial Management;Budget Management;Resource Change Expenditure Authorization and Control;451;Resource Change Expenditure Authorization and Control provides an interface to financial control in order to authorize the expenditure required to purchase the required resources.;2673
Enterprise Domain;Operations Readiness & Support;Workforce Operational Management;Workforce Schedule Management;Workforce Management;482;Workforce Management function coordinate the availability and deployment of workforce resources to their in-service locations for e.g. preventative maintenance and change management.;2704
Enterprise Domain;Operations Readiness & Support;Workforce Operational Management;Workforce Schedule Management;Workforce Appointment Schedule Configuration;554;Workforce Appointment Schedule Configuration provides configuration of rules and routines for the workforce appointment schedule.;2776
Enterprise Domain;Operations Readiness & Support;Workforce Operational Management;Workforce Schedule Management;Workload Forecasting;555;Workload Forecasting provides forecasting of the workload and respective assignable staffing requirements on a daily, weekly, and longer period basis.;2777
Enterprise Domain;Operations Readiness & Support;Workforce Operational Management;Workforce Schedule Management;Workforce Availability Management;556;Workforce Availability Management provides management of staff availability, including vacation time.;2778
Enterprise Domain;Operations Readiness & Support;Workforce Operational Management;Workforce Schedule Management;Workforce Training Management;557;Workforce Training Management provides management of workforce training and/or coordination and interface with HR systems regarding the training.;2779
Enterprise Domain;Operations Readiness & Support;Workforce Operational Management;Workforce Schedule Management;Workforce Dispatchability Management;558;Workforce Dispatchability Management provides management of the dispatchable technicians, including skill sets.;2780
Enterprise Domain;Operations Readiness & Support;Workforce Operational Management;Workforce Schedule Management;Geographical Work Areas Configuration;559;Geographical Work Areas Configuration provides management of the various geographical working areas (turfs).;2781
Enterprise Domain;Operations Readiness & Support;Workforce Operational Management;Workforce Activity Tracking;Workforce Management Reporting;560;Workforce Management Reporting functions provide the necessary functionality to report on the status of open work orders as well as technician information such as availability, utilization, and overall performance.;2782
Enterprise Domain;Operations Readiness & Support;Workforce Operational Management;Workforce Schedule Management;Workforce Scheduling;561;Workforce Schedule Management function provide the necessary functionality to manage the work schedule, appointment schedule and resource schedule of the dispatchable workforce.;2783
Enterprise Domain;Billing;Accounting Management;General Ledger;Account Proof and Balance Reporting;728;"Account Proof and Balance Reporting provides a Financial Reporting function to provide data presenting summaries of the financial activities of customer accounts. It includes a set of debt aging reports and proof &amp; balance reports.";3052
Enterprise Domain;Billing;Accounting Management;General Ledger;Tax Information Reporting;729;Tax Information Reporting provides a function for Financial Reporting of tax information to Corporate Tax in support of tax compliance.;3053
Enterprise Domain;Billing;Accounting Management;General Ledger;Account Data to Business Intelligence Reporting;730;Account Data to Business Intelligence Reporting prepares account revenue details to be gathered into Business Intelligence data warehouse to facilitate decision support.;3054
Enterprise Domain;Assurance;Enterprise Revenue Assurance;Revenue Assurance Rules Definition;Revenue Assurance Control Configuration;757;Revenue Assurance Control Configuration function establishes the policies and rules to be applied to the Revenue Assurance process. It includes baselining acceptable limits and values from which actions will be taken.;3081
Enterprise Domain;Assurance;Enterprise Revenue Assurance;Revenue Assurance Management;Revenue Assurance Control;758;Revenue Assurance Control function assures that the RA process is executing according to specified rules and controls.;3082
Enterprise Domain;Assurance;Enterprise Revenue Assurance;Revenue Assurance Problem Management;Revenue Assurance Problem Management;759;Revenue Assurance Problem Management function provides necessary functionality to assure that Revenue Assurance problems are assigned, coordinated, and corrected efficiently, escalating as needed per established business rules.;3083
Enterprise Domain;Assurance;Enterprise Revenue Assurance;Revenue Assurance Problem Management;Revenue Assurance Problem Tracking;760;Revenue Assurance Problem Tracking function provides necessary functionality to assure that Revenue Assurance problems are tracked from inception to resolution.;3084
Enterprise Domain;Assurance;Enterprise Revenue Assurance;Revenue Assurance Problem Management;Revenue Assurance Problem Resolution Verification;761;Revenue Assurance Problem Resolution Verification function provides necessary functionality to assure that Revenue Assurance problems resolution is verified.;3085
Enterprise Domain;Assurance;Enterprise Revenue Assurance;Revenue Assurance Management;Revenue Assurance Data Collection;762;Revenue Assurance Data Collection function provide the necessary functionality to collect data from product, service, and resource (network) layers within fulfillment, assurance, and billing, as well as information from supplier/partner transactions.;3086
Enterprise Domain;Assurance;Enterprise Revenue Assurance;Revenue Assurance Problem Management;Revenue Assurance Anomaly Monitoring;763;"Revenue Assurance Anomaly Monitoring function analyzes processes (both interprocess and intraprocess) for RA anomalies, and looks for situations that are outside of the established baselines and triggers alerts when those situations are detected for further analysis. RA Monitoring looks for both ""immediate"" anomalies as well as predicts anomalies via trend analysis.";3087
Enterprise Domain;Assurance;Enterprise Revenue Assurance;Revenue Assurance Problem Management;Revenue Assurance Anomaly Analyzing;764;Revenue Assurance Anomaly Analyzing function provides necessary functionality to diagnose detected revenue assurance related problems.;3088
Enterprise Domain;Assurance;Enterprise Revenue Assurance;Revenue Assurance Problem Management;Revenue Assurance Correction Initiation;765;Revenue Assurance Correction Initiation provides the necessary functionality to initiate correction of the revenue assurance anomalies. Given that Revenue Assurance will detect issues originating in ordering, provisioning, billing, and usage, it is likely the correction or recovery will also need to be performed in those domains.;3089
Enterprise Domain;Assurance;Enterprise Revenue Assurance;Revenue Assurance Problem Management;Revenue Assurance Recovery Initiation;766;Revenue Assurance Recovery Initiation provides the necessary functionality to initiate recovery of the lost revenue.;3090
Enterprise Domain;Assurance;Enterprise Revenue Assurance;Revenue Assurance Management;Revenue Assurance Reporting;767;Revenue Assurance Reporting provides the functionality to report on the status of Revenue Assurance activities, including the status of issues currently being monitored, analyzed, and remedied. RA Reporting also reports on data derived from the fulfillment, assurance, and billing data collected for monitoring.;3091
Enterprise Domain;Billing;Human Resource Expense Management;Payroll Management;Payroll Wage Calculation;768;Payroll Wage Calculation calculates wages based on hourly rate plus any applicable adjustments such as overtime earned.;3092
Enterprise Domain;Billing;Human Resource Expense Management;Payroll Management;Payroll Salary Calculation;769;Payroll Salary Calculation calculates salary for current period.;3093
Enterprise Domain;Billing;Human Resource Expense Management;Payroll Management;Payroll Withholdings and Deductions Calculation;770;Payroll Withholdings and Deductions Calculation calculates Payroll Taxes and outputs to applicable agencies. Calculates Withholdings such as Federal Income Tax, and calculates deductions such as medical insurance, union dues and charitable contributions.;3094
Enterprise Domain;Billing;Human Resource Expense Management;Payroll Management;Paycheck Generation;771;Paycheck Generation generates Paycheck/Paystub deliverable in Paper and/or Electronic form.;3095
Enterprise Domain;Billing;Human Resource Expense Management;Payroll Management;Payroll Reporting;772;Payroll Reporting reports payroll results to Financial Accounting and other applicable reporting and analytics.;3096
Enterprise Domain;Assurance,Operations Readiness & Support;Human Resource Assurance;Human Resource Performance Management;Personnel Performance Goal Setting;773;Personnel Performance Goal Setting function supports setting of Short and Long Term goals for personnel, individuals or in a group.;3097
Enterprise Domain;Assurance,Operations Readiness & Support;Human Resource Assurance;Human Resource Performance Management;Personnel Performance Goal Analyzing;774;Personnel Performance Goal Analyzing function does performance appraisal relative to (set) Goals and Gap analysis for personnel, individual or in group.;3098
Enterprise Domain;Assurance,Operations Readiness & Support;Human Resource Assurance;Human Resource Performance Management;Personnel Performance Feedback Management;775;Personnel Performance Feedback Management provides KPI feedback calculation and presentation, as well as Identification and evaluation of competencies for personnel, individual or in group.;3099
Enterprise Domain;Assurance,Billing,Fulfillment,Operations Readiness & Support,Strategy Management;Regulatory Rules Management;Regulatory Rules Application Tracking;Governmental & Regulatory Tracking;776;Governmental & Regulatory Tracking provides the necessary functionality to track the implementation of governmental & regulatory rules or requirements.;3100
Enterprise Domain;Assurance,Billing,Fulfillment,Operations Readiness & Support,Strategy Management;Regulatory Rules Management;Regulatory Rules Application Tracking;Governmental & Regulatory Reporting;777;Governmental & Regulatory Reporting provides the necessary functionality to report as required to various Legal and Regulatory bodies.;3101
Enterprise Domain;Assurance,Billing,Fulfillment,Strategy Management;Human Resource Administration, Compensation and Benefits Management;Working Time Management;Time Attendance Management;778;"Time Attendance Management provides the following functionality: 

	Time capture
	Time tracking
	Time calculations
	Time allocation
	Attendance and Absence tracking.
";3102
Enterprise Domain;Assurance,Billing,Fulfillment,Strategy Management;Human Resource Administration, Compensation and Benefits Management;Working Time Management;Time & Attendance Reporting;779;"Time &amp; Attendance Reporting provides the following functionality:

	Attendance and Absence reporting and analytics.
";3103
Enterprise Domain;Assurance,Billing,Fulfillment,Operations Readiness & Support,Strategy Management;Human Resource Human Capital Management;External and Internal (Mobility) Recruitment;Staff Recruiting Support;780;"Staff Recruiting Support provides the following functionality: 

	Job Descriptions/Job Briefs
	Sourcing of candidates through job boards, job fairs, advertisements, referrals, company job site.
";3104
Enterprise Domain;Assurance,Billing,Fulfillment,Operations Readiness & Support,Strategy Management;Human Resource Human Capital Management;External and Internal (Mobility) Recruitment;Staff Onboarding;781;"Staff Onboarding provides the following functionality: 

	Tracking of candidate through process
	Interviewing candidates by recruiter
	Ranking of candidates for hiring manager interview
	Background checks
	Organizational Management.
";3105
Enterprise Domain;Assurance,Billing,Fulfillment,Operations Readiness & Support,Strategy Management;Human Resource Human Capital Management;External and Internal (Mobility) Recruitment;Recruitment and Staffing Reporting;782;"Recruitment and Staffing Reporting provides the following functionality: 

	Legal and Regulatory reporting
	Analytics such as attrition rate.
";3106
Enterprise Domain;Assurance,Billing,Fulfillment,Operations Readiness & Support,Strategy Management;Human Resource Social Management;Ethics & Compliance Management;Ethics & Compliance Management;783;"Ethics &amp; Compliance Management provides the following functionality:

	Provides a program to ensure Labor is properly trained on ethics and compliance requirements
	Provides a program to enable safe reporting of ethical and compliance violations
	Ensures company is meeting ethical and compliance standards
	Institutes and manages programs such as EEO case management to track violations.
";3107
Enterprise Domain;Assurance,Billing,Fulfillment,Strategy Management;Human Resource Administration, Compensation and Benefits Management;Employee Repository Management;Employee Records Administration;784;"Employee Records Administration provides the following functionality: 

	Manages long term storage of employee records
	Defines what employee records are to be retained
	Defines record retention/destruction guidelines.
";3108
Enterprise Domain;Assurance,Billing,Fulfillment,Strategy Management;Human Resource Administration, Compensation and Benefits Management;Employee Repository Management;Employee Records Search and Retrieval;785;Employee Records Search and Retrieval provides required records on request.;3109
Enterprise Domain;Assurance,Billing,Fulfillment,Operations Readiness & Support,Strategy Management;Human Resource Human Capital Management;Evaluations and Career Management;Awards & Recognition Guideline Management;786;"Awards &amp; Recognition Guideline Management provides the following functionality: 

	Provides guidelines for appropriate employee recognition
	Provides guidelines for appropriate employee awards.
";3110
Enterprise Domain;Assurance,Billing,Fulfillment,Operations Readiness & Support,Strategy Management;Human Resource Human Capital Management;Evaluations and Career Management;Awards & Recognition Assigning;787;"Awards &amp; Recognition Assigning provides the following functionality:

	Provides tools and processes to generate awards such as monetary or item.
";3111
Enterprise Domain;Assurance,Billing,Fulfillment,Strategy Management;Human Resource Administration, Compensation and Benefits Management;Individual Remuneration Policy Management;Salary Planning;788;"Salary Planning provides the following functionality: 

	Compensation Comparison (internal/external)
	Salary Grades and Ranges
	Job Descriptions
	Merit Increases
	Application of Compensation
	Salary Updates
	Reporting and Analytics.
";3112
Enterprise Domain;Assurance,Billing,Fulfillment,Strategy Management;Human Resource Administration, Compensation and Benefits Management;Individual Remuneration Policy Management;Salary Update and Compensation;789;"Salary Update and Compensation provides the following functionality: 

	Application of Compensation
	Salary Updates.
";3113
Enterprise Domain;Assurance,Billing,Fulfillment,Strategy Management;Human Resource Administration, Compensation and Benefits Management;Individual Remuneration Policy Management;Salary Analytics and Reporting;790;"Salary Analytics and Reporting provides the following functionality: 

	Reporting and Analytics
";3114
Enterprise Domain;Assurance,Billing,Fulfillment,Strategy Management;Human Resource Administration, Compensation and Benefits Management;Human Resource Communication Management;Corporate Communications;791;"Corporate Communications provides the following functionality to Foster a Positive Work Culture: 

	Boost Employee Moral and Support Employee Engagement 
	Communicates Corporate Goals 
	Communicates Key Initiatives 
	Disseminates information through various communication channels.
";3115
Enterprise Domain;Assurance,Billing,Fulfillment,Strategy Management;Human Resource Administration, Compensation and Benefits Management;Human Resource Communication Management;Community Involvement Interaction Management;792;Community Involvement provides the functionality to Provide resources to support various community programs, in order to Set Corporate Goals relative to the community needs, and Foster an environment of Volunteerism and Build brand image.;3116
Enterprise Domain;Assurance,Billing,Fulfillment,Strategy Management;Human Resource Administration, Compensation and Benefits Management;Human Resource Administration;Labor Relations Support;793;"Labor Relations Support provides the following functionality: 

	Negotiates Labor Agreements 
	Creates Labor Policy 
	Manages Grievances 
	Ensures Labor Agreement compliance.
";3117
Enterprise Domain;Assurance,Billing,Fulfillment,Operations Readiness & Support,Strategy Management;Human Resource Human Capital Management;Training Management;Corporate Training Planning;794;"Corporate Training Planning provides the following functionality: 

	Knowledge Assessments 
	Skill Gap Assessments 
	Manages certifications.
";3118
Enterprise Domain;Assurance,Billing,Fulfillment,Operations Readiness & Support,Strategy Management;Human Resource Human Capital Management;Training Management;Corporate Training Development;795;"Corporate Training Development provides the following functionality:

	Supports Compliance Training Requirements
	Build Training Curriculum
	Build Training Courses
	Deliver Training through various channels
	Analytics and Reporting
	Deliver Training through various channels.
";3119
Enterprise Domain;Assurance,Billing,Fulfillment,Operations Readiness & Support,Strategy Management;Human Resource Human Capital Management;Training Management;Corporate Training Analytics and Reporting;796;"Corporate Training Analytics and Reporting provides the following functionality: 

	Analytics and Reporting.
";3120
Enterprise Domain;Assurance,Billing,Fulfillment,Operations Readiness & Support,Strategy Management;Human Resource Social Management;Social Protection Management;Employee Benefits Development;797;Employee Benefits Development provides the functionality of supporting of the Development of the Benefit Programs for Health, Dental, Pensions, Savings Plans, Stock Plans, Life/Dismemberment insurance and Long Term Healthcare, including to Ensure benefit programs meet legal/regulatory requirements.;3121
Enterprise Domain;Assurance,Billing,Fulfillment,Operations Readiness & Support,Strategy Management;Human Resource Social Management;Social Protection Management;Employee Benefits Use Analyzing;798;Employee Benefits Use Analyzing function handles the Analytics of the use of Benefit Programs for Health, Dental, Pensions, Savings Plans, Stock Plans, Life/Dismemberment insurance and Long Term Healthcare.;3122
Enterprise Domain;Billing;Accounting Management;General Ledger;General Ledger Secure Access;799;General Ledger Secure Access function allows tight internal controls and access to legal entity and ledger data.;3123
Enterprise Domain;Billing;Accounting Management;General Ledger;General Ledger Chart of Accounts Maintenance;800;General Ledger Chart of Accounts Maintenance function allows for better management of the Chart of Accounts and General Ledger reporting structures.;3124
Enterprise Domain;Billing;Accounting Management;General Ledger;General Ledger Compliance;801;General Ledger Compliance with multiple legislative, industry or geographic requirements.;3125
Enterprise Domain;Billing;Accounting Management;General Ledger;General Ledger Integration;802;General Ledger Integration for journals, budgets, reporting, and currency rates, e.g. spreadsheet integration.;3126
Enterprise Domain;Billing;Accounting Management;General Ledger;Multi-ledger Financial Reporting;803;Multi-ledger Financial Reporting for real-time, enterprise-wide visibility.;3127
Enterprise Domain;Billing;Accounting Management;General Ledger;General Ledger Transaction Retrieval;804;General Ledger Transaction Retrieval provides General Ledger Robust drilldowns to retrieve underlying transactions.;3128
Enterprise Domain;Billing;Accounting Management;General Ledger;General Ledger Month-end Closing;805;General Ledger Month-end Closing provides General Ledger automated month-end close processing.;3129
Enterprise Domain;Billing;Accounting Management;General Ledger;Financial Reference Data Maintenance;806;Financial Reference Data Maintenance of financial reference data for Financial Control.;3130
Enterprise Domain;Billing;Accounting Management;General Ledger;Financial Data Error Correction;807;Financial Data Error Correction provides financial editing and associated error correction support function for prior to sending data to the financial ledgers for posting.;3131
Enterprise Domain;Billing;Accounting Management;General Ledger;Financial Batch Validation;808;Financial Batch Validation and associated error correction functions.;3132
Enterprise Domain;Billing;Accounting Management;General Ledger;Financial Data Translation;809;Financial Data Translation and replacement functions.;3133
Enterprise Domain;Billing;Accounting Management;General Ledger;Financial Transaction Routing;810;Financial Transaction Routing according to financial system rules.;3134
Enterprise Domain;Billing;Accounting Management;General Ledger;Accounts Payable Invoice Management;811;Accounts Payable Invoice Management provides accounts payable invoice and payments management.;3135
Enterprise Domain;Billing;Accounting Management;General Ledger;Accounts Payable Global Accounting;812;Accounts Payable Global Accounting provide global accounting in the field of accounts payable. Companies with locations in other countries face challenges when trying to adhere to required accounting principles that differs across the world. Global accounting is a field that is developing to address these issues.;3136
Enterprise Domain;Billing;Accounting Management;General Ledger;Accounts Payable Supplier Management;813;Accounts Payable Supplier Management function provides the required functionality to maintain all of a company's creditors.;3137
Enterprise Domain;Billing;Accounting Management;General Ledger;Invoice and Payment Status Retrieval;814;Invoice and Payment Status Retrieval provides Accounts Payable Invoice and payment status inquiries support.;3138
Enterprise Domain;Billing;Accounting Management;General Ledger;Electronic Payment Integration;815;Electronic Payment Integration provides electronic payments of all types to all destinies.;3139
Enterprise Domain;Billing;Accounting Management;General Ledger;Total Cost of Ownership Tracking;816;Fixed Asset Total Cost of Ownership tracking.;3140
Enterprise Domain;Billing;Accounting Management;General Ledger;Fixed Assets Depreciation Calculation;817;Fixed Assets Depreciation Calculation provides Fixed Asset Depreciation Calculation function.;3141
Enterprise Domain;Billing;Accounting Management;General Ledger;Fixed Assets Journalizing;818;Fixed Assets Journalizing provides journal creation for Fixed Assets purchase, depreciation, disposal and transfers.;3142
Enterprise Domain;Billing;Accounting Management;General Ledger;Financial Systems Application Integration;819;Integration function for the Fixed Assets Application with Accounts Payable and Project Accounting applications.;3143
Enterprise Domain;Billing;Accounting Management;General Ledger;Fixed Assets Reporting;820;Capital Lease Management function for Flexible reporting.;3144
Enterprise Domain;Operations Readiness & Support;Financial Management;Budget Management;Project Accounting Budget Creation;821;Project Accounting Budget Creation works at any level in multiple currencies to provide the required functionality to create financial reports specifically designed to track the financial progress of projects, which can then be used by managers to aid project management.;3145
Enterprise Domain;Operations Readiness & Support;Financial Management;Budget Management;Project Expenditure Posting;822;Project Expenditure Posting to projects' Project Accounting providing the required functionality to create financial reports specifically designed to track the financial progress of projects, which can then be used by managers to aid project management.;3146
Enterprise Domain;Operations Readiness & Support;Financial Management;Budget Management;Project Accounting Reporting;823;Project Accounting Status Reporting provides the required functionality to track the financial progress of projects, which can then be used by managers to aid project management.;3147
Enterprise Domain;Operations Readiness & Support;Financial Management;Budget Management;Project Accounting Comparison;824;Project Accounting Comparison of budget, actual, commitment, and revenue amounts.;3148
Enterprise Domain;Operations Readiness & Support;Financial Management;Budget Management;Project Accounting Cost Distribution;825;Project Accounting Cost Distribution using auto-allocation rules.;3149
Enterprise Domain;Operations Readiness & Support;Financial Management;Budget Management;Project Accounting Transaction Control;826;Project Accounting Transaction Controls based on expenditure category, expenditure type, employee, or non-labor resource.;3150
Enterprise Domain;Operations Readiness & Support;Financial Management;Budget Management;Project Accounting Budgetary Control;827;Project Accounting Budgetary Control controls available project funds with hard or soft controls.;3151
Enterprise Domain;Operations Readiness & Support;Financial Management;Budget Management;Project Accounting Asset Amortization;828;Project Accounting Asset Amortization where the costs to acquire the asset are expensed over the life of that asset rather than in the period it was incurred.;3152
Enterprise Domain;Billing;Human Resource Expense Management;Travel Expense Management;Expense Data Downloading;829;Employee Expense Reimbursement function provides downloads of expense data from credit cards and P-cards.;3153
Enterprise Domain;Billing;Human Resource Expense Management;Travel Expense Management;Expense Reports Electronic Attachments Management;830;Expense Reports Electronic Attachments Management function enables Attachment of electronic receipts to expense reports from faxed images.;3154
Enterprise Domain;Billing;Human Resource Expense Management;Travel Expense Management;Duplicate Reimbursement Detection;831;Duplicate Reimbursement Detection function allows Detection of duplicate expenses.;3155
Enterprise Domain;Billing;Human Resource Expense Management;Travel Expense Management;Expense Reports Approval Routing;832;Expense Reports Approval Routing function provides electronic routing of expense reports for approval.;3156
Enterprise Domain;Billing;Human Resource Expense Management;Travel Expense Management;Employee Expense Reimbursement to Accounts Payable Integration;833;Employee Expense Reimbursement to Accounts Payable Integration allows for Integration with Accounts Payable functions.;3157
Enterprise Domain;Billing;Accounting Management;Lease Management;Capital Lease Contract Tracking;834;Capital Lease Contract Tracking function manages Capital Lease for Complete contract tracking from origination through asset disposition.;3158
Enterprise Domain;Billing;Accounting Management;Lease Management;Capital Lease Complex Transaction Management;835;Capital Lease Complex Transaction Management function for Complex transaction management for various types of leases.;3159
Enterprise Domain;Billing;Accounting Management;Lease Management;Capital Lease Reporting;836;Capital Lease Management function for Flexible reporting.;3160
Enterprise Domain;Billing;Accounting Management;General Ledger;General Ledger Reporting;837;Financial Core Operations for General Ledger Reporting.;3161
Enterprise Domain;Billing;Accounting Management;General Ledger;Accounts Payable Reporting;838;Financial Core Operations Reporting for Accounts Payable Reporting.;3162
Enterprise Domain;Billing;Accounting Management;General Ledger;Financial Data Reporting;839;"Financial Core Operations Reporting function for Financial Controls, Editing &amp; Reference Data Reporting.";3163
Enterprise Domain;Billing;Accounting Management;General Ledger;Affiliate Billing Reporting;840;Affiliate Billing Reporting provides Financial Core Operations Reporting of the Affiliate Billing Regulatory Accounting.;3164
Enterprise Domain;Billing;Accounting Management;General Ledger;Cost Allocations Reporting;841;Financial Core Operations Reporting function for Cost Allocations Reporting.;3165
Enterprise Domain;Billing;Accounting Management;General Ledger;Revenue Eliminations Reporting;842;Financial Core Operations Reporting function for Intercompany Revenue Eliminations Reporting.;3166
Enterprise Domain;Billing;Accounting Management;General Ledger;Business Unit Profitability Reporting;843;Financial Business Unit Reporting function for Profitability reporting which provides information on revenues, expenses, volumes and force data.;3167
Enterprise Domain;Billing;Accounting Management;General Ledger;Business Unit Financial Reporting;844;Business Unit Financial Reporting provides financial reporting of business unit finances e.g. cost, result and budget data.;3168
Enterprise Domain;Operations Readiness & Support;Financial Management;Budget Management;Budget to Actual Variance Reporting;845;Financial Business Unit Reporting function for Budget to Actual variance reporting and year over year comparisons.;3169
Enterprise Domain;Billing;Accounting Management;Tax Management;Sales & Use Tax Calculation;847;"Sales &amp; Use Tax Calculation function calculates and submits tax filings for Sales &amp; Use Tax for all service provider companies and affiliates.";3171
Enterprise Domain;Billing;Accounting Management;Tax Management;Income Tax Calculation;848;Income Tax Calculation function calculates and submits tax filings for Income Tax for all service provider companies and affiliates.;3172
Enterprise Domain;Billing;Accounting Management;Tax Management;Property Tax Calculation;850;Property Tax Calculation function calculates and submits tax filings for Fixed Asset Tax for all service provider companies and affiliates.;3173
Enterprise Domain;Billing;Accounting Management;Tax Management;Gross Receipt Tax Calculation;851;Gross Receipt Tax Calculation function calculates and submits tax filings for Gross Receipt Tax for all service provider companies and affiliates.;3174
Enterprise Domain;Billing;Accounting Management;Tax Management;Corporate Tax 1099 Processing;852;"Corporate Tax 1099 Processing function calculates and submits tax filings for ""1099 Processing"" for all service provider companies and affiliates.";3175
Enterprise Domain;Billing;Accounting Management;Tax Management;Network Asset Leasing Calculation;853;Network Asset Leasing Calculation function calculates and submits tax filings for Network Asset Leasing for all service provider companies and affiliates.;3176
Enterprise Domain;Billing;Accounting Management;Tax Management;Corporate Tax to Accounts Payable Integration;854;Corporate Tax to Accounts Payable Integration function integrates with Accounts Payable functions.;3177
Enterprise Domain;Billing;Bank Management;Treasury Management;Corporate Treasury Bank Accounts Tracking;855;Corporate Treasury function for Tracking of bank accounts and associated data attributes.;3178
Enterprise Domain;Billing;Bank Management;Treasury Management;Foreign Exchange Rates Management;856;Corporate Treasury function for Management of foreign exchange rates.;3179
Enterprise Domain;Billing;Bank Management;Treasury Management;Cash Position Management;857;Corporate Treasury function for Cash position management.;3180
Enterprise Domain;Billing;Bank Management;Treasury Management;Intercompany Cash Settlement;858;Intercompany Cash Settlement provides a corporate treasury function for Intercompany cash settlements.;3181
Enterprise Domain;Billing;Bank Management;Treasury Management;Bank Statement Reconciliation;859;"Cash Reconciliation &amp; Escheatment function for Bank Statement Reconciliations.";3182
Enterprise Domain;Billing;Bank Management;Treasury Management;Replacement Check Approving;860;"Replacement Check Approving provides a cash reconciliation &amp; escheatment function for replacement check approval.";3183
Enterprise Domain;Billing;Bank Management;Treasury Management;Unclaimed Checks Escheatment;861;"Unclaimed Checks Escheatment provides a cash reconciliation &amp; escheatment function for escheatment of unclaimed checks to the proper jurisdictions.";3184
Enterprise Domain;Billing;Bank Management;Treasury Management;Unclaimed Payable Funds Recovery;862;"Unclaimed Payable Funds Recovery provides a cash reconciliation &amp; escheatment function for recovery of unclaimed funds payable to the service provider that may be held by various jurisdictions.";3185
Enterprise Domain;Billing;Bank Management;Treasury Management;Reconciliation & Escheatment to Accounts Payable Integration;863;"Cash Reconciliation &amp; Escheatment function for Integration with Accounts Payable applications.";3186
Enterprise Domain;Billing;Accounting Management;General Ledger;Investment Accounts Reconciliation;864;General Ledger Account Reconciliation function for Investment Accounts.;3187
Enterprise Domain;Billing;Accounting Management;General Ledger;Accounts Payable Reconciliation;865;Accounts Payable Reconciliation verifies that the detailed total of all accounts payable outstanding matches the payables account balance stated in the general ledger. Doing so ensures that the amount of accounts payable reported in the balance sheet is correct.;3188
Enterprise Domain;Billing;Accounting Management;General Ledger;Accounts Receivable Reconciliation;866;Accounts Receivable Reconciliation is matching the detailed amounts of unpaid customer billings to the accounts receivable total stated in the general ledger. This is to prove that the general ledger figure for receivables is justified.;3189
Enterprise Domain;Billing;Accounting Management;General Ledger;Payroll Function Reconciliation;867;Payroll Function Reconciliation provides a general ledger account reconciliation function for the payroll.;3190
Enterprise Domain;Billing;Accounting Management;General Ledger;Fixed Assets Reconciliation;868;General Ledger Account Reconciliation function for Fixed Assets.;3191
Enterprise Domain;Billing;Accounting Management;General Ledger;Balance Sheet and Income Statement Accounts Reconciliation;869;General Ledger Account Reconciliation function for Other Balance Sheet and Income Statement Accounts.;3192
Enterprise Domain;Assurance,Billing,Fulfillment,Operations Readiness & Support,Strategy Management;Enterprise Risk Management;Enterprise Audit Management;Audit Findings Documentation;870;Auditing function for Documentation regarding audit findings and associated resolutions.;3193
Enterprise Domain;Assurance,Billing,Fulfillment,Operations Readiness & Support,Strategy Management;Enterprise Risk Management;Enterprise Audit Management;SOX Compliance Auditing;871;SOX Compliance Auditing provides an auditing function for SOX compliance.;3194
Enterprise Domain;Billing;Accounting Management;Regulatory Accounting;Cost Allocations Regulatory Accounting;872;"Cost Allocations Regulatory Accounting; Regulatory Accounting function for Cost allocations and associated cost allocation manuals to comply with federal regulations. In the US specifically, it is Title 47, Part 64 (Telecommunication - Miscellaneous Rules Relating to Common Carriers).";3195
Enterprise Domain;Billing;Accounting Management;Regulatory Accounting;Affiliate Billing Regulatory Accounting;873;Regulatory Accounting function for Affiliate billing to comply with federal regulations. In the US specifically, it is Title 47, Part 64 (Telecommunication - Miscellaneous Rules Relating to Common Carriers).;3196
Enterprise Domain;Billing;Accounting Management;Regulatory Accounting;International Settlements Regulatory Accounting;874;International Settlements Regulatory Accounting function for International settlements to comply with federal regulations. In the US specifically, it is Title 47, Part 64 (Telecommunication - Miscellaneous Rules Relating to Common Carriers).;3197
Enterprise Domain;Billing;Asset Management;Corporate Real Estate (Buildings);Real Estate Property Management;875;Real estate property management prioritize to increase the buildings Net Operating Income and value. The Real estate property management functions support the Property management.;3198
Enterprise Domain;Billing;Asset Management;Corporate Real Estate (Buildings);Building Portfolios Management;876;Building Portfolios Management manages different types of property and in different real estate markets. Building portfolio functions supports the management of the property portfolio.;3199
Enterprise Domain;Billing;Asset Management;Corporate Real Estate (Buildings);Property Lease Management;877;Lease Management plans, tracks, manage and maintain all aspects of leased real estates.;3200
Enterprise Domain;Billing;Asset Management;Corporate Real Estate (Buildings);Real Estate Facility Management;878;Real Estate Facility Management prioritizes the day-to-day operations to increase the user/occupier's workplace needs and demands. Real Estate Facility Management function supports the Facility Managers control of the expenses and operational planning.;3201
Enterprise Domain;Billing;Asset Management;Corporate Real Estate (Buildings);Property Floor Plan Management;879;Space Planning offers a visual way to format, update and report property space information.;3202
Enterprise Domain;Billing;Asset Management;Corporate Real Estate (Buildings);Property Utilization Management;880;Space Planning Utilization Management is used for benchmarking, space efficiency and quickly identifying vacant and underutilized space, used for planning and space optimization.;3203
Enterprise Domain;Billing;Asset Management;Corporate Real Estate (Buildings);Space/Cost of Fixed Assets Planning;881;Space/Cost of Fixed Assets Planning function for Integration to Asset management, including support for total cost of occupancy.;3204
Enterprise Domain;Billing;Asset Management;Corporate Real Estate (Buildings);Real Estate Asset Capital Budgeting;882;Real Estate Asset Capital Budgeting supports the process of budgeting Real Estate Assets for the future long term plans.;3205
Enterprise Domain;Billing;Asset Management;Corporate Real Estate (Buildings);Real Estate Market and Location Analyzing;883;Real Estate Market and Location Analyzing analyzes and makes market planning to find the best markets and the best locations within those markets for investment or leasing.;3206
Enterprise Domain;Assurance,Billing,Fulfillment,Operations Readiness & Support,Strategy Management;Human Resource Social Management;Safety and Working Environment Management;Real Estate HSE Regulation and Auditing Support;884;"Real Estate HSE Regulation and Auditing Support supports the investment and operational organizations to be aware of the applicable laws and industry standards. In addition it supports the possibility for HSE auditing. The HSE (Healthy, Safety &amp; Environmental) aspects of real estate, and equipment and services related to the real estates needs to be evaluated continuously to comply to applicable laws and relevant industry standards.";3207
Enterprise Domain;Assurance,Billing,Fulfillment,Operations Readiness & Support,Strategy Management;Human Resource Social Management;Safety and Working Environment Management;Real Estate HSE Policies/Objectives Planning;885;Real Estate HSE Policies/Objectives Planning provides planning and follow-up support that can be used by enterprises with a high profile of Health, Safety and Environment care to set policies and objectives for continuous improvement.;3208
Enterprise Domain;Billing;Asset Management;Corporate Real Estate (Buildings);Real Estate Construction Management;886;Support for Real estate project management emphasizing the construction process, and the documents involved for each construction phase.;3209
Enterprise Domain;Assurance,Billing,Fulfillment,Operations Readiness & Support,Strategy Management;Enterprise Risk Management;Damage Risk Management;Damage Claim Filing;887;Damage Claim Filing captures the claim and the known circumstances and implications.;3210
Enterprise Domain;Assurance,Billing,Fulfillment,Operations Readiness & Support,Strategy Management;Enterprise Risk Management;Damage Risk Management;Damage Claim Administration;888;Damage Claim Administration supports the responsible organization with the correction and follow-up.;3211
Enterprise Domain;Assurance,Billing,Fulfillment,Operations Readiness & Support,Strategy Management;Enterprise Risk Management;Damage Risk Management;Damage Claim Consequences Analyzing;889;Damage Claim Consequences Analyzing provides damage claim loss calculation and analyzing support for the calculation and analyzing of possible consequences of the Damage Claim.;3212
Enterprise Domain;Assurance,Billing,Fulfillment,Operations Readiness & Support,Strategy Management;Enterprise Risk Management;Damage Risk Management;Damage Claim to Accounting Integration;890;Damage Claim to Accounting Integration supports the possible cost handling in connection to a Damage Claim.;3213
Enterprise Domain;Billing;Asset Management;Vehicle Fleet Management (Transport);Fleet Lifecycle and Maintenance Planning;891;Fleet Lifecycle and Maintenance Planning supports the administration of vehicle financing and vehicle maintenance planning.;3214
Enterprise Domain;Billing;Asset Management;Vehicle Fleet Management (Transport);Fleet Tracing and Monitoring;892;Fleet Tracing and Monitoring includes equipment tracing through e.g. vehicle telematics (tracking and diagnostics),;3215
Enterprise Domain;Billing;Asset Management;Vehicle Fleet Management (Transport);Fleet Security and Efficiency Management;893;Fleet Security and Efficiency Management includes support for driver management, speed management, fuel management and health and safety management.;3216
Enterprise Domain;Billing;Asset Management;Vehicle Fleet Management (Transport);Fleet Logistic Optimization;894;Fleet Logistic Optimization provides fleet optimization and risk minimizing through route and utilization planning.;3217
Enterprise Domain;Assurance,Billing,Fulfillment,Strategy Management;Human Resource Administration, Compensation and Benefits Management;Employee Repository Management;Unique Employee Number Registration;895;Unique Employee Number Registration in a central repository based on secure methods for identity verification (The repository can be a distributed system).;3218
Enterprise Domain;Assurance,Billing,Fulfillment,Strategy Management;Human Resource Administration, Compensation and Benefits Management;Employee Repository Management;Identification Card Management;896;Identification Card Management manages identification card creation and cancellation, and integration to authentication and authority systems.;3219
Enterprise Domain;Assurance,Billing,Fulfillment,Operations Readiness & Support,Strategy Management;Security Management;Lawful Interception;Lawful Interception;905;Provide function for Lawful Interception for the purpose of analysis or evidence.;3228
Enterprise Domain;Assurance,Billing,Fulfillment,Operations Readiness & Support,Strategy Management;Enterprise Risk Management;Patent and Invention Management;Patent, Invention & Trademark Management;907;"Patent, Invention &amp; Trademark Management collects possible patent, invention and trademark candidates.
It also manages the registration process and making the knowledge available within the enterprise.";3230
Enterprise Domain;Assurance,Billing,Fulfillment,Strategy Management;Human Resource Administration, Compensation and Benefits Management;Social Relationships Piloting;Enterprise Collaboration Support;908;"Enterprise Collaboration Support provides Web Site &amp; Portal platforms to support Collaboration within the Enterprise.";3231
Enterprise Domain;Assurance,Billing,Fulfillment,Operations Readiness & Support,Strategy Management;Regulatory Rules Management;Regulatory Rules Repository Management;Regulatory & Compliance Monitoring;941;Regulatory & Compliance Monitoring function includes monitoring of pertinent laws, regulations and internal policies.;3263
Enterprise Domain;Assurance,Billing,Fulfillment,Operations Readiness & Support,Strategy Management;Regulatory Rules Management;Regulatory Rules Repository Management;Regulatory & Compliance Documentation;942;Regulatory & Compliance Documentation provides regulatory & compliance documentation function of compliance documentation of the laws, regulations and internal policies.;3264
Enterprise Domain;Assurance,Billing,Fulfillment,Operations Readiness & Support,Strategy Management;Regulatory Rules Management;Regulatory Rules Repository Management;Regulatory & Compliance Reporting;943;"Regulatory &amp; Compliance Reporting of proof of compliance to the pertinent laws, regulations and internal policies.";3265
Enterprise Domain;Assurance,Billing,Fulfillment,Operations Readiness & Support,Strategy Management;Regulatory Rules Management;Legal Support;Legal Assistance Support;944;Legal Assistance Support function provides administrative system support for the Administrative Legal Services dealing with assistance and advice on issues such as procurement, contracting, public law and related activities.;3266
Enterprise Domain;Assurance,Billing,Fulfillment,Strategy Management;Human Resource Administration, Compensation and Benefits Management;Employee Relationship Management;Administrative Advertising;946;Administrative Advertising manages public relations, including e.g. recruitment advertising. The supporting systems can include Advertising channels e.g. Internet, social media and mass media.;3268
Enterprise Domain;Billing;Human Resource Expense Management;Travel Expense Management;Online Travel Booking;950;Online Travel Booking provides online reservations by a robust online booking tool.;3272
Enterprise Domain;Billing;Asset Management;Intellectual Property Management;Intellectual Asset Management;997;"Intellectual Asset Management function manages the lifecycle of internal &amp; external intellectual assets used by the enterprise.";3336
Enterprise Domain;Billing;Asset Management;Intellectual Property Management;Intellectual Asset Usage Tracking;998;Tracks the use and prevents the violation of Intellectual assets.;3338
Enterprise Domain;Billing;Asset Management;Intellectual Property Management;Intellectual Asset Sharing Policies Management;999;Intellectual Asset Sharing Policies Management provides creation of policies and controls for intellectual assets sharing.;3339
Enterprise Domain;Assurance,Billing,Fulfillment,Operations Readiness & Support,Strategy Management;Enterprise Information Management;Enterprise Knowledge Management;Enterprise Processes Information Management;1000;Managing the information related to experiences, enterprise processes, practices, market etc.;3340
Enterprise Domain;Assurance,Billing,Fulfillment,Operations Readiness & Support,Strategy Management;Enterprise Information Management;Enterprise Knowledge Management;Collaboration Information Updating;1001;Collaboration Information Updating provides using and sharing of information to enhance knowledge.;3341
Enterprise Domain;Assurance,Billing,Fulfillment,Operations Readiness & Support,Strategy Management;Enterprise Information Management;Enterprise Knowledge Management;Collaboration Tools Management;1002;Collaboration Tools Management provides tools and technologies for collaboration, managing access, authorities and user grouping.;3342
Enterprise Domain;Assurance,Billing,Fulfillment,Operations Readiness & Support,Strategy Management;Enterprise Information Management;Enterprise Knowledge Management;Knowledge Lifecycle Management;1003;Knowledge Lifecycle Management is managing the Lifecycle of the knowledge content.;3343
Enterprise Domain;Assurance,Billing,Fulfillment,Operations Readiness & Support,Strategy Management;Enterprise Information Management;Enterprise Knowledge Management;Knowledge Sharing Policy Processing;1004;Knowledge Sharing Policy Processing Applies rules and policies for sharing of knowledge.;3344
Enterprise Domain;Assurance,Billing,Fulfillment,Operations Readiness & Support,Strategy Management;Enterprise Information Management;Enterprise Knowledge Management;Knowledge Sharing;1005;Knowledge Sharing is making the knowledge available to internal and external stake holders.;3345
Enterprise Domain;Assurance,Billing,Fulfillment,Operations Readiness & Support,Strategy Management;Enterprise Information Management;Enterprise Knowledge Management;Knowledge Tailoring;1006;Knowledge Tailoring provides tailoring of the knowledge items for different discovery and listing requirements.;3346
Enterprise Domain;Assurance,Billing,Fulfillment,Operations Readiness & Support,Strategy Management;Enterprise Information Management;Enterprise Knowledge Management;Knowledge Identification;1007;Knowledge Identification identifies enterprise vital knowledge from internal and external sources.;3347
Enterprise Domain;Assurance,Billing,Fulfillment,Operations Readiness & Support,Strategy Management;Enterprise Information Management;Enterprise Knowledge Management;Knowledge Labeling;1008;Knowledge Labeling provides labeling of the knowledge item for the documentation and future use.;3348
Enterprise Domain;Assurance,Billing,Fulfillment,Operations Readiness & Support,Strategy Management;Enterprise Information Management;Enterprise Knowledge Management;Acquired Knowledge Storage;1009;Acquired Knowledge Storage provides documenting and storing acquired knowledge to the knowledge base.;3349
Enterprise Domain;Assurance,Billing,Fulfillment,Operations Readiness & Support,Strategy Management;Human Resource Social Management;Social Protection Management;Employee Benefits Administration;1057;Employee Benefits Administration provides the function of Administration of the Benefit Programs for Health, Dental, Pensions, Savings Plans, Stock Plans, Life/Dismemberment insurance and Long Term Healthcare, including to Ensure benefit programs meet legal/regulatory requirements.;3398
Enterprise Domain;Assurance,Billing,Fulfillment,Operations Readiness & Support,Strategy Management;Human Resource Social Management;Social Protection Management;Employee Benefits Management Reporting;1058;Employee Benefits Management Reporting function handles the Reporting of the use of the Benefit Programs for Health, Dental, Pensions, Savings Plans, Stock Plans, Life/Dismemberment insurance and Long Term Healthcare.;3399
Enterprise Domain;Operations Readiness & Support;Workforce Operational Management;Workforce Appointment Management;Workforce Agenda Booking;1184;The Workforce Agenda Booking Function enables to manage Workforce appointment with any Party such as Customer, Business Partner and tracks the appointment in the workforce calendar.;4079
Enterprise Domain;Operations Readiness & Support;Workforce Operational Management;Workforce Appointment Management;Workforce Availability Check;1183;The Workforce Availability Check Function enables to check the availability of Workforce.;4080
Shared Domain;Assurance,Fulfillment,Billing,Strategy Management,Business Value Development,Operations Readiness & Support;Party Management;Party Repository Management;Individual Information Management;1234;"Individual Information Management Function allows the creation, modification, deletion of a individuals.
It allows to declare all description information (first name, last name...), their marital status and official proof of identity.
It also includes the management of the life cycle status of individuals.";2033
Shared Domain;Assurance,Fulfillment,Billing,Strategy Management,Business Value Development,Operations Readiness & Support;Party Management;Party Repository Management;Organization Information Management;1235;"Organization Information Management Function allows the creation, modification, deletion of organizations (company, association, etc.).
It manages its corporate name, the description of its internal organization according to several axes (legal, functional, etc.), its business justification (Kbis in France, etc.).
It also includes the management of the life cycle of parties.";2034
Shared Domain;Assurance,Billing,Fulfillment,Operations Readiness & Support,Strategy Management;Identification and Permission Management;Identification and Authentication;Identity Verification;1240;"Identity Verification (aka authentication) establishes that an actor (i.e. a person or a resource) is who they purport to be using one or several credentials.
According to the reliability of the credentials used the authentication has a level of authentication such as a biometric credential (i.e. facial recognition or finger print) or multi-factor credential with a high level of authentication or a network credential with a low level of authentication.
Note: each permission specifies the minimum level of authentication required.";2038
Shared Domain;Assurance,Billing,Fulfillment,Operations Readiness & Support,Strategy Management;Identification and Permission Management;Digital Identity Management;Credentials Establishment;1247;"Credentials Establishment creates and/or modifies credentials and associates them with the Digital Identity that will be using them. Credentials can include username/passcode combinations, biometrics, and physical and/or logical passkeys.
Note: A Digital Identity aims to enable identifying Party, Party Roles or Resource Roles.";2045
Shared Domain;Assurance,Billing,Fulfillment,Operations Readiness & Support,Strategy Management;Identification and Permission Management;Digital Identity Management;Credentials Query;1248;Credentials Query provides the ability to retrieve non-protected information about the Digital Identity of credentials or about the credentials themselves (e.g.name, photo, badge number, token ID, credentials valid dates, etc.).;2046
Shared Domain;Operations Readiness & Support;Systems and Applications Management;Systems Administration;User Provisioning;1301;User Provisioning function creates and sets up user accounts. Also supports de-provisioning, which disables or deletes user accounts when no longer needed, no longer allowed, or as a result of policy decisions.;2094
Shared Domain;Operations Readiness & Support;Systems and Applications Management;Systems Administration;User Auditing;1303;User Auditing function Monitors and records user activities for security and compliance.;2095
Shared Domain;Operations Readiness & Support;Systems and Applications Management;Systems Administration;Systems Monitoring;1304;"Systems Monitoring function supports continuously overseeing an organization's IT infrastructure to enable performance and reliability optimization. The elements it supports include:
1.	Establishing metrics and tooling to capture them.
2.	Real-time Surveillance: Monitoring systems in real-time to detect and address issues promptly.
3.	Performance Optimization: Identifying bottlenecks and inefficiencies for enhanced system performance.
4.	Security Surveillance: Detecting and mitigating security threats and vulnerabilities.
5.	Alert Configuration: Setting up alert thresholds and notifications.
6.	Automation: Implementing automation for routine tasks and responses to common issues.
These responsibilities collectively safeguard system stability, security, and performance.";2096
Shared Domain;Operations Readiness & Support;Systems and Applications Management;Systems Administration;Applications Administration;1305;Applications Administration function provides support for application environments, including maintaining application software (managing patches, configurations and updates), monitoring and troubleshooting aplication health, performance and capacity issues within the software environment, and forecasting and planning for application capacity and demand.;2097
Shared Domain;Operations Readiness & Support;Systems and Applications Management;Systems Infrastructure Management;Software License Management;1306;"Software License Management function supports the responsible and efficient utilization of software assets within an organization. It supports elements including:
1.	Monitoring License Compliance: Regularly track and validate software licenses to ensure compliance with legal and contractual obligations.
2.	License Procurement: Acquire, renew, or upgrade software licenses as needed to meet business requirements.
3.	Cost Optimization: Minimize software licensing costs by eliminating unused or redundant licenses.
4.	Risk Mitigation: Identify and address potential legal and financial risks related to software license violations.
5.	Usage Tracking: Monitor software usage to prevent over-deployment and underutilization.
6.	Vendor Relations: Manage relationships with software vendors to negotiate favorable terms and resolve issues.
7.	Policy Development: Develop and enforce software usage policies to guide employees and teams.
8.	Auditing: Conduct periodic audits to assess compliance and identify discrepancies.
9.	Training and Awareness: Educate employees about software compliance and best practices.
10.	Reporting and Documentation: Maintain accurate records and generate reports to provide transparency and accountability in software license management.";2098
Shared Domain;Operations Readiness & Support;Systems and Applications Management;Systems and Applications Support;Helpdesk Support;1307;"The Helpdesk Support function is crucial for providing efficient technical assistance and ensuring smooth operations within an organization. It supports elements including:
1.	Resolving Technical Issues: Diagnosing and resolving user-reported technical problems promptly and effectively.
2.	User Assistance: Offering guidance and support to end-users, helping them navigate software and hardware issues.
3.	Troubleshooting: Identifying and addressing software, hardware, and network-related challenges.
4.	Ticket Management: Logging and tracking support requests to ensure timely resolution.
5.	Documentation: Maintaining comprehensive records of issues and solutions for future reference.
6.	Communication: Keeping users informed about the status and progress of their support requests.
7.	Remote Support: Offering assistance to remote users and resolving issues from a distance.

These responsibilities collectively enable the Helpdesk Support function to deliver consistent and effective technical assistance, contributing to the organization's overall productivity and user satisfaction.";2099
Shared Domain;Assurance,Billing,Fulfillment,Operations Readiness & Support,Strategy Management,Shared Domain,Business Value Development;Content Management;Content Delivery Management;Content Presentation;1322;"The Content Presentation function supports delivering information effectively to audiences.- It strives to provide users with a consistent view of content regardless of the portal, device or access method used, and so that users do not need to know where content is authored. 
1.	Structuring Content: Organizing information for clarity and accessibility, and according to recipient preferences.
2.	Visual Design: Creating a visually appealing layout and aesthetics, with consideration for platform-specific requirements, limitations, capabilities and norms.
3.	Consistent Branding: Ensuring content aligns with brand guidelines.
4.	Responsive Design: Adapting content for various devices and screens.
5.	Accessibility: Ensuring content is inclusive and user-friendly. Support any special needs for representing content by a particular device consistently (device independent) across platforms. Its responsibilities include:
6.	User Experience (UX): Focusing on a seamless, intuitive user journey.
7.	Content Hierarchy: Establishing a logical order of information.
8.	Performance Optimization: Enhancing page load times and efficiency.";2113
Shared Domain;Operations Readiness & Support,Business Value Development,Strategy Management,Capability Management,Billing,Fulfillment,Assurance;Data Analytics;Analytics Information Support;Reference and Metadata Management;1323;The Reference and Metadata Management function supports defining and maintaining reference data, metadata, and dimensions to be used in modeling and representation of data in databases that support Business Intelligence and analytics.;2114
Shared Domain;Operations Readiness & Support,Business Value Development,Strategy Management,Capability Management,Billing,Fulfillment,Assurance;Data Analytics;Analytics Information Support;Data Aggregation and Normalization;1327;"The Data Aggregation and Normalization function provides support for  bringing together data from multiple sources and combining it in a manner that maintains the integrity and validity of the data. Its responsibilities include:
1.	Collecting and gathering data from diverse sources.
2.	Ensuring data integrity by identifying and rectifying errors or inconsistencies.
3.	Standardizing data formats to ensure uniformity.
4.	Combining and merging data into a cohesive dataset.
5.	Handling missing or incomplete data through imputation or deletion.
6.	Removing duplicates and outliers for cleaner data sets.
7.	Normalizing data to common units of measurement or time scale to eliminate scale variations.";2118
Shared Domain;Operations Readiness & Support,Business Value Development,Strategy Management,Capability Management,Billing,Fulfillment,Assurance;Data Analytics;Business Intelligence;BI Data Modeling;1328;The BI Data Modeling function provides support for modeling information to organize it in database schemas that support Business Intelligence.  This generally includes relating  the data to pre-defined reference data and dimensions, and designing schemas and structures that optimize query performance and facilitate reporting.;2119
Shared Domain;Assurance;Anomaly Management;Anomaly Detection;Anomaly Pattern Collection;1352;"This function collects and stores ""patterns"" from various 
sources for use in anomaly detection. It takes input from a pattern discovery or pattern management source to be used internally for anomaly pattern processing.";2142
Shared Domain;Assurance;Anomaly Management;Anomaly Detection;Anomaly Normal Description Capture;1353;"Anomaly Normal-Day Description Capture function is used to capture reference points to be used in the anomaly pattern processing. It takes as inputs of ""normal-day"" behavior, trend or pattern etc. and outputs a categorization of patterns.";2143
Shared Domain;Assurance;Anomaly Management;Anomaly Detection;Anomaly Pattern Correlation;1354;This function exposes analysis of the correlation between different anomaly patterns and their possible causes and impacts.  It takes as input a pattern dataset and outputs the correlations between different anomaly patterns.;2144
Shared Domain;Assurance;Anomaly Management;Anomaly Detection;Anomaly Learning;1355;This function uses training methods to train and update the anomaly detection models based on data patterns and feedback (man/machine). It takes as input a dataset and outputs a model that can identify anomalies.;2145
Shared Domain;Assurance;Anomaly Management;Anomaly Detection;Anomaly Alerting;1356;This function sends alerts out (to users or other components) when an anomaly is detected. It takes as input the data and the model from the Anomaly Learning function, and outputs a signal to alert when the model identifies anomalies.;2146
Shared Domain;Assurance;Anomaly Management;Anomaly Detection;Anomaly Reporting;1357;This function generates and renders reports on the detected anomalies and their details. It takes as input the data and the anomalies identified, and outputs a report detailing these anomalies.;2147
Shared Domain;Assurance;Anomaly Management;Anomaly Detection;Anomaly Pattern Analysis;1358;This function performs statistical and graphical analysis on patterns received and inferred to identify trends and outliers. It takes as input patterns and outputs an analysis of the patterns found to be outliers.;2148
Shared Domain;Assurance;Anomaly Management;Anomaly Detection;Univariate Anomaly Detection;1359;Detects anomalies in one variable, like revenue, cost, etc. The model is selected automatically based on pattern. It takes as input a univariate dataset and outputs the identified anomalies.;2149
Shared Domain;Assurance;Anomaly Management;Anomaly Detection;Multi Variate Anomaly Detection;1360;Detects anomalies in multiple variables with correlations, which are usually gathered from products, services or resources (including devices, IoT and equipment etc.) or other complex systems. It takes as input a multivariate dataset and outputs the identified anomalies.;2150
Shared Domain;Assurance;Anomaly Management;Anomaly Detection;Anomaly Model Selection;1361;This function selects the best-fitting anomaly detection model from own or a external model repository for a given data set or scenario. It takes as input a dataset and potential models, and outputs the best model for a given anomaly detection requirement.;2151
Shared Domain;Assurance;Anomaly Management;Anomaly Detection;Realtime Anomaly Inferencing;1362;This function (a.k.a Streaming Detection) performs anomaly detection on real-time data streams using a given or selected model. It takes as input new data and the selected model, and outputs identified anomalies in real-time.;2152
Shared Domain;Assurance;Anomaly Management;Anomaly Detection;Anomaly Batch Inferencing;1363;This function performs anomaly detection on batch data sets using given or selected model. It takes as input a batch of new data and the selected model, and outputs identified anomalies.;2153
Shared Domain;Assurance;Anomaly Management;Anomaly Detection;Anomaly Pattern Matching;1364;This function compares the detected anomalies with known anomaly patterns to find similarities and differences. It will compare observed patterns to known patterns (either anomalous or non-anomalous) to identify matches. It takes input from a dataset and a set of known patterns, and output matches between the observed and known patterns.;2154
Shared Domain;Assurance;Anomaly Management;Anomaly Prediction;Prediction Data Collection;1365;This function collects the data that will be used for prediction. It takes as input raw data optimized for anomaly prediction, and outputs a dataset that is ready for anomaly prediction processing actions.;2155
Shared Domain;Assurance;Anomaly Management;Anomaly Prediction;Anomaly Prediction Description Capture;1366;Anomaly Prediction Description Capture the prediction expectation and goal. It takes as input a machine/man provided prediction requirement scenario and outputs a categorize prediction pattern expectation confirmation.;2156
Shared Domain;Assurance;Anomaly Management;Anomaly Prediction;Anomaly Prediction Data Preprocessing;1367;Cleans and transforms the ingested anomaly prediction data to make it suitable for predictive analysis. The input is the raw anomaly targeted data and the output is the processed data, ready for predictive processing.;2157
Shared Domain;Assurance;Anomaly Management;Anomaly Prediction;Anomaly Prediction Model Training;1368;This function trains a machine learning model on a prediction optimized dataset. The input to this function is the preprocessed data and the output is a trained anomaly prediction model that can make anomaly predictions;2158
Shared Domain;Assurance;Anomaly Management;Anomaly Prediction;Anomaly Prediction;1369;Function uses the trained model to predict anomalies in new data. The input is new, unseen data and the output is the anomaly prediction of whether each data point is an anomaly.;2159
Shared Domain;Assurance;Anomaly Management;Anomaly Prediction;Anomaly Prediction Result Interpreter;1370;The function interprets the results of the anomalies predicted. The input is the prediction results and the output is an interpretation of these results based on performance measures. .;2160
Shared Domain;Assurance;Anomaly Management;Anomaly Prediction;Anomaly Prediction Alerting;1371;The function generates alerts based on the interpreted prediction results. The input is the interpreted results and the output is alerts for any predicted anomalies.;2161
Shared Domain;Assurance;Anomaly Management;Anomaly Prediction;Anomaly Prediction Model Updater;1372;This function updates the prediction model based on new data and feedback. The input is new data and feedback on anomaly prediction performance, and the output is an updated anomaly prediction model.;2162
Shared Domain;Assurance;Anomaly Management;Anomaly Prediction;Anomaly Prediction Reporting;1373;This function generates anomaly prediction reports summarizing the prediction results based on a given period. The input is a period of focus, with the interpreted prediction results and the output is a report summarizing anomaly prediction results.;2163
Shared Domain;Assurance;Anomaly Management;Anomaly Prediction;Anomaly Prediction Reporting Visualization;1374;This function visualizes anomaly prediction results in a graphical format. The input is the prediction results, visualization expectations and the output is a visual representation of anomaly predictions by visualization and/or by period.;2164
Shared Domain;Assurance;Anomaly Management;Anomaly Mitigation;Anomaly Cause Indication;1375;This function identifies the potential causes of detected anomalies. The input to this function reference sources of data and detected anomalies, and the output is the potential narrowed down points of causes of detected anomalies.;2165
Shared Domain;Assurance;Anomaly Management;Anomaly Mitigation;Anomaly Mitigation Pattern Correlation;1376;The function identifies correlations between different anomaly mitigation patterns and uses this information to inform mitigation strategies for current predicted anomalies. The input to this function would be anomaly Mitigation plans or anomaly Mitigation runbooks correlated to detected anomalies, and the output is the correlations between different anomaly mitigation strategies.;2166
Shared Domain;Assurance;Anomaly Management;Anomaly Mitigation;Anomaly Mitigation Planner;1377;A function that establishes the set strategy/plan on how to mitigate detected anomalies. The input to this function is sources of data, the detected anomalies, and the correlations between different anomalies, and the is a plan for mitigating the detected anomalies.;2167
Shared Domain;Assurance;Anomaly Management;Anomaly Mitigation;Anomaly Mitigation Learning;1378;This function learns from past anomalies mitigation plans and results to improve future anomaly mitigation plans. The input to this function is the sources of data underpinning the anomaly detected, knowledge/history of past anomaly mitigation outcomes/performance, and the output is an improved anomaly mitigation model for future anomaly mitigation.;2168
Shared Domain;Assurance;Anomaly Management;Anomaly Mitigation;Anomaly Mitigation Reporter;1379;The function generates anomaly mitigation plan reports about detected anomalies and the mitigation plans and efforts. The input is detected anomalies, incidents, trouble tickets, problem management reports, mitigation plan/efforts, and the output is a report detailing anomalies and status of mitigation efforts.;2169
Shared Domain;Operations Readiness & Support,Business Value Development,Strategy Management,Capability Management,Billing,Fulfillment,Assurance;Data Analytics;Pattern Detection;Pattern Context Monitoring;1380;The Pattern Context Monitoring function tracks the overall setting/situation in which the physical and logical resources operate. It identifies and measure risks, assumptions, or any unexpected situations that may arise given a context at any point during the product/service/resources cycle. The input to this function is the current state of the resource and the output is the identified risks, assumptions, and unexpected situations.;2170
Shared Domain;Operations Readiness & Support,Business Value Development,Strategy Management,Capability Management,Billing,Fulfillment,Assurance;Data Analytics;Pattern Detection;Pattern Detection Context Capture;1381;Pattern Detection Context Capture function is used to capture context of relevance to the user or endpoint to categorize for operations. Input is human/machine provided target physical/logical resource, and output is a confirmation of capture of context,;2171
Shared Domain;Operations Readiness & Support,Business Value Development,Strategy Management,Capability Management,Billing,Fulfillment,Assurance;Data Analytics;Pattern Detection;Pattern Descriptor;1382;Pattern Descriptor function describes identified patterns in data. It take input from observation and/or sets of identified patterns, and output descriptions of these patterns.;2172
Shared Domain;Operations Readiness & Support,Business Value Development,Strategy Management,Capability Management,Billing,Fulfillment,Assurance;Data Analytics;Pattern Detection;Pattern Discovery;1383;Pattern Discovery function finds hidden information which is not possible using traditional Data Mining methodologies. The input to this function is dataset to be observed and the output is discovered patterns.;2173
Shared Domain;Operations Readiness & Support,Business Value Development,Strategy Management,Capability Management,Billing,Fulfillment,Assurance;Data Analytics;Pattern Detection;Pattern Change History;1384;Pattern Change History function keeps track of the changes to pattern entities and some happened events in a history. The input to this function is time Period to be observed, pattern of interest, and the output is a  timeline of pattern changes to an observed entity/agent.;2174
Shared Domain;Operations Readiness & Support,Business Value Development,Strategy Management,Capability Management,Billing,Fulfillment,Assurance;Data Analytics;Pattern Detection;Pattern Change Monitoring;1385;Pattern Change Monitoring function monitors changes in identified patterns over time. It takes as input a dataset and a set of identified patterns, and outputs changes in these patterns over time.;2175
Shared Domain;Operations Readiness & Support,Business Value Development,Strategy Management,Capability Management,Billing,Fulfillment,Assurance;Data Analytics;Pattern Detection;Pattern Event Monitoring;1386;This function collects, analyzes, and signals event occurrences to subscribers such as operating system processes, active database rules as well as human operators etc. Input to this function is event occurrence and the output is signaled event of the occurrence to the event subscribers.;2176
Shared Domain;Operations Readiness & Support,Business Value Development,Strategy Management,Capability Management,Billing,Fulfillment,Assurance;Data Analytics;Pattern Detection;Pattern Learning Management;1387;Pattern learning management manages the process of and lifecycle to learning patterns from data. It takes as input a prior pattern learning feedback, pattern learning  data and outputs a model that improves identifying patterns in data.;2177
Shared Domain;Operations Readiness & Support,Business Value Development,Strategy Management,Capability Management,Billing,Fulfillment,Assurance;Communications;Natural Language Processor;AI Language Model Provider;1388;Language Model Provider function is responsible for providing a language model that can generate text based on input data. The input to this function would be a sequence of words or sentences, and the output would be a generated sequence of words or sentences.;2178
Shared Domain;Operations Readiness & Support,Business Value Development,Strategy Management,Capability Management,Billing,Fulfillment,Assurance;Communications;Natural Language Processor;Natural Language Interpreter;1389;Natural Language Interpreter function interprets the source natural language and translates each line of words into target man/machine recognizable form of understanding. The input is a source language and the output is target language.;2179
Shared Domain;Operations Readiness & Support,Business Value Development,Strategy Management,Capability Management,Billing,Fulfillment,Assurance;Communications;Natural Language Processor;Natural Language Tokenizer;1390;Natural Language Tokenizer function breaks unstructured data and natural language text into chunks of information that can be considered as discrete elements. The input is a string of text and the output is a list of tokens or digital words.;2180
Shared Domain;Operations Readiness & Support,Business Value Development,Strategy Management,Capability Management,Billing,Fulfillment,Assurance;Communications;Natural Language Processor;Natural Language Speech Recognition;1391;Natural Language Speech Recognition function converts spoken language into text. The input is an audio file or a stream of spoken language, and the output is the transcribed text.;2181
Shared Domain;Operations Readiness & Support,Business Value Development,Strategy Management,Capability Management,Billing,Fulfillment,Assurance;Communications;Natural Language Processor;Natural Language Prompt Manager;1392;Natural Language Prompt Manager function is responsible for designing input prompts or queries that elicit specific responses from a language model. The input is a language model and a set of criteria, and the output is a set of prompts.;2182
Shared Domain;Operations Readiness & Support,Business Value Development,Strategy Management,Capability Management,Billing,Fulfillment,Assurance;Communications;Natural Language Processor;Natural Language Response Manager;1393;Natural Language Response Manager function is a dialogue system responsible for managing and generating appropriate responses to user inputs. The input would be a user query and the output is an appropriate response. This supports chatbot functions.;2183
Shared Domain;Operations Readiness & Support,Business Value Development,Strategy Management,Capability Management,Billing,Fulfillment,Assurance;Communications;Natural Language Processor;Natural Language Tagger;1394;Natural Language Tagger function assigns part-of-speech tags to each word in a sentence. The input is a sentence and the output is a list of tuples, where each tuple contains a word and its corresponding part-of-speech tag.;2184
Shared Domain;Operations Readiness & Support,Business Value Development,Strategy Management,Capability Management,Billing,Fulfillment,Assurance;Communications;Natural Language Processor;Natural Language Named Entity Recognition;1395;Natural Language Named Entity Recognition function identifies and classifies named entities in a text into predefined categories such as person names, organizations, locations, etc. The input is a string of text and the output is the text with identified entities.;2185
Shared Domain;Operations Readiness & Support,Business Value Development,Strategy Management,Capability Management,Billing,Fulfillment,Assurance;Communications;Natural Language Processor;Text Classification;1396;Natural Language Text Classification function categorizes and assigns predefined labels or categories to text documents, sentences, or phrases based on their content. The input is a piece of text and the output is the category or label of the text.;2186
Shared Domain;Operations Readiness & Support,Business Value Development,Strategy Management,Capability Management,Billing,Fulfillment,Assurance;Communications;Natural Language Processor;Information Extractor;1397;Natural Language Information Extractor function parses through unstructured data and extracts essential information into more editable and structured data formats. The input is unstructured data and the output is structured information extracted from the data.;2187
Shared Domain;Assurance,Billing,Fulfillment,Operations Readiness & Support,Strategy Management;Master Data Management;Data Repository Management;Repository Entity Relations Configuration;3;Repository Entity Relations Configuration manages hierarchical, inheritance and reuse relations between catalog entities. Re-usability is a major requirement for management of a catalog. Re-usability is achieved through inheritance and through the re-use of standalone entities as well as entity hierarchies.;2225
Shared Domain;Assurance,Billing,Fulfillment,Operations Readiness & Support,Strategy Management;Master Data Management;Data Repository Management;Repository Entity Grouping Configuration;4;Repository Entity Grouping Configuration defines the grouping of catalog entities. A catalog user needs flexibility and openness in configuring data catalog entities. One of the configuration options that enable high re-usability is the possibility to group entities and re-use the group level.;2226
Shared Domain;Assurance,Billing,Fulfillment,Operations Readiness & Support,Strategy Management;Master Data Management;Data Repository Management;Repository Entity Data Model Configuration;6;Repository Entity Data Model Configuration enables the catalog to provide the capability to have a flexible data model with the ability to structure entities and attributes as desired by the user and to extend the model according to the requirements.;2228
Shared Domain;Assurance,Billing,Fulfillment,Operations Readiness & Support,Strategy Management;Master Data Management;Data Repository Management;Repository Entity Hierarchy Management;11;Repository Entity Hierarchy Management manages rules that governs the relationships between entities in different layers. A catalog that manages different layers needs to maintain the rules within the layer and between the layers. For example, how product definition translate corresponds to different services provisioning rules, and so on.;2233
Shared Domain;Assurance,Billing,Fulfillment,Operations Readiness & Support,Strategy Management;Master Data Management;Data Repository Management;Repository Entity Revision Control;13;Repository Entity Revision Control provides a work environment that permits users to work in parallel without interfering with each others efforts, to manage the relevant permissions on the data or on activity level, and to support the different user interfaces required.;2235
Shared Domain;Fulfillment;Fallout Management;Fallout Correction Management;Fallout Automated Correction;16;Fallout Automated Correction function tries to automatically fix fallouts in workflows before they go to a human for handling. This includes a Fallout Rules Engine that provides the capability to handling various errors or error types based on built rules. These rules can facilitate auto correction, correction assistance, placement of errors in the appropriate queues for manual handling, as well as access to various systems.;2238
Shared Domain;Fulfillment;Fallout Management;Fallout Correction Management;Fallout Correction Information Collection;17;Fallout Correction Information Collection collects relevant information for errors or situations that cannot be handled via Fallout Auto Correction. The intent is to reduce the time required by the technician in diagnosing and fixing the fallout.;2239
Shared Domain;Fulfillment;Fallout Management;Fallout Repository Management;Fallout Management to Fulfillment Application Accessing;18;Fallout Management to Fulfillment Application Accessing function provides a variety of tools to facilitate Fallout Management access to other applications and repositories to facilitate proper Fallout Management. This can include various general access techniques such as messaging, publish and subscribe, etc. as well as specific APIs and contracts to perform specific queries or updates to various applications or repositories within the fulfillment domain.;2240
Shared Domain;Fulfillment;Fallout Management;Fallout Correction Management;Fallout Manual Correction Queuing;19;Fallout Manual Correction Queuing function provides the required functionality to place error fallout into appropriate queues to be handled via various staff or workgroups assigned to handle or fix the various types of fallout that occurs during the fulfillment process. This includes the ability to create and configure queues, route errors to the appropriate queues, as well as the ability for staff to access and address the various fallout instances within the queues.;2241
Shared Domain;Fulfillment;Fallout Management;Fallout Repository Management;Fallout Notification;20;Fallout Notification function provides the means to alert people or workgroups of some fallout situation. This can be done via a number of means, including email, paging, (Fallout management interface bus) etc. This function is done via business rules.;2242
Shared Domain;Fulfillment;Fallout Management;Fallout Correction Management;Fallout Orchestration;21;The Fallout Orchestration function provides workflow and orchestration capability across Fallout Management.;2243
Shared Domain;Fulfillment;Fallout Management;Fallout Repository Management;Fallout Reporting;22;Fallout Reporting provides various reports regarding Fallout Management, including statistics on fallout per various times periods (per hour, week, month, etc) as well as information about specific fallout.;2244
Shared Domain;Fulfillment;Fallout Management;Fallout Repository Management;Fallout Dashboard System Log-in Accessing;23;Fallout Dashboard System Log-in Accessing provides auto logon capability into various applications needed to analyze and fix fallout.;2245
Shared Domain;Fulfillment;Fallout Management;Fallout Correction Management;Pre-populated Fallout Information Presentation;24;Pre-populated Fallout Information Presentation automatically position the analyzer on appropriate screens pre-populated with information about the order(s) that's subject for fallout handling.;2246
Shared Domain;Assurance,Billing,Fulfillment,Operations Readiness & Support,Strategy Management;Identification and Permission Management;Digital Identity Management;Anonymous User Account Creation;260;Anonymous User Account Creation provides account creation for anonymous user account, either through external customer self empowered fulfillment function or internal customer support access.;2481
Shared Domain;Assurance,Billing,Fulfillment,Operations Readiness & Support,Strategy Management,Shared Domain,Business Value Development;Content Management;Document Management;Archive Administration;305;Archive Administration provides archive maintenance and administrative functions. Typical documents are stored online for short periods. Maintenance implies offloading to external storage depending on retention periods.;2526
Shared Domain;Assurance,Billing,Fulfillment,Operations Readiness & Support,Strategy Management,Shared Domain,Business Value Development;Content Management;Document Management;Archiving Data Storage;306;Archiving Data Storage provides document archive compression and storage of transactional document data.;2527
Shared Domain;Assurance,Billing,Fulfillment,Operations Readiness & Support,Strategy Management,Shared Domain,Business Value Development;Content Management;Document Management;Archived Data Retrieval;307;Archived Data Retrieval provides retrieval mechanisms for external systems. External systems can be customer care, self care or offline storage systems.;2528
Shared Domain;Assurance,Billing,Fulfillment,Operations Readiness & Support,Strategy Management,Shared Domain,Business Value Development;Content Management;Document Management;Transactional Document Delivering;308;Transactional Document Delivering makes transactional documents available via paper, CD-ROM, DVD, EDI, electronic, etc, as specified by the customer.;2529
Shared Domain;Assurance,Billing,Fulfillment,Operations Readiness & Support,Strategy Management,Shared Domain,Business Value Development;Content Management;Document Management;Bills and Letter Template Creation;330;Bills and Letter Template Creation develops and maintains the bill or letter template.;2551
Shared Domain;Assurance,Billing,Fulfillment,Operations Readiness & Support,Strategy Management,Shared Domain,Business Value Development;Content Management;Document Management;Transactional Document Rules for Input to Template Binding Configuration;331;Transactional Document Rules for Input to Template Binding Configuration defines the binding rules between the input data and the template format.;2552
Shared Domain;Assurance,Billing,Fulfillment,Operations Readiness & Support,Strategy Management,Shared Domain,Business Value Development;Content Management;Document Management;Transactional Document Input Data Sourcing Configuration;332;Transactional Document Input Data Sourcing Configuration defines the data input source specification for run time production.;2553
Shared Domain;Assurance,Billing,Fulfillment,Operations Readiness & Support,Strategy Management,Shared Domain,Business Value Development;Content Management;Document Management;Transactional Document Template Resource Configuration;333;Transactional Document Template Resource Configuration defines and maintains resources (font, colors, images and language) for the template.;2554
Shared Domain;Assurance,Billing,Fulfillment,Operations Readiness & Support,Strategy Management,Shared Domain,Business Value Development;Content Management;Document Management;Transactional Document Template Usage Business Rules Configuration;334;Transactional Document Template Usage Business Rules Configuration provides development and maintenance of business rules for the transactional document template usage.;2555
Shared Domain;Assurance,Billing,Fulfillment,Operations Readiness & Support,Strategy Management,Shared Domain,Business Value Development;Content Management;Document Management;Transactional Document Multiple Account Aggregation;335;Transactional Document Multiple Account Aggregation aggregates multiple accounts, and generates an appropriate invoice/billing statement (if a billing statement).;2556
Shared Domain;Assurance,Billing,Fulfillment,Operations Readiness & Support,Strategy Management,Shared Domain,Business Value Development;Content Management;Document Management;Transactional Document Regional Requirements Appliance;336;Transactional Document Regional Requirements Appliance applies tax id numbers and other legally mandated information in accordance with region specific requirements.;2557
Shared Domain;Assurance,Billing,Fulfillment,Operations Readiness & Support,Strategy Management,Shared Domain,Business Value Development;Content Management;Document Management;Transactional Document Information Formatting;337;Formats document information in the customer selected or default format.;2558
Shared Domain;Assurance,Billing,Fulfillment,Operations Readiness & Support,Strategy Management,Shared Domain,Business Value Development;Content Management;Document Management;Transactional Document Legend Generation;338;Transactional Document Legend Generation generates and formats section legends (summary, call detail, etc.) based on regulatory requirements.;2559
Shared Domain;Assurance,Billing,Fulfillment,Operations Readiness & Support,Strategy Management,Shared Domain,Business Value Development;Content Management;Document Management;Transactional Document Marketing Information Incorporation;339;Transactional Document Marketing Information Incorporation incorporates marketing messages in the transactional documents.;2560
Shared Domain;Assurance,Billing,Fulfillment,Operations Readiness & Support,Strategy Management,Shared Domain,Business Value Development;Content Management;Document Management;Transactional Document Data Sending;340;Transactional Document Data Sending sends data to downstream interfaces, for transactional documents generation for such as finance, warehouse, etc.;2561
Shared Domain;Business Value Development;Privacy Development;Privacy Definition  Management;Privacy Profile Type Creation;664;"Privacy Profile Type Creation provides a privacy dashboard function to define and create the individual privacy profile types by categorizing the Data Subject Parties,  defining the elements of the Privacy for the Privacy Profile Type, both initial and additional for future evolution.
Note: Profiles Type are defined according to the Country Privacy Authority such as National Protective Security Authority (NPSA) for UK.";2883
Shared Domain;Business Value Development;Privacy Development;Privacy Definition  Management;Privacy Profile Rules Configuration;665;"Privacy Profile Rules Configuration provides a Privacy Dashboard function to define default and updated values for the individual Privacy Profile including the values for the Privacy Rules, and the default Privacy Profile for each Privacy Profile Type.
Note: Profiles Rules are defined according to the Country Privacy Authority such as National Protective Security Authority (NPSA) for UK.";2884
Shared Domain;Operations Readiness & Support;Privacy Management;Privacy Repository Management;Privacy Data Browsing Access;666;"Privacy Data Browsing Access provides a Privacy Dashboard access to Privacy Data Browsing used to provide the ""Data Subject Party"" the ability to view the current privacy profile attributes, of the Privacy Profile, both associated default values of rules defined, and the current values of rules.";2885
Shared Domain;Operations Readiness & Support;Privacy Management;Privacy Repository Management;Privacy Data Updating Access;667;Privacy Data Updating Access provides a Privacy Dashboard function that provides an access possibility for the Party to alter the Privacy Profile, with authorized values.;2886
Shared Domain;Operations Readiness & Support;Privacy Management;Privacy Repository Management;Privacy Consent Agreement Obtaining;668;"Privacy Consent Agreement Obtaining function is used to obtain consent from the ""Data Subject Party"" at the time of a change to the Privacy Profile. This can be initiated by the ""Data Subject Party"" at creation of new usage, or by the Service when delivering a new scenario.";2887
Shared Domain;Operations Readiness & Support,Business Value Development,Strategy Management,Capability Management,Billing,Fulfillment,Assurance;Data Analytics;Business Intelligence;Business Intelligence Guided Searching;690;Business Intelligence Guided Searching provide a function for Guided Searching in business information databases to gather relevant data for manual or automated analysis.;2888
Shared Domain;Operations Readiness & Support,Business Value Development,Strategy Management,Capability Management,Billing,Fulfillment,Assurance;Data Analytics;Business Intelligence;Business Intelligence Interactive Analyzing;691;"Business Intelligence Interactive Analyzing is a Business Intelligence analytic function used for mathematical and statistical analysis of data - calculating correlations, trends, and patterns using complex algorithms and modeling to support Operational Decision Support Systems. Supporting interactive analysis of business data, On-line over e.g. a web-client. The analysis function is often guided or using complex algorithms. E.g OLAP and Data Mining.
Information includes, but is not limited to:

	on market: knowledge of the market shares by region with general trends, potentials in volume, in CA
	on customer and consumer expectations and motivations, new modes of consumption, calculation of the customer average revenues according to the offer range and flow (acquisition, churn, migration)
	on distribution: general trends, new distribution channel
	on competition: anticipate the competition strategy by analysis of the market shares and competition and evolution assumptions, positioning, target.
	for environment: politic, economic (cartography of the geo-merchandising zones), technologic, ecological, legislative
	on Company Performances: turnover evolution, profitability, financial means
	for customers: enterprise image &amp; fame, qualification of the customers (loyalty, satisfaction, contact mode, frequency, income, purchasing power, equipment), purchase behavior
	market shares by region: penetration rates of the offers by region, number of eligible lines by region.
";2889
Shared Domain;Operations Readiness & Support,Business Value Development,Strategy Management,Capability Management,Billing,Fulfillment,Assurance;Data Analytics;Business Intelligence;Business Operational Trend Analyzing;693;"Business Operational Trend Analyzing provides functions used for mathematical and statistical analysis of data - calculating correlations, trends, and patterns using complex algorithms and modeling to support Predictive Analytics.
Information includes, but is not limited to:

	on market: knowledge of the market shares by region with general trends, potentials in volume, in CA
	on customer and consumer expectations and motivations, new modes of consumption, calculation of the customer average revenues according to the offer range and flow (acquisition, churn, migration)
	on distribution: general trends, new distribution channel
	on competition: anticipate the competition strategy by analysis of the market shares and competition and evolution assumptions, positioning, target.
	for environment: politic, economic (cartography of the geo-merchandising zones), technologic, ecological, legislative
	on Company Performances: turnover evolution, profitability, financial means
	for customers: enterprise image &amp; fame, qualification of the customers (loyalty, satisfaction, contact mode, frequency, income, purchasing power, equipment), purchase behavior
	market shares by region: penetration rates of the offers by region, number of eligible lines by region.
";2891
Shared Domain;Operations Readiness & Support,Business Value Development,Strategy Management,Capability Management,Billing,Fulfillment,Assurance;Data Analytics;Business Intelligence;Business Operational Statistics Analyzing;694;"Business Operational Statistics Analyzing provides functions used for mathematical and statistical analysis of data. Information includes, but is not limited to:

	on market: knowledge of the market shares by region with general trends, potentials in volume, in CA
	on customer and consumer calculation of the customer average revenues according to the offer range and flow (acquisition, churn, migration)
	on distribution: general trends
	on competition: analysis of the market shares, positioning, target
	on Company Performances: turnover evolution, profitability, financial means
	market shares by region: penetration rates of the offers by region, number of eligible lines by region.
";2892
Shared Domain;Operations Readiness & Support,Business Value Development,Strategy Management,Capability Management,Billing,Fulfillment,Assurance;Data Analytics;Business Intelligence;Business Intelligence User Integration;696;Business Intelligence User Integration provides integration between business intelligence functions to Customer Facing Business Intelligence Office Suites User Interfaces and/or Desktop Gadgets consisting of technologies utilized to present information in the format requested and through the desired user interface. E.g. Dashboards.;2894
Shared Domain;Operations Readiness & Support,Business Value Development,Strategy Management,Capability Management,Billing,Fulfillment,Assurance;Data Analytics;Business Intelligence;Business Intelligence Offline Document Delivering;697;Business Intelligence Offline Document Delivering consists of the technologies utilized to present information to BI users in the format requested to be used when disconnected. E.g. Alert and Collect, Pre-formatted Reports, File formats.;2895
Shared Domain;Operations Readiness & Support,Business Value Development,Strategy Management,Capability Management,Billing,Fulfillment,Assurance;Data Analytics;Business Intelligence;Business Metrics/KPIs Rules Evaluation;700;Business Metrics/KPIs Rules Evaluation provides the evaluation of Business Intelligence performance Metrics/KPIs. Performance data is aggregated in the Analytics functions, but business rules for Metrics and KPIs are applied in this function.;2898
Shared Domain;Operations Readiness & Support,Business Value Development,Strategy Management,Capability Management,Billing,Fulfillment,Assurance;Data Analytics;Business Intelligence;Business Operational Follow-up Planning;701;Business Operational Follow-up Planning function follows up the performance of business processes or physical resources such as network components or IT servers and services have different technologies for measurement. The performance follow-up may differ depending on criterions.;2899
Shared Domain;Operations Readiness & Support,Business Value Development,Strategy Management,Capability Management,Billing,Fulfillment,Assurance;Data Analytics;Business Intelligence;Business Operational Strategy Management Planning;703;Business Operational Strategy Management Planning provides planning, follow up and business rules evaluation. Performance data is aggregated in the Analytics functions, but business rules are applied in this function.;2901
Shared Domain;Operations Readiness & Support,Business Value Development,Strategy Management,Capability Management,Billing,Fulfillment,Assurance;Data Analytics;Business Intelligence;Business Operational Analytics Result Presentation;704;Business Operational Analytics Result Presentation function present Analytics, Metrics, KPI, Search etc. data graphically.;2902
Shared Domain;Operations Readiness & Support,Business Value Development,Strategy Management,Capability Management,Billing,Fulfillment,Assurance;Data Analytics;Business Intelligence;Business Intelligence Analysis Result Notification;705;Business Intelligence Analysis Result Notification assist the delivery functions by sending alerts to Customers/Users about new or changed Analytics, Metrics, KPI etc. data according to requested criteria.;2903
Shared Domain;Assurance,Billing,Fulfillment,Operations Readiness & Support,Strategy Management,Shared Domain,Business Value Development;Content Management;Records Management;Content Management Data Versioning;709;Content Management Data Versioning provides Business Intelligence Content Artifact Version Control managing the official versioning of BI material that needs to be formally version controlled because of e.g. quality or legal reasons.;2907
Shared Domain;Assurance,Billing,Fulfillment,Operations Readiness & Support,Strategy Management,Shared Domain,Business Value Development;Content Management;Records Management;Content Management Archiving;710;Content Management Archiving provides Business Intelligence Content Artifact Lifecycle Management and keeps track of the aging of the Business Intelligence information and artifacts. All information has a best-before date that differs from context to context, but to use the data in a relevant way there might be cleanup functions or warning functions for outdated data.;2908
Shared Domain;Assurance,Billing,Fulfillment,Operations Readiness & Support,Strategy Management,Shared Domain,Business Value Development;Content Management;Records Management;eLearning Interactive Lecturing;711;eLearning Interactive Lecturing is an eLearning function where the student follows a training course in interactive way with queries and answers or tests and answers to encourage learning.;2909
Shared Domain;Assurance,Billing,Fulfillment,Operations Readiness & Support,Strategy Management,Shared Domain,Business Value Development;Content Management;Records Management;eLearning Course Administration;712;eLearning Course Administration is the function for eLearning sites where the participation is fully automated. The eLearning Administration lists available trainings and students can book and run a training.;2910
Shared Domain;Assurance,Billing,Fulfillment,Operations Readiness & Support,Strategy Management,Shared Domain,Business Value Development;Content Management;Records Management;Content Management Data Composing;713;Content Management Data Composing provides Business Intelligence Support of Master Data changes and history to be combined with other BI data for reports etc.;2911
Shared Domain;Assurance,Billing,Fulfillment,Operations Readiness & Support,Strategy Management,Shared Domain,Business Value Development;Content Management;Records Management;Content Management Meta-Data Support;714;"Content Management Meta-Data Support provides BI Metadata Management of e.g.
- Technical Metadata that describes the physical objects like Tables, fields, indexes, sources, transformations etc.
- Business Metadata that describes the content's facts, dimensions, Logical relationships etc.
- Process Metadata describes the operations executed on the BI warehouse data and the results.";2912
Shared Domain;Assurance,Billing,Fulfillment,Operations Readiness & Support,Strategy Management;Identification and Permission Management;Permission Control;Building Access Control;897;Building Access Control checks, stops or allow physical access to facilities according to access roles and rules.;3220
Shared Domain;Assurance,Billing,Fulfillment,Operations Readiness & Support,Strategy Management;Identification and Permission Management;Roles & Permission Definition;Application Security Management;898;Application Security Management administrates the roles and rules that applies to getting the right to use an application.;3221
Shared Domain;Assurance,Billing,Fulfillment,Operations Readiness & Support,Strategy Management;Identification and Permission Management;Identification and Authentication;Single Sign-On Access Control;899;Single Sign-On Access Control grants access in cooperation with central Authentication and Authorization functions to secure the most updated security.;3222
Shared Domain;Assurance,Billing,Fulfillment,Operations Readiness & Support,Strategy Management;Identification and Permission Management;Permission Control;Authorization Control;900;"Authorization Control Function controls permissions according to roles and related rules.
It consists in evaluating if a requester is granted the permission to act by providing the required evidence. The evidence corresponds to the condition specified for each right (for instance keying the correct password to use a specific mailbox). If the action is protected via a right which is assigned (possibly via a role) to a person then the person has to be identified to retrieve their rights and verify if the request to act can be granted.";3223
Shared Domain;Assurance,Billing,Fulfillment,Operations Readiness & Support,Strategy Management;Identification and Permission Management;Identification and Authentication;PKI and Digital Certificates Systems Integration;906;PKI and Digital Certificates Systems Integration provides integration to Public Key Infrastructure Systems that provides digital certificates, and the support to use public keys and digital certificates.;3229
Shared Domain;Assurance,Billing,Fulfillment,Operations Readiness & Support,Strategy Management;Master Data Management;Data Structure Definition;Data Architecture Management;909;The BI framework function for Developing and maintaining data architectures.;3232
Shared Domain;Assurance,Billing,Fulfillment,Operations Readiness & Support,Strategy Management;Master Data Management;Data Structure Definition;Data Procedures and Practices Management;910;The BI framework function for development and maintenance of the practices and procedures dealing with data.;3233
Shared Domain;Assurance,Billing,Fulfillment,Operations Readiness & Support,Strategy Management;Master Data Management;Data Repository Management;Data Management Data Storage;911;The Data Management framework function for Data Storage.;3234
Shared Domain;Assurance,Billing,Fulfillment,Operations Readiness & Support,Strategy Management;Master Data Management;Data Repository Management;Management Data Retrieval;914;Management Data Retrieval provides services to extract enterprise data from multiple Target Databases.;3237
Shared Domain;Assurance,Billing,Fulfillment,Operations Readiness & Support,Strategy Management;Master Data Management;Data Repository Management;Management Data Integration Access;917;Management Data Integration Access provides access to integration services for data management to Data Dictionaries.;3240
Shared Domain;Assurance,Billing,Fulfillment,Operations Readiness & Support,Strategy Management,Shared Domain,Business Value Development;Content Management;Content Repository Management;Content Management Authoring Support;920;Content Management Authoring Support supports to collaboratively create or enhance content and implement it via a review and testing process.;3243
Shared Domain;Assurance,Billing,Fulfillment,Operations Readiness & Support,Strategy Management,Shared Domain,Business Value Development;Content Management;Content Repository Management;Content Management Data Compilation;921;Content Management Data Compilation is used to compile content into physical formats needed for on-line tools that support work center personnel by serving content as part of a scripted dialog with a customer.;3244
Shared Domain;Assurance,Billing,Fulfillment,Operations Readiness & Support,Strategy Management,Shared Domain,Business Value Development;Content Management;Content Repository Management;Content Management Data Acquisition Integration;922;Content Management Data Acquisition Integration provides a tool for acquiring content or migrating content to/from repositories through integration with security, pub/sub brokers, application APIs and traditional interfaces.;3245
Shared Domain;Assurance,Billing,Fulfillment,Operations Readiness & Support,Strategy Management,Shared Domain,Business Value Development;Content Management;Content Repository Management;Content Management Data Access;925;Content Management Data Access function includes Search engines with Filters etc. used to search through content and find specific instances based on a particular context or search parameter;3248
Shared Domain;Operations Readiness & Support;Privacy Management;Privacy Control;Record Retention Management;945;"Record Retention Management of data and information monitor and assures compliance with the retention aspects of federal and state laws,
legal requirements and expectations as well as the enterprise policies and procedures.";3267
Shared Domain;Assurance,Billing,Fulfillment,Operations Readiness & Support,Strategy Management;Project Management;Project Planning;Project Planning;947;Project Management Tool for project resource, time and budget planning.;3269
Shared Domain;Assurance,Billing,Fulfillment,Operations Readiness & Support,Strategy Management;Project Management;Project Repository Management;Project Follow-up Management;948;Project Follow-up Management provides tools for follow up of project resources, time plans and budget utilization.;3270
Shared Domain;Assurance,Billing,Fulfillment,Operations Readiness & Support,Strategy Management;Project Management;Project Repository Management;Project Reporting;949;Project Management Tool for reporting of project progress and follow up results.;3271
Shared Domain;Assurance,Billing,Fulfillment,Operations Readiness & Support,Strategy Management;Master Data Management;Data Repository Management;Entity Management Notification;992;Entity Management Notification provides notifications after Entity Management actions to associated applications or application functions.;3329
Shared Domain;Assurance,Billing,Fulfillment,Operations Readiness & Support,Strategy Management;Master Data Management;Data Repository Management;Entity Management Reporting;993;Entity Management Reporting reports to users or applications with defined and formatted content, scheduled on-demand or subscribed.;3330
Shared Domain;Assurance,Billing,Fulfillment,Operations Readiness & Support,Strategy Management;Master Data Management;Data Repository Management;Data Storage Management;1010;Data Storage Management function manages the data storing applications to allow preventive and corrective maintenance, performance control and configuration needed for use of the data store functions. All management events are logged for auditing purposes.;3351
Shared Domain;Assurance,Billing,Fulfillment,Operations Readiness & Support,Strategy Management;Master Data Management;Data Structure Definition;Data Store Content Structure Configuration;1011;Data Store Content Structure Configuration manages the data store structures including meta modeling and lifecycle management to make it ready for future use. All management events are logged for auditing purposes.;3352
Shared Domain;Assurance,Billing,Fulfillment,Operations Readiness & Support,Strategy Management;Master Data Management;Data Repository Management;Data Entity Lifecycle Management;1013;Data Entity Lifecycle Management function creates and manages data entities lifecycle in accordance to compliance and policy guidelines. The activities are logged according to the compliance and policies for the specific data types.;3354
Shared Domain;Assurance,Billing,Fulfillment,Operations Readiness & Support,Strategy Management;Master Data Management;Data Repository Management;Data Entity Access;1014;Data Entity Access provides reading and updating data including transformation and formatting from/to Data Store formats. The activities are logged according to the compliance and policies.;3355
Shared Domain;Assurance,Billing,Fulfillment,Operations Readiness & Support,Strategy Management;Master Data Management;Data Repository Management;Data Entity Archiving;1015;Data Entity Archiving archives data or data entities on demand or automatically or periodically according to configured archival scheduling. The archival activities are logged according to the compliance and policies, e.g. encryption rules etc.;3356
Shared Domain;Assurance,Billing,Fulfillment,Operations Readiness & Support,Strategy Management;Master Data Management;Data Repository Management;Data Management Interface Access;1016;"Data Management Interface Access provides access interfaces to read and update stored data, individually or in bulk format. Access to data is controlled by authorization, compliance and privacy policies.
Interfaces for High performance, high security and high availability to dedicated data management applications.";3357
Shared Domain;Assurance,Billing,Fulfillment,Operations Readiness & Support,Strategy Management;Master Data Management;Data Repository Management;Data Distribution;1017;Distribution function that push data according to configured subscriptions of data in requested formats, etc.;3358
Shared Domain;Assurance,Billing,Fulfillment,Operations Readiness & Support,Strategy Management;Master Data Management;Data Repository Management;Data Distribution Configuration;1018;Configuration of subscription and formatting for the Data Access and Data Distribution function.;3359
Shared Domain;Assurance,Billing,Fulfillment,Operations Readiness & Support,Strategy Management;Master Data Management;Data Structure Definition;Data Compliance and Policy Configuration;1019;Configuration function to define Data Compliance and Policy Rules and guidelines for e.g. authorization groups, data types etc. Configuration changes are logged for auditing;3360
Shared Domain;Assurance,Billing,Fulfillment,Operations Readiness & Support,Strategy Management;Master Data Management;Data Structure Definition;Data Compliance and Policy Distribution;1020;Data Compliance and Policy Distribution provides distribution of compliance and policy rules and guidelines to Data Management functions on request, at change or periodically.;3361
Shared Domain;Assurance,Billing,Fulfillment,Operations Readiness & Support,Strategy Management;Master Data Management;Data Repository Management;Compliance and Policy Management Access;1021;Compliance and Policy Management Access provides interfaces with authentication and authorization control for configuration, distribution and log reporting.;3362
Shared Domain;Assurance,Billing,Fulfillment,Operations Readiness & Support,Strategy Management;Master Data Management;Data Repository Management;Data Transformation;1022;Data Transformation function provides transformation functions to transform data according to standard or configured transformation algorithms (e.g. number to alphanumeric) internally or requesting transformation externally. This includes encryption/decryption and logging according to compliance guidelines.;3363
Shared Domain;Assurance,Billing,Fulfillment,Operations Readiness & Support,Strategy Management;Master Data Management;Data Repository Management;Data Formatting;1023;Data Formatting function that reformats data according to pre-configured formatting algorithms.;3364
Shared Domain;Assurance,Billing,Fulfillment,Operations Readiness & Support,Strategy Management;Master Data Management;Data Repository Management;Transformation and Formatting Configuration;1024;Transformation and Formatting Configuration function configures the possible transformation and formatting algorithms to be used.;3365
Shared Domain;Assurance,Billing,Fulfillment,Operations Readiness & Support,Strategy Management;Identification and Permission Management;Identification and Authentication;Application Access;1025;Application Access provide access interfaces with authentication and authorization control for the requests and responses related to the applications functionality, including event logging and usage statistics.;3366
Shared Domain;Operations Readiness & Support,Business Value Development,Strategy Management,Capability Management,Billing,Fulfillment,Assurance;Data Analytics;Business Intelligence;Environment Creator;1398;"Simulation Environment Creator function is responsible for generating the environment in which the simulation will take place. It can involve creating replicas or digital twins of physical characters, operating conditions, or any other environmental factors.
    - Input: Parameters defining the type and characteristics of the environment to be created.
    - Output: A virtual environment or digital twin of the environment for simulations.";4047
Shared Domain;Fulfillment;Fallout Management;Fallout Correction Management;Fallout Rule Based Error Correction;756;Fallout Rule Based Error Correction function provides the capability to handle various errors or error types based on pre-defined rules. These rules can facilitate auto correction.;4081
Shared Domain;Assurance,Billing,Fulfillment,Operations Readiness & Support,Strategy Management;Identification and Permission Management;Role and Permission Assignment / Configuration;Party Role Assignment;1181;Party Role Assignment Function consists in assigning a party role to a person according to a type of role such as Customer or Payer. Sometimes a party role might be not played by a Party when unknown. For example, we might not know the Party that uses a mail box.;4107
Shared Domain;Assurance,Billing,Fulfillment,Operations Readiness & Support,Strategy Management;Identification and Permission Management;Role and Permission Assignment / Configuration;Permission Perimeter Configuration;1182;"Permission Perimeter Configuration Function consists in specifying on which perimeter the permission carried by the Party Role applies on. A perimeter defines:

	either an object or a set of objects such as a Product, a Billing Account, etc.
	or using selection criteria to identify objects on which permission applies such as geographical area where the Distributor has right to sell.
";4108
Integration Domain;Operations Readiness & Support;Business Requirements, Process & Rules Management;Business Rules Management;Business Rules Creation;1329;Business Rules Creation function provides the means to capture and validate the business rule definitions associated with one or more project or effort. This includes decision and dependency logic, along with the actions to be taken based on variety of scenarios.;2120
Integration Domain;Operations Readiness & Support;Business Requirements, Process & Rules Management;Business Rules Management;Business Rules Storage;1330;Business Rules Storage function provides a repository to store business rule definitions to enhance rules management and enable reuse.;2121
Integration Domain;Operations Readiness & Support;Business Requirements, Process & Rules Management;Business Rules Management;Business Rules Version Control;1331;Business Rules Version Control function provides the means to keep track of updates to business rules, including the means to check in, check out, access, revert, etc. It also provides the capability to interpret changes to existing business rules, identify the impact, and take appropriate action to reflect the changes in subsequent implementations.;2122
Integration Domain;Operations Readiness & Support;Business Requirements, Process & Rules Management;Business Rules Management;Business Rules Translation to Execution;1332;Business Rules Translation to Execution function provides analysis and interpretation of business rules by functional systems to apply to process and drive execution.;2123
Integration Domain;Operations Readiness & Support;Business Requirements, Process & Rules Management;Business Process Management;Business Process Storage;1333;Business Process Storage function provides the means for storage and retrieval of business process definitions, including updates, versions, linkages, etc. This helps in the facilitation of the end to end management of the process design and promotes reuse.;2124
Integration Domain;Operations Readiness & Support;Business Requirements, Process & Rules Management;Business Process Management;Business Process Simulation;1334;Business Process Simulation function enables the testing and validation of the defined processes prior to deployment through process simulation. Errors, or trouble areas, are identified and solutions are recommended.;2125
Integration Domain;Operations Readiness & Support;API Implementation Management;API Implementation Information Management;API Implementation Metadata Management;1335;API Implementation Metadata Management function supports the definition, organization and retrieval of metadata about API Implementations (aka Software Services);2126
Integration Domain;Operations Readiness & Support;API Implementation Management;API Implementation Information Management;API Implementation Operational Information Management;1336;API Implementation Operational Information Management function supports the recording and retrieval of information about the operational history, service plans, metrics and inventory of API Implementations (aka Software Services);2127
Integration Domain;Fulfillment;Fulfillment Integration Management;Customer Fulfillment Access Management;Customer Order Capturing Access;176;Customer Order Capturing Access provides front end support for the Customer Order Capturing functions defined by the order management.;2397
Integration Domain;Fulfillment;Fulfillment Integration Management;Resource Fullfilment Access Management;External Access Equipment Management;267;External Access Equipment Management provides functions to undertake equipment management (allocation, activation) e.g. corporate customer self empowered equipment management.;2488
Integration Domain;Fulfillment;Fulfillment Integration Management;Customer Fulfillment Access Management;Guided Eligible Product Selection;268;Guided Eligible Product Selection provides guided sales view for offer eligible to the customer for self empowered fulfillment. The access function providing an internet technology driven interface for the customer to undertake guided self service product selection.;2489
Integration Domain;Assurance;Assurance Integration Management;Customer Assurance Access Management;Fulfillment and SLA Report Access;276;Fulfillment and SLA Report Access provides Self service access to Reports on fulfillment and SLA aspects.;2497
Integration Domain;Business Value Development;Lifecycle Integration Management;Product Lifecycle Acces;External Product Information Exposure;368;External Product Information Exposure provides a function to make e.g. dealers self-sufficient to view products, services and promotions data.;2589
Integration Domain;Fulfillment;Fulfillment Integration Management;Customer Fulfillment Access Management;External Sales Functions Accessing;377;External Sales Functions Accessing provides access to appropriate service provider functions such as funnel, ordering, contracting, etc.;2598
Integration Domain;Fulfillment;Fulfillment Integration Management;Customer Fulfillment Access Management;Sales Tools Accessing;378;Sales Tools Accessing provides a sales portal function to access sales tools of the company for sales of the service provider products.;2599
Integration Domain;Fulfillment;Fulfillment Integration Management;Service Fulfillment Access Management;Service Order Exposure;597;Service Order Exposure provides exposure of the status on the overall service order.;2816
Integration Domain;Operations Readiness & Support;Business Requirements, Process & Rules Management;Business Process Implementation;BPM Workflow Sequencing;674;BPM Workflow Sequencing provides a process execution engine that initiates processes and sequences of process steps, work items and work lists of workflows in an automated way.;2917
Integration Domain;Operations Readiness & Support;Business Requirements, Process & Rules Management;Business Process Development;Business Process Designing;675;Business Process Designing function is used for individual business process definition by the process owner, (increasingly expressed in a standard language such as UML or some variation of XML). Each Process Definition may be composed of both manual activities and automated activities.;2918
Integration Domain;Operations Readiness & Support;Business Requirements, Process & Rules Management;Business Process Implementation;Business Process Management Activity Monitoring;676;Business Process Management Activity Monitoring provides access to status and performance metrics of the execution of processes.;2919
Integration Domain;Assurance,Billing,Fulfillment,Operations Readiness & Support,Strategy Management;API Management;API Gateway Management;API Lifecycle Management Access Control;669;API Lifecycle Management Access Control defines Access control policies based on a Role-Based Access Control (RBAC) system that restrict permissions for Create, Read, Update and Delete, thus enabling different stakeholders wrights.;2920
Integration Domain;Assurance,Billing,Fulfillment,Operations Readiness & Support,Strategy Management;API Management;API Gateway Management;API Gateway Caching;677;The Application Programming Interface Gateway function (a.k.a.API Broker, or simply, API Runtime) caching function. By caching specific service enabler operation responses, the broker can improve its responsiveness by reducing the number of requests to an underlying service enabler to whenever its responses are not already cached.;2921
Integration Domain;Assurance,Billing,Fulfillment,Operations Readiness & Support,Strategy Management;API Management;API Gateway Management;API Gateway Routing;679;"API Gateway Routing; Application Programming Interface Gateway Routing function performs content-based routing, fail-over, load balancing, and broadcasting of requests. The gateway can also validate to ensures that only valid messages (according to their contracts schema) are routed to the remote host (Inbound and Outbound flow control). This capability lowers dramatically the number of malformed messages that are presented to a given service enabler, and by doing so contributes to maximize the performance and scalability of that service enabler.";2923
Integration Domain;Assurance,Billing,Fulfillment,Operations Readiness & Support,Strategy Management;API Management;API Gateway Management;API Gateway Event Routing;681;API Gateway Event Routing function evaluates decision tasks making it possible to have decision trees within a workflow or policy evaluation, at any nesting level. This is the basis for many possible micro-workflow related activities, making possible to configure a decision point structure where multiple option are present e.g. Charging, Application Management (managing account information for recognizing applications and application developers).;2925
Integration Domain;Assurance,Billing,Fulfillment,Operations Readiness & Support,Strategy Management;API Management;API Gateway Management;API Lifecycle Monitoring;685;Application Programming Interface Lifecycle Monitoring function supports real-time monitoring and reporting QoS (requests per second, exceptions, latency, etc.).;2928
Integration Domain;Assurance,Billing,Fulfillment,Operations Readiness & Support,Strategy Management;API Management;API Development;API Catalog Management;686;"Application Programming Interface Catalog Management function is a technical/commercial API Catalog as an implementation of Catalog Management (11.1) containing metadata related to: 

	API creation driven by project definition templates and configuration wizards,
	API dependencies registry,
	API search,
	API contracts management,
	API proxies and stubs code-generators,
	etc.
";2929
Integration Domain;Assurance,Billing,Fulfillment,Operations Readiness & Support,Strategy Management;API Management;API Development;API Operation Configuration;688;API Operation Configuration function performs configuration of all API Runtime behaviors (see previous component) using a model-driven language or other type of DSL (Domain-Specific Language), and Real-time monitor and report QoS (requests per second, exceptions, latency, etc.);2930
Integration Domain;Assurance,Billing,Fulfillment,Operations Readiness & Support,Strategy Management;API Management;API Development;API Developers Interaction;689;"API Developers Interaction function gives access to:

	 Technical/commercial API Catalogue with easy to search and discover APIs, and API documentation and code examples. E.g. the ""API Catalog Management"" application,


	Performance and usage reports from the monitoring and logging functions,
	Technical support (online, email, forums, etc.).
";2931
Integration Domain;Assurance,Billing,Fulfillment,Operations Readiness & Support,Strategy Management;API Management;API Gateway Management;API Gateway Protocol Data Transformation;678;"API Gateway Protocol Data Transformation provides Format and Data Model transformations and Protocol Bridging between most or all common Web standards including:

	Parameter transform: modifications of parameter names and/or parameter values
	Method transform: modifications of the method specified in API request (e.g., POST to DELETE)
	Error information transform: modifications of error information in the body part of API response
	Status code transform: modifications of status code in the API response 
	Information masking: filtering some information in the API response based on query parameters in API request or based on API providers policy
	Abstraction: conceptually transformations of the meanings of parameters or decrease of the number of request parameters

Application Programming Interface Gateway Mediation function with support for Data Format, Data Model transformations and Protocol Bridging between most or all common Web standards including:

	Parameter transform: modifications of parameter names and/or parameter values
	Method transform: modifications of the method specified in API request (e.g., POST to DELETE)
	Error information transform: modifications of error information in the body part of API response
	Status code transform: modifications of status code in the API response 
	Information masking: filtering some information in the API response based on query parameters in API request or based on API providers policy
	Abstraction: conceptually transformations of the meanings of parameters or decrease of the number of request parameters
";3310
Integration Domain;Assurance,Billing,Fulfillment,Operations Readiness & Support,Strategy Management;API Management;API Gateway Management;API Authentication;680;"API Authentication; Application Programming Interface Authentication function supports standard authentication and authorization protocols (WS-Federation, SAML, OAuth, etc.), for both internal and external applications, API developers and users. 
Protect: The broker Protect task may impose access restrictions to some service consumers, in order to protect service enablers from abuse or undesired usage. Some common examples are the configuration of an IP address range restriction or a limit to the maximum message size accepted.";3311
Integration Domain;Assurance,Billing,Fulfillment,Operations Readiness & Support,Strategy Management;API Management;API Gateway Management;API Gateway Diagnosis;682;API Gateway Diagnosis function diagnoses tasks dynamically and updates underlying management systems such as the Windows Management Instrumentation performance counters so that they can be monitored and reported upon by the monitoring service.;3312
Integration Domain;Assurance,Billing,Fulfillment,Operations Readiness & Support,Strategy Management;API Management;API Gateway Management;API Gateway Log Reporting;683;Application Programming Interface Gateway Log Reporting function gives the possibility to deliver the log information in different channels and offer great flexibility for both operation and debug scenarios. E.g. to 3rd party for the sake of visualization of API usage or security audit etc. by itself or for Call Detail Record reporting for calculating API usage fee.;3313
Integration Domain;Assurance,Billing,Fulfillment,Operations Readiness & Support,Strategy Management;API Management;API Development;API Gateway Protocol Header Transformation;985;"API Gateway Protocol Header Transformation function for awareness and support of Web protocols semantics (MIME types, HTTP Authorization and Caching headers, etc.) 

	Header transform with modifications of header names and/or header information (e.g., service enabler-specific header to IANA-based header) 
	Protocol transform: transformations of protocol to send API requests/responses (e.g., SOAP to REST) 
	Mash-up (Composition): assembling a new API with existing APIs provided by service enabler.
";3314
Integration Domain;Assurance,Billing,Fulfillment,Operations Readiness & Support,Strategy Management;API Management;API Development;API Retirement Management;687;Application Programming Interface Retiring Management function is an API retirement function driven by project definition templates and configuration wizards to do API dependencies de-registration, API deployment removal, API catalog item removal etc.;3316
Integration Domain;Assurance,Billing,Fulfillment,Operations Readiness & Support,Strategy Management;API Management;API Gateway Management;API Gateway Logging;684;Application Programming Interface Gateway Logging function log task enables the logging of any request or response at any time during the processing of a strategy. The function should be able to execute synchronously or asynchronously, and target a designated file system path, database server, HTTP URL, or email address. If configurable to run only for a specific request or response message of a specific user (or user role) the task can be targeted to a specific operation of a specific service enabler. These granularities together with the possibility to deliver the log information in different channels offer great flexibility for both operation and debug scenarios. Including CDR creation of Call Detail Record for calculating API usage fee.;3322
Integration Domain;Fulfillment;Fulfillment Integration Management;Customer Fulfillment Access Management;Quote Price Support Access;274;Quote Price Support Access provides self empowered fulfillment function to provide an internet technology driven interface for the customer to get a Quotation price.;3419
