ID;UID;AF;Hierarchy;Description
1.1.1;1;Market Strategy Management;1;Marketing Strategy Management Aggregated Function groups functions useful to define the marketstrategy (existing and desired market-place, activities and aims, objectives to be achieved, market segmentation) and to develop market, channels.
1.1.1.1;2;Market Sales and Channel Development;2;"Market and Channel are developed to support new or enhanced products.
The Market and Channel Development function comprises predictions defining product sales forecasts and targets for each channel, as well as sales performance indicators for each channel and geomarketing analysis."
1.1.1.2;3;Market and Channel Strategy Definition;2;"A Market and Channel Strategy Definition is established, from a Market and Channel analysis, in respect with the strategic business direction.
It formalizes, in a Market Strategy Plan, the Market and Channel key stakes, strategic axes and multi years objectives for the company, as well as Market and Channel objectives, segmentation and targeting, positioning.
It includes: 
- forecasts of the Market and Channel sales. Forecasts are carried out from a chronological modeling of the tendencies, the forecasts of commercial actions or marketing.
- identification of market segment, customer profile and channels used across the enterprise
- definition of behaviors models and strategy:
     - development of purchase behavior models that will be used for the marketing strategy development, in order to improve the distribution performance. These models will be used for the statistical tool implementation (customer profile type) and the creation of statistical data (dashboards).
     - a broad Sales Strategy to support the market strategy with a Sales model management defining the various stages of the sales pipeline, which can be based on the SPANCO method (Suspect qualification, Prospect qualification, Analyzing, Negotiating, Closing, Ordering)."
1.1.1.3;4;Marketing Campaign Plan Definition;2;"The Marketing Campaign Plan Definition Aggregate Function deals with the marketing campaign plan definition to manage communications to the market, prospective and existing customers, to suggest options to them. 

	- it defines a whole of campaigns from marketing studies and plan, plans these campaigns
	- it optimizes the contacts according to campaign prioritization rules such as the potential creation of value of the proposed offer

It concerns mainly:

	- The identification of the campaigns that should be executed to reach the business objectives for a specific customer segment and their sequence (campaign name, description, campaign type, objectives, cost, sponsor, planning)
	- The contact rules definition with targeting criterion to make sure that commercial pressure on customer is managed (e.g. ""no more than 1 SMS per week for customer segment 1"")
"
1.1.1.4;5;Market Information Management;2;"The Market Information Management Aggregate Function allows to collect information from external or internal sources, to obtain a better knowledge of the market and competitors.
The information collected may concern, for example:
- market, market shares, general trends, potentials,
- customer and consumer expectations and motivations, new modes of consumption,
- distribution, general trends, new distribution channels
- competition, competitors, their market shares and strategy (positioning, target, etc.),
- environment: politic, economic (cartography of the geo-merchandising zones), technologic, ecological, legislative
- enterprise image & fame, etc."
1.1.2;6;Marketing Strategic Analysis;1;Marketing Strategic Analysis Aggregated Function groups functions useful to conduct delayed analysis, on the collected information concerning market, which may have an influence on the strategy.
1.1.2.1;7;Marketing Campaign Analysis;2;"Campaign Analysis consists in the assessment of the actions and the targeting returns in order to evaluate the generated added value (campaign effectiveness, ROI, effectiveness of the channels and teams, cost of the actions (time, budget), relevance or not of the actions carried out) and optimize the next marketing campaigns.
Evaluates the campaigns performance:
- At the end of the campaign. Proposition take rate will be considered, as well as campaigns impact on usage, top-up behavior (increase in amount/frequency) and churn rate
- In the long run. E.g., has the retention campaign had a durable impact on churn reduction, or has it triggered opportunistic customer behavior? Has the stimulate usage campaign caused cannibalization, or triggered a durable increase in consumption?"
1.1.2.2;8;Market and Channel Analysis;2;"Market and Channel Analysis Aggregate Function concerns analysis of the market and channel with a market and customer view.
Analyses rely on market &amp; channel research, information gathering, watch, studies.
A market and channel research consists in evaluating the market potentials and anticipates the competition strategy (analysis of the market shares and competition and evolution assumptions).

Analysis concern both external and internal elements knowledge:

External elements knowledge:
- on market, knowledge of the market shares by region with general trends, potentials in volume, in CA,
- on customer and consumer, expectations and motivations, new modes of consumption, calculation of the customer average revenues according to the offer range and flow (acquisition, churn, migration),
- on distribution, general trends, new distribution channel,
- on competition, anticipate the competition strategy (analysis of the market shares and competition and evolution assumptions, positioning, target, social network verbatim analysis),
- on environment: politic, economic (cartography of the geo-merchandising zones), technologic, ecological, legislative.

Internal elements knowledge:
- on Company Performances, turnover evolution, profitability, financial means,
- on customer, enterprise image &amp; fame, qualification of the customers (loyalty, satisfaction, contact mode, frequency, income, purchasing power, equipment, verbatim on social networks), purchase behavior,
- market shares by region, penetration rates of the offers by region, number of eligible lines by region, etc.
It also take into account assessment of the Strategy performance results in order to improve the Market Strategy.

It includes geomarketing functions which start from the sociological assumption according to which the habitat choice is a consumption reasoned act, largely conditioned by financial and social constraints, leading to specific tendencies of consumption. The geomarketing detects the potential values of new life zones (Mass Market: life zones, Business Market: new attractive industrial / commercial areas)."
1.3.1;9;Marketing Campaign Development;1;Marketing Campaign Development Aggregated Function groups operational functions useful to define campaigns. There are different campaigns types, direct marketing campaigns, but also information campaigns (by examples information about the migrations, newsletters, etc.).
1.3.1.1;10;Marketing Campaign Design;2;"The Marketing Campaign Design Aggregate Function concerns the phase of the preparation of a defined campaign in a multichannel environment to deliver one-to-one or right-time campaigns. It establishes the targeted customers list and/or criteria, the proposition, visuals, waves, planning and metrics to evaluate the campaign. It extracts the target list to prepare the execution on channels and provides the campaign brief.

- the targeted customers list definition is based both on the criteria held in the Campaign Definition function and on the analysis of the existing data (e.g. analytics) or of predictive modeling for a specific campaign. The targeting takes into account the management of the commercial pressure from the event history of the proactive and reactive campaigns and the events of contacts concerning the targeted customers. 
- new type of campaigns uses the geofencing infrastructure to push messages, promotions such as coupons, advertising, to customers when they enter or leave a designated area and are localized by beacons. These campaigns need to define content push rules and personal context, and to check customer opt-in.
- the proposition that will be addressed to each customer sub-segment is described in terms of generosity, requested effort and validity period, and event triggers.
- the visuals supporting the message (mailing &amp; e-mailing channels) are created 
- the campaign is split in waves, each of them is associated with a sales channel and a communication mode.
- the campaigns business case, metrics and KPIS are defined as well. 
- the campaign message definition
- and eventually policy rules definition according to event-based marketing capabilities to trigger automated campaigns.

The main outputs of this function are the campaign brief, mix and metrics."
1.3.1.2;11;Marketing Campaign Workflow Design;2;Marketing Campaign Workflow Design Aggregate Function is in charge of designing Campaign Worflows and manage its approvals.
1.3.2;12;Sales Commission Management;1;Sales Commission Management Aggregated Function groups functions specifying commission rules for the Service Provider's employees such as Sales Agent.
1.3.2.1;13;Sales Commission Development;2;"Sales Commission Development Aggregate Function defines the revenue forecasts, sales representative objectives and the sales force's received compensation for sales based on performance against quotas assigned
It enables the follow-up of sales representatives forecasts / objectives, sales trends"
1.3.3;14;Advertising Management;1;Advertising Management AF includes functions supporting planning, executing, and overseeing advertising campaigns to promote products or services. Effective advertising management plays a crucial role in building brand awareness, driving sales, and achieving marketing objectives. Its key activities include setting campaign objectives, identifying target audiences, selecting appropriate advertising channels, creating compelling ad content, budgeting, monitoring campaign performance, and adjusting strategies as needed. The goal is to maximize the reach and impact of advertising while ensuring efficient resource allocation.
1.3.3.1;15;Advertisement Management;2;Advertisement Management AF groups functions that address the lifecycle of advertisements (whether they are actually used or not), from concept through creation through testing through placement, effectiveness assessment, and retirement.
1.4.1;16;Marketing Campaign Management;1;Marketing Campaign Management Aggregated Function groups operational functions useful to conduct campaign, etc.).
1.4.1.1;17;Marketing Campaign Execution;2;"The Marketing Campaign Execution function consists in executing and driving marketing campaign through the different channels. 

Campaign execution is launched by performing interactions with customers or prospects and may include scripts execution. It collects answers through different media.
It takes in input the campaign brief, the support to use, script if necessary, and the customer target list or criteria from the campaign design function. 
Example of criteria: send specific notifications or alerts (promotions, advertising, ) when a customer (/prospect/user) enters or leaves a designated area (based on geofencing infrastructure - and customer opt-in)

The campaign execution can involve: 
- distribution of marketing collateral like leafleting, displays at events, inserts in newspapers, television and other media advertising and magazines or direct marketing through store.
- a voice or text messaging (SMS, mail, call ) for a targeted customer list.
- a document push such as coupon, photo or video 

Campaign Execution provides the necessary tools to execute and refine the campaign, and based on performance indicators collected, accept refinements to the campaign while still executing.
Campaign test is the first phase of campaign execution (specific waves, limited audience). Its restricted execution to validate campaign."
1.4.1.2;18;Marketing Campaign Performance Tracking and Analysis;2;"Marketing Campaign Performance Tracking and Analysis provides the necessary functionality to monitor the campaign performance (e.g. performance indicators) as the campaign is being executed. 
It permits to continuously optimize campaigns.
This is done by providing a combination of real-time reporting and what-if modeling capabilities to continuously optimize campaigns by taking corrective action-even when campaigns are already underway. 
Functionality specifically includes:
- Real-time view into customizable segmentation schemes and key metrics. 
- Dashboard views, alerts, and notifications provide marketing organizations with the insight and agility needed to protect and optimize marketing investments. 
- Pre-built Marketing Insight reports."
1.4.2;19;Sales Commissioning Management;1;"The Sales Commissioning Management Aggregated Function encompasses several functionalities:
- the definition of commissioning rules for the sellers, dealers or resellers
- commissions calculation for sellers, dealers or resellers from information such as orders, activation, usage, etc. applying commission rules"
1.4.2.1;20;Sales Account Management;2;"Sales Account Management Aggregate Function is in charge of defining Sales Accounts to sellers assigning customers for products and activities.
Assignment might be done analyzing Sales Opportunities. It also provides a view of the service provider's relationship with the customer."
1.4.2.2;21;Sales Commission Calculation;2;"The Sales Commission Calculation function consists in calculating commissions for sellers, dealers or resellers from information such as orders, activation, usage, etc.
The calculation is based on rules defined by the Sales Management or by the distribution agreement."
1.4.2.3;22;Sales Commission Repository Management;2;Sales Commission Repository Management Aggregated Function manages Sales Commission inventory and provides reports.
1.4.3;23;Sales and Sales Force Management;1;"The Sales and Sales Force Management Aggregate Function encompasses several functionalities:
- Sales Territory Management enables to structure the sales teams into territories according to several criteria: business segments, strategic accounts, product lines, industries, geographical areas The territories are used for the lead / opportunity assignation and the sales forecasts.
- Sales Force Management manages the direct (Customer Service Representatives - CSR - in call centers and shops) and indirect (dealers, resellers, outsourcers) sales forces. It defines the revenue forecasts, sales representative objectives and enables the follow-up of sales representatives forecasts / objectives, sales trends
It consists in planning their activities, their visits with customers as well as some indicators about their efficiency in achieving the goals of a marketing campaign. It encompasses the objectives management."
1.4.3.1;25;Sales Territory Management;2;Sales Territory Management Aggregate Function enables to structure the sales teams into territories according to several criteria: business segments, strategic accounts, product lines, industries, geographical areas The territories are used for the lead / opportunity assignation and the sales forecasts.
1.4.3.2;26;Sales Force Management;2;"Sales Force Management Aggregate Function manages the direct (Customer Service Representatives - CSR - in call centers and shops) and indirect (dealers, resellers, outsourcers) sales forces. It defines the revenue forecasts, sales representative objectives and enables the follow-up of sales representatives forecasts / objectives, sales trends
It consists in planning their activities, their visits with customers as well as some indicators about their efficiency in achieving the goals of a marketing campaign. It encompasses the objectives management."
1.5.1;27;Sales Management;1;Sales Management Aggregated Function groups functions in charge of processing the proposition, negotiation and sales towards a customer interested in an offer or product.
1.5.1.1;28;Sales Lead Management;2;"The Sales Lead Management Aggregate Function enables to collect, evaluate and attribute the leads to the appropriate sales representatives.
The lead is an interest concerning an offer family or a product line, or expressed literally during an interaction, possibly further to a campaign, and it must be handled and specified to become an opportunity or an order.
A lead can be generated from many different sources and customer interactions including the result of a targeted marketing campaign. Potential customer information is obtained from external sources or from internally generated data.
A prospect could have expressed a commercial interest or a commercial interest has been detected from his behavior analysis.
The territories, defined by the Sales and Sales Force Management function are used for the lead assignation.

It also manages relationships between leads and various campaigns and tracks the quality of leads by noting which leads are converted to actual sales after being worked."
1.5.1.2;29;Opportunity Management;2;"The Opportunity Management Aggregate Function enables to collect, qualify the opportunities and supervise their conversion into orders.
Qualify the opportunity first includes to convert the leads into opportunities.
Once a lead is qualified, it is considered as an opportunity, which is worked further down the sales funnel through to either success (sale) or loss/disqualification (no sale).
An opportunity can be generated from many different sources and customer interactions including the result of a targeted marketing campaign. An opportunity is linked with the Offer &amp; Product Catalogue.
All information necessary to make an offer to the Prospective Customer are gathered. Potential customer information is obtained from external sources or from internally generated data.
It could also manage relationships between opportunities and various campaigns.
The opportunity may be further explored with the Prospective Customer (extended interactions) to ensure the customer requirement is understood.
It includes also Proposal Management part which enables the conversion of Opportunities into agreed proposal. 
A solution is elaborated, proposed to the Prospective Customer and his acceptation / refusal is collected. There may be a negotiation.
If the Prospective Customer accepts the commercial proposition one or several Order will be generated via the Customer Order Management functions."
1.5.1.4;30;Sales Interlocutors Management;2;"The Sales Interlocutors Management Aggregate Function permits to identify CSP and Customer information and organization, in the context of Opportunity Management or Framework Agreement Management. It mainly concerns B2B customers.

It can contain:
- The attribution to the appropriate sales representatives, according to the territories defined by the Workforce Management function
- The identification and the authorization of the customer company employees (to purchase, to add service, to obtain support, ...), 
- The way invoices and/or invoicing reports will be handled in the future (for each order, each site of the enterprise, ) via the Billing Administration function,"
1.5.1.5;31;Framework Agreement Management;2;"The Framework Agreement Management Aggregate Function consists in defining and managing the agreement that describes the commitments and company features valid for associated customer orders.
It defines a subset of catalogue offers and products which will be marketed to a customer with particular conditions (configurations of product, rates, discounts, SLA such as availability rate, restoration time guaranties, and associated penalties for the CSP)."
1.6.1;32;Sales Performance Management;1;Sales Performance Management Aggregate Function groups functions in charge of measuring and reporting sales performance.
1.6.1.1;33;Sales Analysis;2;Sales Analysis Aggregate Function is in charge of Sales performance measurement according to pre-defined metrics rules.
1.6.1.2;34;Sales Reporting;2;Sales Reporting Aggregate Function is in charge of Sales reporting.
1.6.1.3;35;Market and Channel Performance Tracking;2;"Market and Channel Performance Tracking provides the necessary functionality to monitor the performance, on market and channel axes. 
It includes: 

	- Market and channel performance measurement,
	- Follow-up of the performances and profitability of the market and channels (reporting concerning the performances and the impacts of the marketing, sales, new customers acquisitions).
"
2.1.1;36;Product Analysis;1;Product Analysis Aggregate Function groups functions useful to conduct delayed analysis, on the collected information concerning products such as product usages or product usages, which may have an influence on the strategy.
2.1.1.1;37;Product Profitability Analysis;2;Product Profitability Analysis Aggregate Function calculates Products Profitability based on Product's cost and profits.
2.1.1.2;38;Product Usage Analysis;2;"The Product Usage Analysis Aggregate Function comprises:
- Analysis of the customers' usages with identification and quantification of the products little used and even not used.
- Forecast of the usages with predictions of the product uses with a chronological modeling of the tendencies and possible breaks of consumption, in order to be compliant with the company strategy (impacts: financial, marketing, trade, network)."
2.1.1.3;39;Product Diagnostic and Test Quality Loop;2;"Product Diagnostic and Test Quality Loop provides the necessary functionalities to manage a quality loop on diagnostic to continually tweak and improve it.
This function provides an offline analysis of the usage of the tests to determine its relevance and provide modifications concerning the quota and authorized users. This analysis is done using statistical test usage data to evaluate the tests relevance and the needed updates.
Following the analysis, the creation of additional product tests can be proposed or a test can be considered irrelevant and deleted."
2.1.1.4;40;Product QoS Analysis;2;"The Product QoS Analysis Aggregate Function comprises:

	- Steering of the quality loop: Development of a global ""Dashboard"" in order to analyze the quality / efficiency of the service provided to the customers, measure the customer satisfaction and analyze their claims and/or troubles.

Statistics concerning the customer satisfaction and Quality of Service: Development of a report in order to analyze the customer satisfaction in terms of QoS (QoS as seen from the customer viewpoint), from the indicators concerning the main processes :  Customer Welcome, Customer Inquiries, Support to the service use, Claims and Complaints, After Sales, Interaction Channels. These statistics are also calculated for the set of installed products owned by the customer,  to determine the customer satisfaction score.

	- Aggregate analysis of QoS performance across groups of customers or aggregate analysis of SLA types.
"
2.1.2;41;Product Specification & Offering Strategy Definition & Analysis;1;"Product Specification &amp; Offering Strategy Definition &amp; Analysis defines the overall structure of the offers and products portfolios to be used across the enterprise. It is established, from the Offer and Product analysis, in respect with the strategic business direction and covers new offers and products as well as existing offers and products. This Aggregated Function also groups functions related to Product Specification &amp; Offering Strategy Analysis conduct."
2.1.2.1;42;Product Specification & Offering Strategy Analysis;2;"The Product Specification &amp; Offering Strategy Analysis Aggregate Function rely on offer and product research, external and internal information gathering, watch, studies on the market evolution.
An Offer and Product market research consists in evaluating the market potentials for an Offer or Product and anticipates the competition strategy (analysis of the concurrent offers and products, tariff simulations).

Analysis concern both external and internal elements knowledge taking into account assessment of the strategy performance results in order to improve the Offer and Product Strategy and campaign results.

External elements knowledge:
- on consumer, expectations and motivations toward a product, measure of customer satisfaction,
- on competition, concurrent products, tariff simulations, price, promotion, etc.
- on environment, politic, economic, technologic, ecological, legislative.

Internal elements knowledge:
- market shares by product, offer performance, penetration rates of the offers by region, number of eligible lines by region,
- actualization of the forecast model concerning the revenues,
- analysis of the revenues and costs (estimated, consolidated, trend, and their composition according to the offers, parts of the traffic)
- analysis of the market with an offer and product view including geomarketing functions in order to optimize the use of the existing network with a logic of Yield Management."
2.1.2.2;43;Product Specification & Offering Strategy Management;2;"The Product Specification &amp; Offering Strategy Management Aggregate Function formalizes, in a Market Strategy Plan, the Offer and Product key stakes, strategic axes and multi years objectives for the company, as well as the Offer and Product Portfolio Business Plans with offer and product (Pricing strategies, Costs, Forecasts, targets), place, promotion.

It comprises :
- Offer and Product portfolio business plan: This plan includes portfolio forecasts, anticipated pricing strategies, projected revenue and costs, product.
- Forecasts of the Offer and Product sales: Forecasts are carried out from a chronological modeling of the tendencies, the forecasts of commercial actions or marketing.
- Product Marketing Promotion Strategy: specific communications and promotions strategy is defined for positioning the offer and product in the marketplace. It defines a set of arguments and information needed for creating and developing specific promotional campaigns for each offer and product."
2.3.1;44;Product Specification & Offering Management;1;"The Product Specification &amp; Offering Management Aggregate Function Functions enable to create and update the catalog. This function covers the impact on the offer and product catalogue of new offers and products launches, modifications and withdrawals. This function manages the lifecycle of offers and products and includes the various possibilities of offer or product search and browse (wizard, multicriterion search, category browse)."
2.3.1.1;45;Ordering Rules Development;2;Ordering Rules Development Aggregate Function is in charge of defining and managing business rules used for ordering. It contains rules like cross/up sell rules, eligibility rules, customer fraud check, order duplication prevention rules, etc.
2.3.1.2;46;Product Specification & Offering Development;2;"The Product Specification &amp; Offering Development Aggregate Function enables to create and update the catalogue. This function covers the impact on the offer and product catalogue of new offers and products launches, modifications and withdrawals. This function manages the lifecycle of offers and products and includes the various possibilities of offer or product search and browse (wizard, multicriterion search, category browse).

At the Offer level, the catalogue describes:
- packaging rules of the contract: mandatory offers, optional offers, offers that can be ordered in number (ex: 1 to 4 mobile lines)
- commercial incompatibilities or pre-requisites (ex: necessary to be the holder of a X contract to subscribe Y contract)
- available commercial operations (ex: contract migration)
- available commitment durations
- any commercial criteria such as authorized sales channel or geographic area, customer criteria, 
- tariff specifications - and possible alterations. They are associated to the offer, to commercial operations or usage types and can be recurring or one shot. They are expressed as rules that can take into account many criteria (ex: commitment duration, product configuration, sales channel, customers age, ) and will be evaluated during the order capture process, or during the rating process for usage.

At the Product level, for every product commercialized through one or several offers, the catalogue describes:
- characteristics of the product, and their possible values (ex: speed, volume, duration, phone number, )
- available functional operations (ex: change of speed)
- functional incompatibilities or pre-requisites (deducted from CFS specification incompatibilities or pre-requisites)
- link with the know-how type (CFS specification) from which the intangible product is a restriction (ex: mobile line, VOIP, ), or directly with the Stock Item for tangible products (ex: smartphone, SIM Card), or to the Supplier product type in case of purchase products.

The Product Catalogue describes all the tangible and intangible products that can be commercialized through standard offers, loyalty offers.
Example:
- goodies can be sold or offered as a reward in exchange of fidelity points (same product commercialized through 2 offers)
- a special discount can be granted through a retention offer
- etc.

The Offers or Products described in the catalogue can be associated to different types of documentation:
- sales leaflet, standard and specific sales terms
- photos or videos
- QR codes, that can be sent to the customer or available on a poster, in a magazine,  to ease access to any type of catalogue documents
ratings and reviews from customers or CSP experts
- etc."
2.3.1.3;47;Product Test Specification Development;2;"Product Test Specification Development Aggregate Function provides the necessary functionalities to manage the product test catalogue containing the product test specifications, the rules that define the test configuration setting up based on the context, the rules that define the strategies for executing the test as well as how the test results should be restituted.
Test strategies can range from simple to complex and encompass the definition of test scenario.
The definition of the test (with specification and rules) is very important because it defines the question that is asked and thus shapes the result that is reported back.
The functionalities include providing:

	- Product Test Specification management

  - The Product Test Specification is defined, depending on the atomic product specification, based on a Service Test Specification or directly a Resource Test Specification (for example for a resource like a box, an STB)
  - Managing product test capabilities: the underlying service or resource tests used to define the product test have limitation that must be taken into account. Additional limitations can be enforce at the product level especially for the self-tests for the users.
  - Managing initiator authorization: some tests are restricted to some user roles (internal or external) so the authorization are defined at the Product Test Strategy and Policy Management

	- Test rules defining the strategies for setting up test configuration that is necessary for executing the service or resource test on which the product test is based


	- Test rules defining the restitution of the result depending on test execution context

  - For example: a test result of ok/not ok can be enough for a user whereas customer care may requires more details in the result of the test."
2.3.1.5;48;Product Specification & Offering Realization;2;Product Specification & Offering Realization AF groups functions involved in bringing Product Specifications to market in a smooth and coordinated fashion.  These functions generally bridge functional and organizational boundaries.
2.3.1.6;49;Product Specification Lifecycle Management;2;"Product Specification Lifecycle Management AF includes functions that handle the lifecycle changes (from conception through retirement) of Product Specifications, whether internally-developed and provided or created by one or more Business Partner independently or in conjunction with the Service Provider, and offered by the Service Provider or provided either by a Business Partner via the Service Provider..

These functions provide the necessary functionality to onboard or incorporate a partner's prospective product(s) into the service provider's product catalog or ""store front"", the partner's store front, etc. This functionality also includes the capability to manage the partner's product lifecycle from inception to retirement. External products can include tangible and intangible products based on resources, services and applications."
2.3.1.7;50;Product Supervision Policy Management;2;TBA
2.4.1;51;Product Management;1;Product Management Aggregate Function groups functions in charge of managing the repository of installed Products corresponding as well to ProductSpecification or ProductOffering and all related information.
2.4.1.1;52;Loyalty Account Management;2;"The Loyalty Account Management Aggregate Function is specific to Loyalty Products which imply to count advantages in units such as points. It encompasses:
- Loyalty account management: enables the consultation of the balances, the follow-up of points usage, and validity periods.
- Earn module: it enables to trigger the Loyalty Actions, identified by the Loyalty Events Management function, which modify the balance. It can take into account various event types (Product subscription, Telco usage, product purchase, qualitative surveys fulfilled, consumer life - e.g. birthday / subscription date) and transform the events in points or reward value according to business rules (use of a rule engine).
- Burn module: the gained reward value / points represent an accounting value that can be used by the consumer as payment mean, according to the Offer &amp; Product Catalogue rules. The reward can take many forms: rebates / discounts, Telco / no Telco gifts, charity gifts, Telco vouchers, partner vouchers, cash back, etc."
2.4.1.2;53;Product Repository Management;2;"The Product Repository Management Aggregate Function allows to manage the configuration and statuses of the offers and products owned by a customer, according to Offer and Product catalogue descriptions and rules.
- Note: the customer owning the Product might be the CSP when it represents a Product bought by the CSP to a Supplier.

This function also allows:
-  to instantiate or update offers and products ordered by the customer, whatever their type (network product, bundle, device, ) or their marketing mode (rented, sold, ), with their configuration, their tariffs and discounts, and their status (initialized with a creation order)
- to update Offer and Product installed base status
-  to search and read  Product installed base (subscribed offers, configuration of installed products, installed tariffs and discount, statuses, ).
It also includes the check of configuration rules such as prerequisite or mandatory characteristic for each Product submitted."
2.4.1.3;54;Loyalty Events Management;2;"The Loyalty Products are defined in the Product Catalogue, and part of Loyalty Programs that cope with the consumer recognition, the consumer life cycle and promotes the usage development, the attachment to the brand and the discovery of new products. 

The Loyalty Events Management Aggregate Function permits to:

	- collect the events defined by the Loyalty Product (nature and perimeter). Examples : monthly international usage volume, amount of the invoice, customer orders, interactions, customer birthday,
	- evaluate the related Loyalty Rules. Example: if the amount of the invoice is higher than 50,
	- and trigger Loyalty Actions. Example: customer order of 100 SMS free, interaction to notify the customer of a discount, add 100 points on the Loyalty Account.
"
2.4.1.4;55;Product Agreement Management;2;The Product Agreement Management Aggregate Function permits to manage agreements related to Product Offerings with Party involved in it and approvals.
2.4.2;56;Product Test Management;1;Product Test Management Aggregate Function groups functions in charge of Product Tests execution and managing the inventory of Product Tests.
2.4.2.1;57;Product Test Execution;2;"Product Test Execution Aggregate Function provides the necessary functionalities to manage the end-to-end execution of a test for an atomic product, either for manual or automatic testing, in order to ensure that this atomic product is working properly.

The end-to-end Product Test process will also rely on the Service Test Management and Resource Test Management functions depending on the association between the atomic product and the underlying service or resource.

The Product Test Execution is used by fulfillment and the assurance processes.
In the fulfillment process, the product test management can be triggered to launch acceptance tests to ensure that the product is working properly from the customer/user perspective and thus validate the end of the delivery process. 

On the assurance side the product testing function is used during product problem isolation. 

Product Test Execution functionalities include:

	- Verifying test authorization and quota management: product test execution checks, depending on the initiator of the test request , if it is authorized and if limitation applies in terms of test quota (linked to underlying services/resources limitation or additional marketing constraints.) This applies especially for self-care test from users.
	- Carrying out test priority : the priority of a self-care test for a user is higher than a back-office test.
	- Retrieval of appropriate inventory data and setting up the test context and configuration.
	- Test execution with access to the various data required to perform product testing.

  - A product test main actions will be to trigger service or resource tests depending on the product composition
  - Data collected during product test can be inventory data (for example in IS inventory) or data coming from service or resource tests.
  - Test execution produces a test result that may contain a raw result and an enrichment of this result depending on the product test definition and associated rules.
     For example: for an access product test the raw result can be the associated bandwidth and an enrichment can be done depending on the user access type (fiber, xdsl) to evaluate if the result is suitable or not.

	- Test results restitution: the restitution of the raw test results may depends on the test execution context data.

  - For the same test, depending on the initiator, the result restitution can be more or less detailed. The user/customer needs less technical details in self-care whereas customer care needs more and more details with higher care level.
  - However test result restitution levels must always be mutually consistent through all  the execution context

	- Test results long term logging for offline data analyses. These analyses are done outside of Product Test Management.


	- Possible reporting of test results back to the initiator of the test.
"
2.4.3;58;Product Operational Analysis;1;Product Operational Analysis Aggregate Function groups functions in charge of conducting on-the-fly analysis, on the collected information concerning offer and product, which may have an influence on the operational activities.
2.4.3.1;59;Fraud Detection;2;"The Fraud Detection Aggregate Function consists in the detection of atypical traffics and exceptional consumption and analysis and research of the fraudulent behavior profiles.
It consumes Product Usage Analysis, Service Usage Analysis, Invoice (in case of right diversion distance between the invoice and the valued use) and usage analysis for a specific number (Surcharged number) in front of installed base, invoiced base."
2.4.3.2;60;Product Usage Tracking;2;The Product Usage Tracking Aggregate Function is based on data collection processes (network probes, device agent, CDRs, Customer Premise Equipment) and comprises the Follow-up of the product use with an on-the-fly analysis (detailed and aggregated) of the customers uses and comparison with the products analysis forecasts.
2.4.3.3;61;Pushed Offer Management;2;"The Pushed Offer Management Aggregate Function includes:

	- Identifying and pushing offers adapted to the customer needs including personalized offers: based on a customer individualized knowledge (Marketing one to one), the aim is to elaborate for each customer - according to his needs and recent actions - individualized Product Specifications &amp; Offerings.
	- Simulating  Product Specification configuration and Product Offerings on the real traffic of the customer thanks to Tariff Calculation and Rating.

Pushed Offer Management uses and proposes only the offers described in the Commercial and Product Catalogue."
2.5.1;62;Product Configuration & Activation;1;"Product Configuration &amp; Activation is in charge of 
   - configuring Products taking into account constraints between them and applying engineering rules,
   - and activating and pre-activating Products."
2.5.1.1;63;Product Activation;2;Product Activation Aggregate Function is in charge of activating and pre-activating Products.
2.6.1;64;Product Performance Management;1;Product Performance Management Aggregate Function groups functions in charge of assuring that SLA agreements made between operators and customers are met.
2.6.1.1;65;Product Performance Analysis;2;Product Performance Analysis Aggregate Function calculates Product capacity and performance and analysis it.
2.6.1.2;66;Product Performance Reporting;2;The Product Performance Reporting Aggregate Function provides special report requested by customer. Some customers may request from their telecommunication operator, some specific reports, for example, concerning their consumption on a particular site, the quality of service on a particular technology. Usually, this kind of service is supported by operators for major corporate customers.
2.6.1.3;67;Product Performance Commitment Follow-up;2;The Product Performance Commitment Follow-up Aggregate Function compares the Quality of Service provided to customers against the SLA Agreement and determines possible customers compensations according to tariff rules associated with the SLA product (service level, recovery time objectives, escalation options). It relies on indicators and measures, of performance and availability provided by the network domain, or related to trouble ticket management (for example trouble processing time). It checks that the Quality of Service meets the required thresholds, provides Quality of Service and performance reports.
2.6.1.4;68;Product Performance Supervision;2;"The Product Performance Supervision Aggregate Function enables 
- Product functioning to be measured (in real-time or not), 
- and supervised, in order to prevent the product quality and performance degradation, with an on-the-fly analysis. 

It includes: 
- filtering, aggregation of the collected information
- analysis of 
     - different types of information 
     - results of tests or historic of tests
     - product usage
     - traffic degradations. 
- enrich or calculate product quality and performance indicators (includes KQI, KPI) 
     - Examples of KQI: time to repair warranty, availability percentage on a time slot, percentage of correct vocal quality communications
- analysis and evaluation of product performance indicators evolution
- it compares these information and indicators with expected values or pre-established limits
     - when there is a great augmentation of product use and traffic congestion it can trigger a trouble ticket that will be handled via problem management."
2.6.2;69;Product Problem Management;1;Product Problem Management Aggregate Function groups functions responsible for the management of a problem concerning a product.
2.6.2.1;70;Product Trouble Ticket Management;2;"The Product Trouble Ticket Management Aggregate Function allows to record and monitor failures on product(s), resulting from the qualification of a problem declared by the Customer.
Product Trouble Ticket Management functionalities include:
- Verifying customer - or user - authorization to declare a Product Trouble Ticket
- Completion and validation of the Product Trouble Ticket
- Identification of the internal actor or team in charge of the Product Trouble Ticket management, follow up and reporting to the customer
- Product Trouble Ticket lifecycle management
   Example: it can be necessary to ask customer validation, via Product Test, before closing the Product Trouble Ticket
- Information and possible reporting to the customer during the process
- Escalation procedure.

When a failure noticed on an installed service or resource may impact an installed product - or a set of installed products functioning, Product Trouble Ticket(s) can be initialized to permit personalized information of the concerned customers and to apply SLA conditions."
2.6.2.2;71;Product Trouble Ticket Resolution;2;"The Product Trouble Ticket Resolution Aggregate Function allows to qualify a problem declared by the Customer and solve it.
It includes:
- Identification of the installed product(s) concerned by a dysfunction, mostly by taking into account Product Test results,
- Identification of the associated SLA product(s) to identify a priority of treatment or a time limit for the trouble ticket, depending on contractual conditions and financial risks for the operator - and to check if conditions have been enforced or if penalties are due,
- Identification of the installed CFS corresponding to each installed product concerned by the dysfunction (or directly installed resource for goods products),
- Identification of the internal actor or team in charge of the Product Trouble Ticket management, follow up and reporting to the customer,
- Triggering actions to solve the problem including identifying SLA violation and CSR penalties to apply."
2.6.2.3;72;Product Problem Diagnose;2;Customer Problem Diagnose Aggregate Function identifies the root cause of the Product Problem based on Services and Resources topology, customer's context and resulting of Diagnostics / Testing tools, identifies Services and / or Resources as part of the problem. It is also in charge of managing the Problem Knowledge information and solutions.
2.6.2.4;73;Product Trouble Ticket Orchestration;2;"The Product Trouble Ticket Orchestration Aggregate Function is used to orchestrate the handling of problems that can be associated with several product malfunctions (Product Trouble Ticket).

It includes: 
- The determination of the installed services (know-how) corresponding to each installed product concerned by the incident (or directly the resources for the tangible products) and the plant in charge of them
- The Identification of the Service Trouble Tickets to be associated with the Product Trouble Ticket(s)
- Identification of the associated SLA product(s) to identify a priority of treatment or a time limit for the trouble ticket, depending on contractual conditions and financial risks for the operator - and to check if conditions have been enforced or if penalties are due
- The Orchestration of links with the service level for the processing of related Trouble Tickets.

Orchestration can take into account:
- constraints between installed products 
- any type of management rule based on information even external to trouble handling. For example: high priority for VIP customers."
2.7.1;74;Product Usage Management;1;"The Product Usage Management Aggregate Function functions aim at:
- Identify the product(s) concerned by every relevant Service Usage Records (for example CDR) and to produce Product Usage Record(s).
- Filter the Service Usage Records that have no interest for rating or reporting."
2.7.1.1;75;Product Balance Management;2;"Product Balance Management Aggregate Function is responsible for managing any type of balances:
- supervised or not
- for both real-time and batch processing modes of operation
- of any type of unit.
The Balance Management function includes:
- Management of balance(s) related to any bundle: a bundle may have several associated balances, for example a balance representing units previously bought by the customer or granted by the Enterprise, (e.g. airtime bucket, complimentary messaging bucket and s.o.) and their validity periods.
From the data of the product usage record, the function determines if this usage can be assigned to the bundle, if it has to be (for example the user can watch a VOD several times in 48 hours and it is only counted once) and how it has to be (which balance, which calculation rules, )
- Recharging events management: recurrent or one shot, for example with a voucher for Top Up.
- Quota reservation (even in the case of simultaneous sessions management) and refunding in case of non-delivery of the service or partial usage.
When an advice of charge (calculated by the Tariff Calculation and Rating function) is required, before sending the information to the customer, a volume pre-reservation can be performed to guarantee the price for the customer; 
- Transfer of Balance in case of contract migration
Balance management may also have to trigger alarms on usage limits, i.e. when charged usages reach a threshold or an array of thresholds - it shall trigger predefined actions such as SMS, selective barring etc. via dedicated functions such as Interaction Management.
Information handled in Balance Management has to be made available to consumption follow-up."
2.7.2;76;Rating and Follow up;1;The Rating and Follow Up Aggregate Function groups functions related to rating and to consumption follow up activities.
2.7.2.1;77;Bill Calculation;2;"The Bill Calculation Aggregate Function purpose is the preparation of the different items to be billed to the customer by the operator and trading partners (e.g. content providers).

The bill calculation usually collects, and eventually aggregates priced items that have been processed by the rating/pricing functionality and stored until the next bill calculation.
This steps will consist of assembling different kinds of priced items relevant for a same billing account and dedicated period of time - which is concerned by the invoice to produce:
-  recurring fees (as the subscriptions), 
-  non-recurring fees (late payment penalty; product access fees),
-  usage fees,
-  fees coming from other systems or providers.

Complex or global tax rules, or even discounts or penalties, can be applied on these sets of fees. 
For example, VAT is globally applied on the amount of usage fees related to the same classification.

Calculating discounts on volume, implies discounts are calculated when all the elements to be billed have been processed.

Bill calculation may also involve billing on behalf of other providers (bill items coming from external systems)."
2.7.2.2;78;Tariff Calculation and Rating;2;"The Tariff Calculation and Rating Aggregate Function aims to identify and apply the relevant pricing rules and discounts, and to calculate the related price,
-   to any type of tariff (recurring, one-time , or related to product usage records)
- during Sales, Order Capture and Order follow-up processes to produce an installedTariff or a quotation or a simulation, or to complete a customer order or update an installedOffer,
-   as well as during the Usage Rating process (ex: for a product usage record).
For example, some products usages require an advice of charge, i.e. the customer has to be presented with a price estimate (quotation) before using the product. In this case, the real-time rating module calculates the price depending on the offers and products owned by the customer, and delivers the information to the customer during the authorization request for the usage.

This function evaluates the pricing rules and discount defined in the commercial catalogue for the corresponding offer and tariff type, identifies and applies relevant one(s) to calculate unitary prices (without and with VAT). It can also take into account Framework Agreement special conditions. 

For each applied tariff, the function identifies if an immediate payment is required, if loyalty burn is possible, or if a billing account has to be associated, based on rules declared in the commercial catalogue."
3.1.1;79;Customer Strategic Analysis;1;Customer Strategic Analysis Aggregate Function groups functions useful to conduct delayed analysis, on the collected information concerning market and customer, which may have an influence on the strategy.
3.1.1.1;80;Customer Experience Analysis;2;Customer Experience Analysis Aggregate Function is in charge of analyzing customers experiences based on Customer behavior information.
3.1.1.2;81;Customer Loyalty and Retention Analysis;2;"The Customer Loyalty and Retention Analysis function undertake trend analysis on loyalty and retention, including customer acquisitions and churn.
It comprises:
- Follow-up of the churn rate: Development of a report in order to measure by period (periodicity: weekly, monthly, yearly),
- The number and rate of terminations by offer and product,
- The trend of the churn rate according to the previous periods,
- Prediction of the churn (anticipate in order to minimize the attrition): identification of the potential churner profiles from a predictive model analyzing the churner profiles according to the previous periods."
3.1.1.3;82;Customer Behavior Analysis;2;"The Customer Behavior Analysis Aggregate Function concerns the follow-up &amp; Analysis of the customers behavior.
It includes:
- Analysis of the contacts by email, SMS, phone, mail and Web (Web use, chat), social network use (facebook, twitter, and so on),
- Analysis of the customers contacts in order to determine the channel effectiveness,
- Analysis of the content effectiveness from measures concerning the consultations, web page navigation, web click-stream on our portals and mobile applications, purchase, acts registered
- Analysis of the customers behavior with predictive analysis such as scoring, segmentations, profiling to analyze the users behavior in order to improve targeting and segmentation or to identify next best actions to promote our products, e-reputation or brand."
3.3.1;83;Customer Information Specification Management;1;Customer Information Specification Management Aggregate Function is in charge of specifying information and its calculation rules for Customer Information that needs to be calculated.
3.3.1.1;84;Customer Information Specification Development;2;"Customer Information Specification Development Aggregate Function is in charge of

	- defining customer information to be collected,
	- designing Customer profile specification, including rules to be applied for each threshold in order to determine the customer value from its uses (traffic, products and services used), and corresponding revenues and costs.
"
3.3.2;85;Customer Behavior Development;1;Customer Behavior Development Aggregate Function is in charge of defining actions to be triggered according to the Customer behavior such as preventions actions according to his usages.
3.3.2.1;86;Customer Billing Definition;2;The Customer Billing Definition Aggregate Function manages the data that are necessary to pilot invoice production: billing cycle data, management of runs, groups and cycles of invoicing.
3.3.2.2;87;Customer Risk Mitigation Definition;2;"The Risk Mitigation Definition Aggregate Function is meant to define an array of actions, related to triggering conditions such as threshold(s) of billable amounts defined according to risk level, to avoid bill shock.
It also defines Customer criteria (such as VIP) to identify the corresponding prevention scenario to be applied."
3.3.2.3;88;Dunning Scenario Definition;2;TBA
3.3.3.1;89;Loyalty Program Management;2;Loyalty Program Management AF includes functions that define and oversee the creation of, operation of, and evolution of customer loyalty programs.
3.4.1;90;Customer Information Support;1;Customer Information Support Aggregate Function groups functions in charge of collecting, qualifying and managing Customer information and also personalizing Customer profile.
3.4.1.1;91;Collect and Qualify Customer Information;2;"The Collect and Qualify Customer Information Aggregate Function concerns the management of our knowledge of the individual customer to keep or produce an up-to-date, accurate and legally compliant Customer information. 

It will incorporate into the customer profile, all relevant information gathered through all contacts with the customer (demographics, life stage, household, community of interest, business direction) and customer experience offered (quality of service experienced, customer inquiries).
Customer and market information from other sources may be gathered, which will build a better understanding of the customer.

Customer Information must be made available to any process that needs to access it. 
This customer information will be used to continually refine the means and style of interaction, and the solution sets.

Knowledge and consent of the party may be required to store any collected information and to use it (example: opt-in)."
3.4.1.2;92;Customer Information Management;2;"The Customer Information Management Aggregate Function enables the creation and updates of customer information such as name, address(es) and site(s) location, organisation, contact person and contact person roles (legal representative, subscriber, payer, end-user, fleet manager) and contact methods.
The term Customer is used in the broad sense: it represents here person or organisation, potential, existing or former customer."
3.4.1.3;93;Personalize Customer Interaction;2;"The Personalize Customer Interaction Aggregate Function concerns the definition of scripts to make commercial dialog easier and more efficient between customers (including users or prospects) and Customer Service Representative (CSR) or Interactive Voice Response (IVR), 
These scripts can be used during any type of interaction, either to make qualification or sales as well as polls or assistance."
3.4.2;94;Customer Behavior Management;1;Customer Behavior Management Aggregate Function all information related to the customer behavior and actions to be triggered accordingly.
3.4.2.1;95;Customer Behavior Tracking;2;"The Customer Behavior Tracking function concerns the necessary functionality to monitor the Customer Behavior during its relationships with the CSP, public communications and its products uses.
It includes:

	- Track of the contacts by email, SMS, phone, mail and Web (Web use, chat) to provide a detailed and precise understanding of the customer behavior in front of the Telco operator solicitations (marketing campaigns, customer inquiries) or during a customer request.
	- Track all user steps on the web site and influence on social networks: click-stream, viewed pages, consulted product descriptions, comments. In real time, this function analyses the user behavior, identifies his centers of interest and then deduces his profile which will be used to push contents and offers adequate for the user / customer needs.
	- Track of the customer behavior in order to provide a global and personalized vision of its real consumption on all its products based on a detailed view of each product consumption.
"
3.5.1;96;Customer Order Management;1;Customer Order Management functions manage the end to end lifecycle of a Customer Order request from the establishment to the complete delivery. This includes Customer Order Establishment, Customer Order Tracking and LifeCycle Management, as well as Customer Order Orchestration.
3.5.1.1;97;Customer Order Repository Management;2;"Customer Order Repository Management Aggregate Function tracks and manages the events and the lifecycle related to the Customer Order and to its items (e.g. : Order lines).
When the Customer Order is completed, this function publishes the event Order Completed. This event usually triggers the Customer Order Orchestration function to deliver the Customer Order.
It gathers product items delivery events from Customer Order Orchestration and manages related Customer Order lifecycle. It also manages these statuses in case of Order cancellation.
Depending on the Customer Order (or any of its elements) events, and on the implemented business rules, this function can decide to notify automatically the customer of the Customer Order improvement. The notification itself can be made by SMS / email / other medium and is done by the functions of the Welcome and Interaction Aggregate Function."
3.5.1.3;98;Offer and Product Configuration;2;"The Offer and Product Configuration function enables the configuration of the commercial offer chosen by the customer (period of engagement for example) and the products it markets (for examples: telephone number, quantity of SMS/MMS, hours of voice calls, ...). 
The configuration covers the choice of optional offers and products, the choice of the functions values, etc.
It can be based on product configurator using a rule engine.
It can be used at the same time by Selling, Order Establishment or Develop Sales Proposal Business activities."
3.5.1.4;99;Customer Order Eligibility Validation;2;"The Customer Order Commercial Eligibility Aggregate Function validates that the Offer &amp; products specified on the Customer Order, are available and feasible from a commercial and functional point of view.
It includes:
- Commercial Eligibility with commercial compatibility with the already customer installed Offers and with customer profile (age, location, ) 
- Functional Eligibility with functional compatibility with the already customer installed Products.
- Customer Credit Eligibility check, considering the payment history and the credit scores for a Customer, only the predictive credit score for a Prospective Customer.
The technical feasibility at the product level is verified relying on the Service Availability function."
3.5.1.5;100;Customer Order Quotation;2;"The Customer Order Quotation Aggregate Function enables the elaboration of an estimate, including configuration, pricing and feasibility elements, thanks to the specific configuration, eligibility and valuation functions, identifying the various relevant interlocutors (through the Sales Interlocutors Management function), the scenarios to be realized and the lot.
The quotation can be materialized via a document and/or associated to a simplified identification mean (QR code, bar code, ) to ease later interactions and identification of the quotation, and sent to the customer."
3.5.1.6;101;Customer Order Completion;2;"The Customer Order Completion function enables to complete and finalize the Customer Order, after its validation with the requester and before triggering its delivery, with collect of Customer Data.
The complements could concern customer order links with actors, dates, appointment, address, billing account.

The final validation of the Customer Order can trigger the generation of documents such as:
- a contract document, summing up the customer order, and the standard and specific sales terms
- a simplified identification mean such as QR / bar code, and its sending to the customer, by MMS, email,  to ease later interactions and identification of the order. Example: to pick up in store a goods product ordered from web portal or mobile apps, the customer just needs to present the sent QR / bar code."
3.5.1.7;102;Customer Order Change Management;2;Customer Order Change Management Aggregate Function amends pending order resulted from customer change requests or provisioning system limitation and revalidate the order.
3.5.1.8;103;Customer Order Validation;2;The Customer Order Validation Aggregate Function permits to validate the Customer Order, or the cancellation of a Customer Order, with the requester, according to Offer and Product catalogue and installed base (see Customer Order Eligibility function), and to provisioning rules and delays, after tariff calculation with possibly Framework agreement special conditions (see Tariff calculation and rating function).
3.5.1.9;104;Customer Order Orchestration;2;"The Customer Order Orchestration Aggregate Function provides workflow and orchestration capabilities at the Product Order Item level to deliver a dedicated Customer Order. 

Orchestration can take into account :
- Constraints between Product Order Items inside the Customer Order, or successive Customer Orders including modification or cancellation (in-flight changes)
- Any type of business rules based on information even external to the Customer Order. For example : high level of priority for VIP customers
- Triggering of exception process or delivery planning update, depending on Customer Order or Service Order events."
3.5.1.10;105;Customer Order Delivery Preparation;2;"The Customer Order Delivery Preparation Aggregate Function allows in the context of a customer order to:
- query catalogues and installed bases to identify what needs to be delivered: Service Specification (CFS SPec) and its configuration, Stock Item, Supplier Product, Work Spec, related to the ordered product,
- prepare a Service Order (CFS Order), Supplier Order, Stock Item Order or Work Order with the necessary information.
In the case of a Product associated with an Internal Service (Know-How), this function also allows to: 
- check if a corresponding Installed CFS is operational in the Service Installed Base, and so determine the operation at CFS level (creation or modification)
- possibly group in the same Service Order several ordered products, based on the same CFS specification, and/or identified to be delivered at the same time by the Customer Order Delivery Orchestration."
3.5.1.11;106;Voucher Activation Management;2;"The (material or electronic) voucher materializes for example a mobile top-up, a refund, a promotional code. 
The Voucher Activation Aggregate Function performs voucher activation management, after it was bought or ordered and paid.
It checks validity and authenticity of voucher, and marks it as used once it has been completed."
3.6.1;107;Customer Problem Support;1;Customer Problem Support Aggregate Function contains functions responsible for the management of customer request concerning problem, assistance or information.
3.6.1.1;108;Customer Assistance;2;"The Customer Assistance Aggregate Function permits to bring a help to qualify a dysfunction indicated by a user or customer and to suggest basic solution to restore a properly functioning. 
This can be built from list of questions (script), previous experiences, knowledge bases and best-practice descriptions, chat with a CSR,  according to the dysfunction typology. 
It may comprise:
- identification of the customer - or user - and verifying authorization to access assistance via Person Identification and Authentication function
- information on how to use a product, best practices
- check actions like reboot (to see if the dysfunction continues), check of the subscription, configuration check, 
- identification of the product(s) type(s) concerned by a dysfunction
- information concerning collective trouble which may impact the customer or user
   When further to a collective trouble, a message of information is identified by the Service Impact Assessment function, the Customer Assistance function is in charge of implementing this communication (on various support like chat, web, Interactive Voice Server).

If during this phase, the dysfunction is confirmed, the Assurance Process will continue with the Product Trouble Ticket Management and/or Product Test function."
3.6.1.2;109;Customer Case Workflow Management;2;The Customer Case Workflow Management Aggregate Function is in charge of identifying steps of the case, sequencing them and orchestrating the Case Workflow.
3.7.1;110;Customer Financial Management;1;Customer Financial Management Aggregate Function groups functions which manage the processing of financial transactions affecting the customer's financial account.
3.7.1.1;111;Bill Dispute;2;"Bill Dispute Aggregate Function consists of handling the customer inquiries received through customer service, self-care or any other channel, and for all type of product, about their bills that have not been solved by simple actions in the Welcome process (e.g. walk customer through their invoice).
- The initial customer contact and the disputed amount are recorded.
- The case is investigated using billing data (invoice images, billed items, usage history) A/R data (e.g. search of unmatched payment) and others (e.g. installed products, network databases).
- The dispute settlement results in customer notification of the results, dispute granted (for the whole disputed amount or part of it) or customer request denied.
- The case is closed.
When the dispute is granted, the granted amount must be taken off the debt, through a debit adjustment. Depending on business rules in force, this may be billed either as part of the following periodic invoice, or as a specific invoicing process and related accounting document (in this case a credit note).
The reason for the adjustment must be recorded, for example adjustment may be a gesture of goodwill from the company, or a correction for a proven billing error. Depending on local law and regulation, the process and applicable rules may be different.
In addition, if the investigation showed an error in product and services data (e.g. wrong service affected to a contract), the settlement will also include an update request to the installed offers and products repository."
3.7.1.2;112;Payment Management;2;"The Payment Management function is aimed at processing all payment flows issued or received by the Enterprise:
- Regardless of the payment method (address all payment methods supported by the Enterprise), for example a cash payment or a payment with loyalty points to buy an accessory, a payment on invoice to pay the subscription, a payment via a scheduled plan to buy a device
- For prepaid as well as post-paid offers.
- Immediate payments are also recorded (for instance for offer including equipment or terminals sales)
- it also includes management of deposits related to orders.

It comprises the main following sub-functions.
Payment flow management which role is to:
- Manage all of the relations with the banking sector (unique portal), both outgoing (direct debit requests, payments by credit card, refunds by cheque or by bank transfer, etc.) and incoming (for example for bank transfers and cheques files, payment rejections, etc.) for customers,
- Manage all flows related to banking (supervision, management of bank opening schedules) and allow a rapid response in the case of problems.
It includes:
- Formatting of the orders: to the 3rd party systems for outgoing payments (depending on the Electronic Funds Transfer (EFT) agreements with banks or other 3rd parties: e.g. Electronic Data Interchange (EDI) message) and to the originating systems for the incoming payments,
- Grouping and ordering of orders (e. g. group payment requests by target company and source company).

It handles both outgoing (mostly payment requests, occasional refunds), and incoming events (payments or rejections).
- Payment management
This functionality handles the business logic needed to perform a payment request that can require on-line interface with the banking system. It addresses use cases such as :
1. Payment request to top-up prepaid balance / account
A payer wishes to pay on-line for a prepaid account top-up (payer may be the account holder or not),
2. Direct Payment related to a customer order (on-line or in shops) : sale of a device, or deposit for a rented device
3. Payment request to settle a debt.
A payer wishes to pay for one invoice (main case), or a subset of an invoice (partial payment).
- Payment tractability and banking reconciliation
Generically, the payment functionality should involve tracing and querying capabilities that allow to trace back incoming payments to the originating event (outgoing payment request or invoice). A payment can be partial.
- Payment recycling / re-allocation
Depending on the implementation of interfaces with banking or other 3rd party systems, it may happen that incoming payments are received with ambiguous data, i.e. cannot be traced back with certainty to an originating event. In this case, a recycling functionality is needed."
3.7.1.3;113;Dunning;2;"The Dunning Aggregate Function allows the different steps of the dunning to be managed until its resolution (payment or write off).
It covers soft and hard dunning phases (soft dunning ends with contract termination).
It comprises the following sub-functions:
- Update financial scoring: update of the customer scoring information, based on events that are significant of payer behavior of the customer (e.g. late payment, delays, etc.) 
- Initiate dunning strategy: implementation of the companys dunning strategy within its information system. 
Example: A payment schedule is assigned according to a variety of customer criteria, such as customer type, payment means, payment behavior, etc.
- Manage the dunning and event process: Management of the dunning process pertaining to a dossier and the automatic or manual chaining of actions, as issuing a SMS, a letter, an outbound call, a barring action (suspension, restriction or even contract termination, via an order) or delay fees. 
- Business and follow-up activities: Control and management of the dunning activity. It generates statistics.
- Penalty Charges: Automatic and manual generation of the penalty charges (dunning charges, payment rejection fees) linked to dunning of the due amount, in order to bill the customer according to the details of his / her contract..
- Payment delay agreement and promises: Inclusion of a payment schedule or a promise of payment, negotiated with the customer during the dunning process. 
- Write off: When the debt is considered as irrecoverable, the amount of the debt is written off (the dunning file is closed and the customer subledger accounting is informed)."
3.7.1.4;114;Loan Management;2;Loan Management Aggregate Function includes functions involved in managing the lifecycle and administration of Loans, as viewed from the perspective of the lender.
3.7.2;115;Invoice Management;1;The Invoice Management Aggregated Function groups functions related to the production of the customer invoices and to prevention activities.
3.7.2.1;116;Billing Account Administration;2;"The Billing Account administration Aggregate Function manages all the information related to the billing account, needed to produce an invoice and agreed with the customer such as :
- The associated invoicing group (linked to the periodicity and the date of the invoice production),
- Perimeter of installed contracts and products charged to the billing account, and for which any type of charges can be collected (one time charges, recurring charges or usage charges),
- Parties and party roles concerned by the billing process, such as Holder, Payer, Bill receiver, etc.,
- Invoice structure and presentation rules,
- And possibly default payment means for automatic generation of payments."
3.7.2.2;117;Invoicing;2;"The Invoicing Aggregate Function comprises two steps: bill composition (i.e. sorting and assembly of bill items) and bill production. 
It enables either physical or electronic invoices, through the formatting and generation of final form (paper, CD-ROM, pdf ) and delivery (sending by e-mail, post or displaying through a web self-care portal). 
On electronic format, the invoice can include tools enabling consumption analysis for corporate needs for instance."
3.7.2.3;118;Risk Mitigation Measures Enforcement;2;"The Risk Mitigation Measures Enforcement Aggregate Function enforces the Risk Mitigation  scenarios previously defined by the Customer Risk Mitigation Definition, that is:
- Detection of billable amounts threshold (according to billing account owners risk profile and related scenario),
- Triggering of actions (e.g.: sending alert SMS, triggering product barring) via dedicated functions."
3.8.1;119;Customer Loyalty and Retention;1;Customer Loyalty and Retention Aggregate Function groups functions related to the use of loyalty schemes to attract and gain the loyalty of customers, and to the retention of acquired customers.
3.8.1.1;120;Customer Risk Management;2;"Customer Risk Management Aggregate Function is based on information collected from all internal processes and that consistent risk assessment is used across the Enterprise Detection to manage with customer axes, fraud risk, influence risk, and churn risk.
It includes also detection of the outstanding payment risks, for a new customer or during a new order for example, with:
- Definition of the class ""bad debtors, from analysis of the profiles of bad debtor behaviors.
- Score calculation from collected information related to the customer"
3.8.1.2;121;Personalize Customer Profile;2;"The Personalize Customer Profile Aggregate Function includes:

	- Steering of the commercial pressure: manages the number of contacts with a customer in order to solicit him only if appropriate. The commercial pressure concerns the under and over customer solicitation.
	- Personalization of the customer relationship: based on a follow-up of the customer behavior, the aim is to select some key elements in order to personalize the relation during the customer contacts (contacts with the Telco operator services initiated by the customer).
	- Identification of the interaction channels by customer or segment: Identification of the optimal interaction channel for each customer or customer segment, based on the profile study and the history of the contacts.
"
3.8.1.3;122;Customer Value Management;2;"The Customer Value Management Aggregate Function comprises:

	- Measure and follow up of the customer value: Development of a model in order to determine the customer value from its uses (traffic, products and services used), and corresponding revenues and costs. The follow-up of the customer value evolution (identification of the evolution tendencies of the value and actions concerning the creation or destruction of value, Average Revenue Per User, margin per user).
	- Predictive Scoring of the new customer behavior: using a predictive model based on the histories of customers having the similar profile, determine the expected evolution of the customer value and his lifetime. Customer scoring is performed when customers sign up a contract, then enriched and updated by events occurring during the customer lifecycle (e.g. revenue generated, usage patterns, payment behavior...). The output of customer scoring could be a risk level or an opportunity.
	- Segmentation based on the customer value and/or lifetime value: Regrouping of the customers in relevant sets (even subsets) for Marketing. The segmentation criteria use the customer value, the customer lifetime value, the product and service uses (consumption behaviors).
"
3.8.2;123;Welcome and Interaction;1;Welcome and Interaction Aggregate Function groups functions in charge of managing all interfaces between the company and the existing or prospective customer.
3.8.2.1;124;Customer Interaction Management;2;"The Customer Interaction Management Aggregate Function manages all type of interactions with Customers (e.g. customer, prospect, product user, ) and enables recording such interactions (duration, type and reason), manages interactions follow-up, escalation and historical background.

An interaction can be initiated:
- by a Customer (inbound contact), through the Welcome process, to identify his needs, problems, 
- by the CSP or one of its representative (outbound contact), through the Campaign Execution, Welcome, Order Follow up,  processes, 
     - to inform the customer about our offers, promotions, 
     - or about his on-going requests, queue position, 
     - or to alert him in case of network problem, over consumption, payment delay, "
3.8.2.2;125;Customer Context Management;2;"Customer Context Management Aggregate Function allows to define the needed information and the first actions to be initiated once the person has been identified and authenticated. Moreover, information and actions should be set in accordance with the channel used by the actors (human, system).
Different rules have to be set in accordance with:
- Context of the request
- Role of the person initiating the request
- Customer contract situation
- List of possible actions with priorities
- The CSR or seller role and expertise level, if present, in the context of the request
- Presentation rules for the channel or device involved."
3.8.2.3;126;Queue Management;2;"Queue Management Aggregate Function permits to manage queues when customers need to interact with the CSP customer service representatives (CSR), whatever the channel:

	- in shops, the customer can go to the reception desk, be identified via NFC or can self-register via automatic desk
	- by phone, via the customer phone number, the customer identifier, ...
	- on web portal, via the customer credentials


When an interaction is initialized and if the CSR can't be immediately identified or is not available, the Queue Management Aggregate Function permits to associate the interaction to the relevant team - or team member - queue, depending on the type of request.
It can also manage

	- priority assignment, depending on the customer (ex: premium customer) or on type of request
	- waiting time calculation - and customer information
	- possibility to make an appointment


When the CSR is available, this function can trigger a SMS push, for example, to inform the customer (via the Interaction Management function)."
3.8.2.4;127;Customer Request Management;2;"Customer Request Management Aggregate Functionallows:
1) The capture of all information required by the Customer Request according to its type or nature. Depending on the type or nature of the Customer Request, the list of information to capture may strongly vary. Depending also on information captured, additional information may be required. The Customer Request information capture shall use configuration parameters and rules to determine which information needs to be captured and when.
2) The qualification of the Customer Request according to configured criteria and information captured. Customer Request Management shall be able to determine the result of the captured Customer Request. This result may either be: the triggering of the Sales subdomain functions (from Offer and Product Development, Management and Operation Domain), the generation of a Customer Problem (that may correspond to a Bill Dispute), the generation of a Product Trouble Ticket."
4.1.1;128;Service Strategy Management;1;Service Strategy Management Aggregate Function groups functions useful to define the service strategy and to develop it (new services or enhance the existing services).
4.1.1.3;129;Service Strategy Design and Planning;2;"The Service Strategy, Design and Planning Aggregate Function is responsible for the definition of the service strategy at the company level. This function takes into account a list of inputs to determine the need to implement new services, to modify or replace existing services or to stop them. As inputs, the function can use the following information:
- The existing context of the company with available services and resources (network, PFS)
- The data produced by the Service Usage Analysis function
- The performance, quality and test results of existing services or in test services (like POC to test new services in run)
- The new services and underlying technologies that are developed in the industry (following services trend, new generation of network, competitors...) and evaluation of the appeal for these new solutions including information provided by the Offer and Product Strategy function
- Marketing constraints concerning the date of opening for new service
- The cost of the existing and new services and technologies with benefit evaluation
- The possibility or the obligation to provide the services to third parties
- The resource strategy defined in a bottom up process (techno-push)

Following the definition of the service strategy, and after the definition of the resource strategy and the resource design, the Service Strategy, Design and Planning function updates the service design by requesting the modifications (creating, updating, deleting) of the service specifications to the service catalogue and thus the evolution of the know-how.

Finally, the Service Strategy, Design and Planning function provides a high level planning of the strategy implementation. This high level plan contains for example the choice of technology with selected options (VHBB with FTTH or RFOG or both), the site management strategy, the selection of partners to provide contents The strategy planning can take into account constraints (like legal constraints or the need of a validation by authorities) and notify other companies, local authorities or governments of the chosen strategy."
4.1.2;130;Service Analysis;1;Service Strategic Analysis Aggregate Function groups functions useful to conduct delayed analysis, on the collected information concerning service, which may have an influence on the strategy.
4.1.2.2;131;Service Diagnostic and Test Relevance Quality Loop;2;"Service Diagnostic and Test Relevance Quality Loop Aggregate Function provides the necessary functionalities to manage a quality loop on diagnostic to continually tweak and improve it.
Functionalities include:

	- Management of success/failure result feedback of diagnostic and correction provided by technicians or the systems after a correction
	- Offline analysis of the success/failure data compared to the diagnostic and correction rules to provide modifications to improve them. This analysis is done using statistical diagnostic data and test results to evaluate their relevance and the needed updates.

The provided improvements can be used to update the definition of diagnostic rules and correction actions in the Service Problem Policy Management function and the definition of tests in the Service Test Policy Management function."
4.1.2.3;132;Service Usage Analysis;2;"The Service Usage Analysis Aggregate Function comprises analysis of the Service use and traffic and calculates Service Usage forecast between operators according to Service Usage Analysis.

It includes forecasts of traffic between operators in order to:
- allow traffic visualization according to various criteria (produced, country, carriers, services, routings)
- analyze the traffic measured, developed and billed with KPIs such as volume in minutes, number of communications, number of messages, amount valued / charged expressed by nature by call, by products, countries, cities or regions, by operators, by network type (2G, 3G, 4G), by contracts on the market international Wholesale in purchase / sales.
- deliver mobile KPIs such as the number of unique Roaming users per product (Month To Date / Year To Date)
- deliver analysis to optimize the network elements involved."
4.2.1;133;Service Capability Management;1;Service Capability Management Aggregate Function groups functions in charge of specifying and managing Service Specification capabilities.
4.2.1.1;134;Service Test Resource Check;2;Service Test Resource Check Aggregate Function is in charge of defining, implementing and checking resources used to test Services.
4.2.1.2;135;Service Deployment and Retirement;2;"The Service Deployment and Retirement Aggregate Function is responsible for implementing the service strategy high level plan and develop the service infrastructure that will be used to provide the service (through products) to the customers at large (mass market, enterprise, to third parties/partners...) The Service Deployment and Retirement function manages the deployment constraints like area limitation (for test or for marketing purposes), progressive deployment following precise milestones

The service deployment and retirement can be responsible to manage constraints (like legal constraints or the need of a validation by authorities) and notify other companies, local authorities or governments of the effective deployment or retirement of a service.

Based on the resources developed in the Resource Installed Base, the Service Installed Base is updated and pre-configured if needed, for example for generic services with no specific customer configuration."
4.3.1;136;Service Quality and Performance Development;1;The Service Quality and Performance Management Aggregate Function groups functions that supervise service functioning and manage resulting alarms.
4.3.1.1;137;Service Performance Development;2;"Service Performance Development Aggregate Function enables to define the strategy and policy concerning supervision at service level, that is to say the indicators to calculate, to measure service performance and quality, and the conditions of alarm activation.
It includes:
- definition of indicators associated to the service types (declension of the pattern metrics at the service level), with thresholds, calculation rules and consequences
     - example: rate of not cut communications (=maintained 2 minutes), availability indicator
- definition of the alarm setting off rules 
- definition of severity and risk level evaluation rules 
     - internal rule with regard to the area of the impact
     - rule linked to the contract (SLA)
          - bringing constraints on the interruption slot or requiring to plan the interruption with the customer in the case of scheduled works."
4.3.1.2;138;Service Quality Development;2;Service Quality Development Aggregate Function provides establishment of Service quality indicators specifications and the rules connected to them.
4.3.1.3;139;Service Performance Management;2;Service Performance Management aggregate function groups functions that both proactively and reactively optimize the delivery of services to customers.  This can include a real-time, end-to-end view to ensure that each service is functioning correctly as well as a historical view. These functions build on the Resource Performance data and active end-end service performance test data to provide a view of a service.They provide a key input to determine the Quality of Service.
4.3.2;140;Service Specification Development;1;"The Service Specification Development Aggregate Function enable to create and update the catalog at Service level :
- definition of the Service Providers know-hows (Customer Facing Services specification) and pre-requisite
- definition of the technical solutions available for each know-how (Resource Facing Services specification)
- links with the Supplier Product Catalog for know-hows, technical solutions or part of technical solutions not realized by the Service Provider itself.
It is also responsible for implementing the service strategy high level plan and develop the service infrastructure that will be used to provide the service (through products) to the customers at large (mass market, enterprise, to third parties/partners...) The Service Deployment and Retirement function manages the deployment constraints like area limitation (for test or for marketing purposes), progressive deployment following precise milestones"
4.3.2.1;141;Technical Solution Policy Management;2;"The Technical Solution Policy Management Aggregate Function enables to define - and to check consistency of - potentially complex rules to automate the choice of the technical solution for a know-how - or parts of the technical solution.

Criteria can be of various nature and combined :
- geographical
- depending on the chosen characteristics values of the know-how
- depending on other products / know-hows of the customer - installed or ordered
- depending on the current state of Service Platforms, Network equipment (occupation rate, load balancing,  )
- depending on Supplier/Partner contracts (volume discounts, )"
4.3.2.2;142;Service Specification Design;2;"The Service Specification Design Aggregate Function enables to create and update the catalogue at Service level :
- definition of the Service Providers know-hows (CustomerFacingServices specification) and pre-requisite
- definition of the technical solutions available for each know-how (ResourceFacingServicesspecification)
- links with the Supplier Product Catalogue for know-hows, technical solutions or part of technical solutions not realized by the Service Provider itself.

These know-hows specifications (and their technical solutions specifications) can then be used to define Products specifications which will be ordered by customers and delivered, but also for the internal needs of the Service Provider to manage its Service Platforms and network infrastructure process."
4.3.3;143;Service Test Specification Development;1;"Service Test Specification Development Aggregate Function functions provide the necessary functionalities to manage the service test catalog containing the service test specifications, the rules that define the test configuration setting up based on the context, the rules that define the strategies for executing the test as well as how the test results should be restituted.
Test strategies can range from simple to complex and encompass the definition of test scenario.
The definition of the test (with specification and rules) is very important because it defines the question that is asked and thus shapes the result that is reported back.
The functionalities include providing:
- Service Test Specification and test scenario management
  - Test scenario management: for example, a home equipment self-test can trigger a test scenario that verifies the functioning of all the services associated, depending on the installed products of the user. Thus, the Box could test its internal configuration and functioning and its capacity to connect to internet and VoIP services.
  - Managing service test capabilities: some resources used to implement services have limited capabilities for executing tests, especially for multiple parallel testing. All the constraints linked to limited resources test capabilities and depending on the execution context must be aggregated and managed at service test level.
  - Managing initiator authorization: some tests are restricted to some user roles (internal or external) so the authorization are defined at the Service Test Strategy and Policy Management
- Test rules defining the strategies for setting up test configuration
- Test rules defining how to carrying out the service test
  - For example: to choose the next test in a scenario depending on the results of the previous tests
- Test rules defining the enrichment of test results. 
  - For example: enrichment of internet bandwidth measure based on installed product
- Test rules defining the restitution of the result depending on test execution context
   - For example: a test result of ok/not ok can be enough for a user whereas customer care requires more details in the result of the test."
4.3.3.1;144;Service Test Policy Management;2;"Service Test Policy Management Aggregate Function provides the necessary functionalities to manage the service test catalogue containing the service test specifications, the rules that define the test configuration setting up based on the context, the rules that define the strategies for executing the test as well as how the test results should be restituted.
Test execution strategies can range from simple to complex and encompass the definition of test scenario.
The definition of the test (with specification and rules) is very important because it defines the question that is asked and thus shapes the result that is reported back.
The functionalities include providing:
- Service Test Specification and test scenario management
  - Test scenario management: for example, a home equipment self-test can trigger a test scenario that verifies the functioning of all the services associated, depending on the installed products of the user. Thus, the box could test its internal configuration and functioning and its capacity to connect to internet and VoIP services.
  - Managing service test capabilities: some resources used to implement services have limited capabilities for executing tests, especially for multiple parallel testing. All the constraints linked to limited resources test capabilities and depending on the execution context must be aggregated and managed at service test level.
  - Managing initiator authorization: some tests are restricted to some user roles (internal or external) so the authorization are defined at the Service Test Strategy and Policy Management
- Test rules defining the strategies for setting up test configuration
- Test rules defining how to carrying out the service test
  - For example: to choose the next test in a scenario depending on the results of the previous tests
- Test rules defining the enrichment of test results. 
  - For example: enrichment of internet bandwidth measure based on installed product
- Test rules defining the restitution of the result depending on test execution context
   - For example: a test result of ok/not ok can be enough for a user whereas customer care requires more details in the result of the test."
4.4.1;145;Service Management;1;Service Management groups functions in charge of managing the inventory of installed services.
4.4.1.1;146;Service Repository Management;2;"The Service Repository Management Aggregate Function stores and maintains the instances of know-hows (CustomerFacingServices) corresponding to products, ordered by customers, their configuration and links between them (ex: relies on).

It also describes and maintains, for each installed know-how (or service), the links with the chosen technical solution (ResourceFacingServiceSpec and corresponding Resources) which permit to manage the change of a technical solution - or part of it - for instances of know-how (example: new generation of Service Platform to deploy)."
4.4.1.2;147;Service Impact Assessment;2;"The Impact Assessment Aggregate Function enables the calculation of the impact of a resource event or set of events, depending on severity and risk level evaluation rules defined by the Service Performance Developement function.

The resource event can be: 
- a resource trouble or a resource trouble ticket
- an alarm on the resource
- a work planned on the resource (ResourceOrder issued from a Delivery process, from infrastructure operations, from problem management ) or a Project concerning the resource
The nature and the estimated duration of the event can be used for the impact analysis. 

Different types of evaluation rules can be defined, for example:
- rules based on the volume of the impact (example: number of installed services using an installed resource)
- rules based on the related service level agreement (example : a unique installed service can be impacted but with a very high SLA) 

This function provides functionality to:
- identify impacted elements: makes the link between the impacted installed resource and directly or indirectly impacted installed services and installed products (example: an access trouble impacts services supported by the access)
- determine the level, severity and the risk level of the impact,
- helps to plan the execution in appropriate time slot, when customer agreement is required and/or to comply with SLA
- make sure that the means to process the impact are correctly identified, affected and overseen.
- get back the necessary information to be able to notify the concerned customers.

In an assurance context, this function consumes information such as Installed Resource and Service (including SLA), ResourceTrouble, ResourceTroubleTicket, ResourceAlarm. In an infrastructure operation context, this function consumes information such as ResourceOrder, ProjectElement.
It can produce indicators - such as severity and risk indicator - or identify constraints or choice element concerning the intervention slot in order to minimize impacts."
4.4.1.3;148;Service Audit;2;"The Service Audit Aggregate Function permits to identify and check the consistency of the current state and the configured characteristics of the installed Services, between the Service Repository, Service Platforms and Network Equipment. Its to ensure that ordered and delivered Products / Know-hows are well configured and activated. 
This function can be used after changes of equipment or software for example.

Several mechanisms are available such as :
- Notification 
- Polling - can be automatic or on-demand (in case of Trouble Ticket for example)."
4.4.1.4;149;Service Reconciliation;2;"The Service Reconciliation Aggregate Function defines, suggests to an administrator or directly applies, rules to treat gaps between the installed Service Repository and the current state of installed Services on Service Platforms or equipment, identified by the Service Audit. 
These rules describe in which cases it is necessary to update the Service Repository, via the Service Repository Management, or to update the Service Platform itself (ex: Mobile Line and Voice Mail) through specific operations comparable to delivery ones."
4.4.2;150;Service Test Management;1;Service Test Management Aggregate Function functions provide the necessary functionalities to manage the end-to-end execution of a test for a service (test of a service use case getting through all concerned resources, local loop, DSLAM, Service Platform, etc.), either for manual or automatic testing in order to ensure that this service is working properly.
4.4.2.1;151;Service Test Analysis;2;Service Test Analysis Aggregate Function analysis Service Test results in order to propose actions to solve issues and provide reporting.
4.4.2.2;152;Service Test Conducting;2;"Service Test Conducting Aggregate Function provides the necessary functionalities to manage the end-to-end execution of a test for a service (test of a service use case getting through all concerned resources, local loop, DSLAM, Service Platform, ), either for manual or automatic testing in order to ensure that this service is working properly.
This function is used in the following processes:
- fulfillment for ensuring that the assigned service works as designed by testing the end-to-end service implementation. 
- problem management which can trigger automatic tests during service problem isolation. 
- service supervision, performance &amp; quality management to acquire data necessary to analyze the running services.
Service Test Conducting functionalities include:
- Verifying test authorization and quota management: checks depending on the initiator of the test request if it is authorized and if limitation applies in terms of test quota (linked to resources limitation or other technical constraints)
- Carrying out test priority: the priority of a test for customer care directly in front of a user is higher than for scheduled bulk test campaign
- Managing test scheduling:
  - can be triggered to schedule test (unitary, bulk) regularly (every week, every month)
  - should take into account the impact of the test on the services in order to limit it. For example, a test on a TV service can be programmed at 2 am in order to not disturb the usage of the user.
- Managing bulk test: as well as unitary test with flexibility concerning the criteria (category of service, geographical area, type of customer)
- and setting up the test context and configuration
- Test execution with access to the various data required to perform service testing
  - During the execution of a service test, resource tests can be executed to recover information (like inventory data)  needed to calculate the service test result
  - Data collected during service test can be inventory data (for example in IS inventory) or data related to services coming from service platform and equipment like network equipment or user devices.
  - Test execution produces a test result that may contain a raw result and an enrichment of this result depending on the service test definition and associated rules.
   For example: for a internet test the raw result can be the associated bandwidth and an enrichment can be done depending on the user access type (fiber, xdsl) to evaluate if the result is suitable or not.
- Managing service test scenario: service test management must manage service test scenario with the capacity to trigger additional service tests depending on the results of previous executed tests of the test scenario.
  - In addition to rules, test scenario can be designed to use signature templates data to identify the existence of disruptive events on services that usually correspond to an aggregation of disruptions on resources like water on cable, electrical interferences with other equipment"
4.4.2.3;153;Service Test Repository Management;2;Service Test Repository Management Aggregate Function manages tests of services including the scheduling, setting up the test configuration, acquisition and management of test resources, test results interpretation, reporting of test results and close down of the test of the service.
4.4.2.4;154;Service Test Reporting;2;"Service Test Reporting reports the raw test results that may depends on the test execution context data.

	- For the same test, depending on the initiator, the result restitution can be more or less detailed. Ex: Customer care needs more and more details with higher care level.
	- However test result restitution levels must always be mutually consistent through all the execution context
"
4.5.1;155;Service Configuration & Activation;1;"Service Configuration &amp; Activation is in charge of 

	- configuring Know-Hows (Customer Facing Service) and Technical Solutions (Resource Facing Service) taking into account constraints between them and applying engineering rules.
	-  and activating and pre-activating Services.
"
4.5.1.1;156;Service Activation;2;Service Activation Aggregate Function is in charge of activating and pre-activating Services.
4.5.1.2;157;Service Configuration;2;Service Configuration Aggregate Function is in charge of configuring Know-Hows (CustomerFacingService) and Technical Solutions (ResourceFacingService) taking into account constraints between them and applying engineering rules.
4.5.2;158;Service Order Management;1;Service Order Management (SOM) Aggregate Function manages the end to end lifecycle of a Service Order request, from its configuration up to the technical delivery on network equipment and service platforms.
4.5.2.1;159;Service Availability;2;"The Service Availability Aggregate Function validates that the service or services specified on the Service Order, or necessary regarding the product items specified in the Customer Order are:
- available at the specified customer/service location 
- feasible from a network and/or service platforms point of view
- compatible with related existing services - with or without changing their characteristics or technical solution
It includes Technical Feasibility (line type characteristics, coverage, equipment features ), and Technical Compatibility with the resources configurations already existing to support current customer installed services (refer to the Resource Availability function).

It can identify the need 
- for changing the current technical solution to respond to the order - according to allowed operations declared at catalogue level and engineering rules (Example: for an existing VOIP service, change H323 solution to SIP solution to add a new service such as Stop Secret)
- for modifying existing installed Products characteristics to maintain global integrity of a set of inter-depending services (Example: when changing the installed address of a fixed access, it can be necessary to change the call number of the related voice service, if it depends on geography)
- for ordering pre-requisite customer equipment (Example: the availability for broadband access is confirmed but the only possible - or preferred - solution is fiber, and its necessary to install an ONT and to simultaneously order a compatible box)

It also determines the standard delivery time needed, taking into account 
- resources availability
- the need of human intervention at any point of the network - and time and skills necessary to plan it
If an intervention is needed at the delivery address, regarding network context, it specifies it to the customer order capture, to allow it to manage an appointment.

To be noticed: if an intervention at the delivery address is always mandatory (or never necessary) for an ordered product, this information can be managed directly at product catalogue level."
4.5.2.2;160;Service Order Completion;2;"The service Order Completion Aggregate Function permits to enrich the CFS Order with information useful for the update of the installed resources, but not directly part of the ordered service (CFS).
Example: credentials to deliver a VOIP line, or IMSI to deliver a mobile line.
It can also describe necessary actions on other CFS, to maintain global integrity of a set of inter-depending services. 
Example: update the CFS Stop Secret - at least one of the related installed resources - when changing the call number of the CFS VOIP."
4.5.2.3;161;Service Order Initialization;2;"The Service Order Initialization Aggregate Function permits to:
- Identify the CFS specification and configuration related to the ordered product, in a context of customer order delivery
- Check if a corresponding CFS is operational in the service repository, and so determine the operation at CFS level (creation or modification)
- Initiate a service (CFS) order with these information
- Eventually group in the same service order several ordered product, based on the same CFS specification, and/or identified to be delivered at the same time by the Customer Order Orchestration.

This function can also permit to initialise CFS Orders for operator internal needs, for example to change (part of) a technical solution and migrate operational CFS on the new solution elements (ex: VOIP H323 -&gt; VOIP SIP)."
4.5.2.4;162;Service Order Repository Management;2;"Service Order Repository Management Aggregate Function tracks and manages the events and the lifecycle related to the Service (CFS) Order and to its items (e.g.: service order lines).
It gathers Service Order items delivery events from Service Order Orchestration and manages related Service Order and CFS lifecycles (via the Service Management Aggregate Function)."
4.5.2.5;163;Service Order Orchestration;2;"The Service Order Orchestration function provides workflow and orchestration capabilities for a dedicated Service (CFS) Order.
Orchestration is needed when:
- the technical solution includes the update of the operator Installed Resources and the purchase of a partner product (ex: local loop purchase)
- a work order is necessary at the delivery address or somewhere in the operator network
- part of the delivery process or checks are delegated to another SOM (and factory) (ex : check access or update it)
- contributing or support systems have to be informed (ex : Karma for the box)

Example: to deliver a VOIP service, it will orchestrate actions on Access Network Factory (to check access compatibility), VOIP service platform and CPE.

Service Order Orchestration will also orchestrate and manage dependencies between related Service Order items of Service Order."
4.5.2.6;164;Service Technical Solution Identification;2;"The Service Technical Solution Identification Aggregate Function identifies the technical solution to apply (RFS Specification and/or Supplier Product Specification) to deliver the ordered service (CFS) - up to the resources types needed (Resources Specification) and related operations - according to: 
- the configuration and/or location of the ordered service (CFS),
- the articulation between CFS and RFS described in the Service specification repository,
- the articulation between CFS operations and RFS operations described in the Service specification repository,
- the potential engineering rules of choice if several RFS can fit in with the CFS, as described in the Service specification repository, 
- the potential constraints related to the existing - or simultaneously ordered - customer equipment type,
- the services and resources repository.

The service inventory keeps the links between the CFS and each chosen element of the technical solution - RFS specification and resource specification or Supplier Product specification.
This function can also be used in a study phase for the design of non standard services, mainly for B2B market needs, and the definition of a new technical solution, more often by assembling elements of existing technical solutions (and adding specific equipments)."
4.5.2.7;165;Installed Resources Identification;2;"Installed Resources Identification Aggregate Function identifies the installed resources to update, as part of the chosen technical solution, to deliver the ordered service (CFS).
This information enrich the CFS order and the CFS.

This choice is based on service catalogue rules (between RFS specification and Resources specification) and it can be necessary to check the installed resources availability, occupancy,  via the Resource Availability function.

Cloud example: In case of a cloud service, the Service Order Delivery process only identifies the equipment in charge of the management of the cloud infrastructure - and it will be informed of the ordered service characteristics. Depending on its own rules, the cloud infrastructure manager will decide or not to immediately allocate and configure all - or part of - the required resources.
So the first usage request of the cloud service can trigger the effective choice and configuration of the necessary resources - and these resources can change between usages. In this case the end of the delivery process is assumed by the manager of the cloud infrastructure. 

Remark: This function is globally a part of the technical solution identification."
4.5.2.8;166;Service Order Delivery Preparation;2;"The Service Order Delivery Preparation Aggregate Function allows in the context of a Service Order to:
- query catalogues and installed bases to identify what needs to be delivered: resource specification and its configuration, service specification (CFSSpec), intervention (WorkSpec), supplier product, related to the ordered service,
- prepare a Resource Order (CFS Order), a Service Order which will be delegated to another system, a Supplier Order, Stock Item Order or Work Order with the necessary information (the effective update in the order repositories will be supported by the corresponding Order Inventory Management functions)

In the case of a Service associated with an existing Internal Resource Type, this function also allows to: 
- check if a corresponding Installed Resource is operational in the resource installed base, and determine the operation to be performed at Resource level (creation or modification)
- eventually group in the same Resource order several ordered services, based on the same CFS specification, and/or identified to be delivered at the same time by the Service Order Delivery Orchestration."
4.5.3.1;168;Service Delivery Management;2;Service Delivery Management AF groups functions involved in delivering Service Instances (such as the stream of a video, managing a customer's instance on an online game, operating a Platform-as-a-Service virtual machine, etc.).
4.6.1;169;Service Problem Management;1;Service Problem Management groups functions in charge of managing Service Trouble.
4.6.1.1;170;Service Problem Repository Management;2;"Service Problem Repository Management Aggregate Function includes:
- Service Trouble Ticket recording
- Initialization of the Service Trouble - or association to an existing Service Trouble in case of collective disturbance
- Service Trouble Ticket lifecycle management
- Reporting"
4.6.1.2;171;Service Problem Resolution;2;"The Service Problem Resolution Aggregate Function allows to resolve the service problem in order to bring back the service to a normal operational state as efficiently as possible.
This may involve automated or manual restoration activities. It may also involve reconfiguration, re-assignments, temporary work-arounds, and/or dispatches of field technicians.
These resolution actions can be temporary or palliative, to quickly stop the trouble, and followed by other actions which will definitely treat the trouble cause. So different resolution actions can be planned and executed, associated to the same Service Trouble.
These actions can be treated through resource trouble ticket - and complementary analysis at resource level - or directly through resource order (ex: reconfiguration of an equipment).
For example to resolve a Service Trouble, the action could be to position the service on another resource (new resource order), if the current installed base resource is defective.

The Service Problem Resolution Aggregate Function includes:
- Identification of the diagnostic actions relevant to identify the service trouble, based on the service type and rules defined by the Service Problem Strategy and Policy Management function
- Triggering of these diagnostic actions and analysis of their results
- Initialization of the Service Trouble - or association to an existing Service Trouble in case of collective disturbance
- Identification of the internal actor or team in charge of the Service Trouble Ticket management, follow up and reporting
- Escalation procedure."
4.6.1.3;172;Service Problem Policy Management;2;"Service Problem Policy Management Aggregate Function allows to manage the service problem typology, actions and rules, describing:
- all the types of known troubles related to a service type  
- the actions and rules of triggering, of linking and of results analysis that define the strategies for identifying
   - the trouble associated to a - or a set of - service trouble ticket(s) 
   - the cause(s) of this trouble and the actions to do to resolve the service trouble . 

The definition of the trouble (with specification and rules) is very important because it defines the sequence logic of the actions to be realized to identify and qualify the trouble, one or several associated causes , and to identify the best solution to solve the problem. Specifications and rules may take into account characteristics like urgency level, impact level, priority level of the service trouble ticket.

The different action types are:
- Diagnostic actions and rules to identify the service trouble 
   - For example: simple Service test or Service test scenario, inventories consultation to identify installed service and associated installed resources, test historic consultation, 
- Diagnostic actions  and rules to identify the service trouble cause(s) and the possible root cause
   - For example: Plan workforce intervention to check an equipment, launch test scenario, query QoS historic, followed by service test launch if the installed service has a decreasing QoS, query service usage historic, service platforms logs, equipments logs, anomaly historic, 
- Definition of the logic of interpretation of the results of these diagnostic actions, to identify resolution actions. These resolution actions can be temporary or palliative, to quickly stop the trouble, and followed by other actions which will definitely treat the trouble cause. 
   - Example: to immediately solve an internet access break, we can provide the customer with a specific equipment which permits wireless connection on 3G/4G network - so he can wait for its internet access repair. 
- Definition of notification action, depending on the trouble or the trouble cause identified, for example display a message on the CSP web site, or broadcast a vocal message on IVR in case of collective trouble.
- Definition of lead action, mainly the need or not to initialize ProductTrouble Tickets for all the installed product concerned by the service trouble.

These different actions will be authorized - or not - depending on actors role and associated rights. 

It is also possible to define rules to manage Service Trouble Tickets and Service Trouble priorities, depending on SLA products subscribed (or assigned by regulatory authorities, to hospitals, strategic installations, )."
4.6.1.4;173;Service Trouble Analysis;2;"Service Trouble Analysis function permits to identify
- the service trouble cause via diagnostic actions (Test, inventories and historics consultation, Workforce Intervention) and interpretation rules of their results
- the necessary resolution actions - or the best identified solution - to realize to solve the problem.

The identification of the service trouble cause can be made through:
- Analysis of associated Service Trouble Ticket Information (first diagnostic)
- Analysis of Service alarm events (fault of performance data )
- Issuing service tests, including one time tests or a series of tests over a period of time
- Analysis of previous service test results , service usage historic, QoS historic, service platform logs, equipment logs, anomaly historics, etc."
4.6.1.5;174;Service Trouble Tracking and Business Value Development;2;"Service Trouble Tracking and Lifecycle Management Aggregate Function tracks and manages the events and the lifecycle related to the Service Trouble (for example when the resolution is ended), and assures that service troubles are assigned, coordinated, efficiently solved, and escalating as needed.

It is also in charge of grouping Service Troubles with the same Trouble Cause and of grouping the related Service Trouble Tickets (for example, in case of a collective disturbance).

It manages Service Trouble closure according to business rules:

	- the service trouble can be closed as soon as a palliative action has been done and the user retrieved a not degraded use - at least one Resource Trouble Ticket is still ongoing
	- or only when the trouble is definitely treated - all associated Resource Trouble Tickets are closed.
"
4.6.2;175;Service Quality and Performance Management;1;The Service Quality and Performance Management Aggregated Function groups functions that supervise service functioning and manage resulting alarms.
4.6.2.1;176;Service Quality and Performance Analysis;2;"The Service Quality and Performance Analysis Aggregate Function assures that service alarms produced by the Service Quality &amp; Performance Supervision function are correctly handled, affected and distributed and escalated as needed, depending on rules defined by Service Supervision Strategy &amp; Policy Management. 

The service alarms can concern 
- a bad functioning of a service (unsuccessful communications)
- the reach of a quality or performance threshold
- or a degradation of the performance or quality of service.

 Service Quality and Performance Analysis Aggregate Function includes:
- service Alarm qualification (severity level determination, enrichment with data from Service Installed Base
- filtering: if the service alarm concerns a service based on a resource currently under a scheduled work, it can be inhibited
- correlation: for example several alarms can be associated each other based on engineering rules and reduced to one root alarm on the service
- assignment and distribution of service qualified alarms if necessary to a responsible actor.

If the service alarm is validated and requires a search for cause and a triggering of action, a service trouble ticket is created and will be handled by trouble mechanism. When the Service Trouble is resolved, the Service Alarm could be, automatically or not, deactivated or its severity level decreased.

In other cases the alarm can be handled, without creating an associated trouble ticket, by following exploitation forms, with possibly triggering of manual actions.
In every cases, it could be closed manually by an assigned actor."
4.6.2.2;177;Service Quality and Performance Repository Management;2;"Service Quality and Performance Repository Management Aggregate Function collects and manages Service quality and performance from Resource quality and performance and from Service tests.
It is also in charge of reporting Service Quality and Performance."
4.6.2.3;178;Service Quality and Performance Supervision;2;"The Service Quality and Performance Supervision Aggregate Function enables service functioning to be measured (in real-time or not), and supervised, depending on rules defined by Service Quality and Performance Strategy Development, in order to prevent the service quality and performance degradation, with an on-the-fly analysis. 

It includes: 
- filtering, aggregation of the collected information
- analysis of 
     - different types of information directly issued from equipment 
          - examples: continuity check information, IP ping, time to access Internet services transmitted by probes, 
     - results of tests or historic of tests
     - service usage
     - traffic degradations. 
- it compares these information with expected values or pre-established limits
     - when there is a great augmentation of service use and traffic congestion it can trigger an alarm that will be handled via alarm &amp; problem management to set up a load-shedding mechanism (example for new year SMS).
- enrich or calculate service quality and performance indicators (includes KQI, KPI) 
     - Examples of KQI: time to repair warranty, availability percentage on a time slot, percentage of correct vocal quality communications
- it compares these indicators with expected values or pre-established limits
- analysis and evaluation of service performance indicators evolution
- it enables the quality of services to be analyzed by means of aggregation, enrichment, and correlation of performance data.
- it produces Service Alarm 
     - in case of performance degradation (for example when a predefined threshold is reached in application of the rules defined at the strategy level)
     - in case of SLA violations 
- it manages (generation/visualization/distribution) the reports resulting of QoS analysis."
4.7.1;179;Service Usage Management;1;Service Usage Management Aggregate Function groups functions in charge of collecting, identifying, aggregating and assigning Service Usage records.
4.7.1.1;180;Service Usage Guiding;2;"The Service Usage Guiding Aggregate Function ensures resource usage records aggregation (consolidation, elimination of duplicates) to generate service usage records (""global usage repor"" often called Charging Data Record or CDR).
Each service usage record is associated to the installed service that generated it (ex: mobile line service)."
5.1.1;181;Resource Strategic Analysis;1;Resource Strategic Analysis Aggregated Function groups functions useful to conduct delayed analysis, on the collected information concerning resource, which may have an influence on the strategy.
5.1.1.1;182;Resource Infrastructure Analysis;2;Resource Infrastructure Analysis Aggregate Function analysis Network infrastructure for identifying optimum network deployments, identifying strategic sites and Network sizing needs.
5.1.1.2;183;Supply Chain Planning Analysis;2;Supply Chain Planning Analysis Aggregate Function identifies sourcing forecast and plans sourcing taking into account current inventory, in collaboration with all suppliers.
5.1.1.3;184;Resource Performance Analysis;2;"The Resource Performance Analysis Aggregate Function comprises off-line analysis of the resource performance and forecast concerning the resource performance indicators, depending on rules and indicators defined through Resource Supervision Strategy and Policy Management.

It calculates resource performance indicators (aggregated or not) and produces statistics and forecasts concerning the resource performance (ex: loads linked to the uses, number of failures, ), based on the following information: 
- indicators already calculated by the Resource Performance Supervision function
- aggregated resource usages 
- historic of resource test
- resource trouble or resource trouble ticket
- resource alarm
- data directly issued from equipment - all of them are not analyzed on the fly.

The information produced can also be used to improve the rules and indicators definition of Resource Supervision Policy Management."
5.1.1.4;185;Resource Diagnostic and Test Quality Loop;2;"Resource Diagnostic and Test Quality Loop Aggregate Function provides the necessary functionalities to manage a quality loop on diagnostic to continually tweak and improve it.
Functionalities include:
- Management of success/failure result feedback of diagnostic and correction provided by technicians or the systems after a correction
- Offline analysis of the success/failure data compared to the diagnostic and correction rules to provide modifications to improve them. This analysis is done using statistical diagnostic data and test results to evaluate their relevance and the needed updates.
The provided improvements can be used to update the definition of diagnostic rules and correction actions in the Resource Trouble Policy Management function and the definition of tests in the Resource Test Policy Management function."
5.1.2;186;Resource Strategy Management;1;Resource Strategy Management aggregate function groups functions useful to define the resource strategy and to develop it (new resources or enhance the existing resources).
5.1.2.1;187;Resource Strategy Design and Planning;2;"The Resource Strategy, Design and Planning is responsible for the definition of the resource strategy at the company level. This function takes into account a list of inputs to determine the need to implement new resources, to modify or replace existing resources or to remove them. As inputs, the function can use the following information: 
- The existing context of the company with available services and resources (network, PFS)
- The data produced by the Resource Usage Analysis function and traffic and geographical evolution analyses
- The performance and test results of existing resources or in test resources (like POC to validate a new technology)
- The new technologies that are developed in the industry 
- Marketing constraints concerning the date of opening for a new service that requires evolution at the resource level 
- The cost of the existing and new technologies with benefit evaluation 
- The possibility to share resources with third parties/partner 
- The service strategy already defined in a top down process (service driven)

Following the definition of the service and resource strategy the Resource Strategy, Design and Planning function updates the resource design by requesting the modifications (creating, updating, deleting) of the resource specifications to the resource catalogue and thus the evolution of the available technology solutions.

Finally, the Resource Strategy, Design and Planning function provides a high level planning of the resource strategy implementation taking into account the service strategy plan. The strategy planning can take into account constraints (like legal constraints or the need of validation by authorities) and notify other companies, local authorities or governments of the chosen strategy, for example the choice of FTTH technology versus VDSL."
5.2.1;188;Resource Capability Management;1;Resource Capability Management Aggregate Function groups functions in charge of specifying and managing Resource Specification capabilities.
5.2.1.1;189;Resource Specification Capability Development;2;Resource Capability Specification Management Aggregate Function manages Resource Capability Specifications for all Resource Specifications. The capability specifications represent the general, common and invariant characteristics of resource that may be realized in more than one type of specific resource. Examples of capability are Layer2, Data, radio and Transport.
5.2.1.2;190;Resource Deployment and Retirement;2;"The Resource Deployment and Retirement Aggregate Function is responsible for implementing the resource strategy high level plan and develop the resource infrastructure (network, PFS, IT...). The Resource Deployment and Retirement function manages the deployment constraints like area limitation (for test or for marketing purposes), progressive deployment following precise milestones These constrains may be provided from the service level.

The resource deployment and retirement can be responsible to manage constraints (like legal constraints or the need of validation by authorities) and notify other companies, local authorities or governments of the effective deployment or retirement of resources like the implementation of FTTH technology in a building.

The Resource Installed Base is updated and the resources are pre-configured and pre-activated if needed, for example for non-customer specific parameters, via the Resource Order Initialization and Installed Resource Management functions."
5.2.1.3;191;Resource Test Resources Check;2;Resource Test Resources Check Aggregate Function is in charge of defining, implementing and checking resources used to test Resources.
5.2.2;192;Network Development;1;Network Development AF groups functions that acquire, expand, improve and maintain communications networks.
5.2.2.1;193;Network Planning and Building;2;Network Planning and Building AF groups functions responsible for ensuring network capacity is available to meet the needs of Customer service requests and ensuring network restorability. Network capacity includes the access network and the various OSI Layer 1-4+ core backbone networks. Network Planning and Building functions manage network capacity with the goals of (1) maximizing return from capital expenditures, (2) ensuring inventory and financial accuracy, (3) providing capacity to meet customer demands, (4) future-proofing evolving technology options, (5) best leveraging of supply-chain management, (6) setting up the OSS data to permit flow-through automation once network elements have been made available in OSS inventory.
5.2.2.2;194;Network Access Management;2;Network Access Management AF groups functions that investigate and implement alternatives to building network.
5.2.2.3;195;Network Change Management;2;"The Network Change Management AF groups functions that notify and communicate to concerned parties about changes to the communications network and its elements - planned changes, changes happening in real-time, and past changes (for root cause analysis) - in order to reduce the ""blast radius"" of such changes"
5.3.1;196;Resource Specification Management;1;"The Resource Specification Management Aggregated Function functions enable to create and update the catalogue at Resource level, for all types of resources (ResourceSpecification):
- Physical Resources (ex: cable, passive equipment, )
- Logical Resources (ex: phone number, IP address, APPS such as Orange TV, Orange Maps, )
- Compound Resources (ex: DSLAM, box, )
It manages the links with the Business Partner Product Catalogue for Resources specification that correspond to equipment rented to a supplier (devices, network equipment, hardware &amp; software, ).
It also manages the links to the Skill catalogue to identify for each type of resource - or of operation on a resource - which type of skill is necessary to make the intervention."
5.3.1.1;197;Resource Allocation Policy Development;2;"The Resource Allocation Policy Development Aggregate Function enables to define and to check consistency of potentially complex rules to automate the choice of resource type and/or instance during different processes such as delivery management, assurance, infrastructure management, . 

Criteria can be of various nature and combined:
- geographical (for fixed phone number allocation, )
- defined by regulation authorities which allocate the resources to the Service Provider (range of MSISDN dedicated to M2M, IMSI allocation rules to SIM cards depending of future vendor - the Service Provider itself, MVNO,  - , duration of freezing before using again a phone number, )
- depending on the configured characteristics of the Installed Service / Resource to deliver (ex: phone number allocated during Customer Order Capture, internet speed required, ) or associated to it (ex: QoS or SLA)
- depending on the current state of Service Platforms, Network equipment (occupation rate, load balancing,  )
- depending on  Supplier/Partner contracts (volume discounts, )"
5.3.1.2;198;Resource Specification Development;2;"The Resource Specification Development Aggregate Function enables to create and update the catalogue at Resource level, for all types of resources (Resource Specification):
- Physical Resources (ex: cable, passive equipment, )
- Logical Resources (ex: phone number, IP address, APPS such as TV, Maps, )
- Compound Resources (ex: DSLAM, box, )
Examples of Resource Specification:
- iphone 5S and its characteristics such as colors available, size and weight, capacity, 
- DSLAM Alcatel XXX and its characteristics such as size and weight, electricity consumption, number of DSL ports, 

It manages the links with the Supplier/Partner Product Catalogue for Resources specification that correspond to equipment rented to a supplier (devices, network equipments, hardware &amp; software, ).
It also manages the links to the Skill catalogue to identify for each type of resource - or of operation on a resource - which type of skill is necessary to make the intervention.

It also permits to describe in a short way resources types that as a Service Provider we dont own or commercialize (ex: mobile phones used by our customers)."
5.3.1.3;199;Resource Test Policy and Schedule Management;2;"Resource Test Policy and Schedule Management Aggregate Function provides the necessary functionalities to manage the resource test catalogue containing the resource test specifications, the rules that define the test configuration setting up based on the context, the rules that define the strategies for executing the test as well as how the test results should be restituted.
Test strategies can range from simple to complex and encompass the definition of test scenario.
The definition of the test (with specification and rules) is very important because it defines the question that is asked and thus shapes the result that is reported back.
The functionalities include providing:
- Resource Test Specification and test scenario management
  - Test scenario management: for example, in case of redundant resources the test scenario can test the default resources involved in a service before testing one of the possible redundant resources solutions available and not necessarily test all the other existing solutions if the previous tests are positives.
  - Managing resource test capabilities: some resources have limited capabilities for executing tests, especially for multiple parallel testing. Resources can be either the resources involved for the user or test related resources like probes &amp; robots.
  - Managing initiator authorization: some tests are restricted to some user roles (internal or external) so the authorizations are defined at the Resource Test Strategy and Policy Management.
- Test rules defining the strategies for setting up test configuration
- Test rules defining how to carrying out the resource test
  - For example: to choose the next test in a scenario depending on the results of the previous tests
- Test rules defining the enrichment of test results. 
  - For example: the enrichment of CPU &amp; disk space usage compared to the defined strategy of the company
  - For example: the enrichment of copper line electrical conductivity compared to previously measure template
- Test rules defining the restitution of the result depending on test execution context
   - For example: a test result of ok/not ok can be enough for a user whereas technicians require more details in the result of the test."
5.3.1.4;200;Resource Supervision Policy Development;2;"The Resource Supervision Policy Development Aggregate Function enables to define the policy concerning supervision (indicators and alarm) at Resource level.

It includes: 
- Definition of indicators (measures) associated with the resource type, with thresholds, calculation rules and consequences
     - examples of indicators with threshold : pressure, temperature 
     - examples of indicators with calculation rules : storage occupation rate, load rate
- Definition of rules 
     - for alarm activation
          - for example if a dysfunction is detected in its power supply, or in the functioning of the elements which constitutes it (card, port, internal ventilator) and also if its temperature exceeds a threshold.
     - for a Trouble ticket creation next to a resource alarm qualification."
5.3.1.5;201;Resource Trouble Policy Management;2;"Resource Trouble Policy Management Aggregate Function allows to manage the resource problem typology, actions and rules describing:
- all the types of known troubles related to resource type  
- the actions and rules of triggering, of linking and of results analysis that define the strategies for identifying  
   - the trouble associated to a - or a set of - resource trouble ticket(s)
   - the cause(s) of this trouble and the actions to do to resolve the resource trouble. 

The definition of the trouble (with specification and rules) is very important because it defines the sequence logic of the actions to be realized to identify and qualify the problem, one or several associated causes , and to identify the best solution to solve the problem. Specifications and rules may take into account characteristics like urgency level, impact level, priority level of the resource trouble ticket.

The different action types are:
- Diagnostic actions and rules to identify the resource trouble. This step permits to identify the installed resource(s) at fault
   - For example: simple resource test or resource test scenario, inventories consultation to identify installed resource and expected configuration characteristics, test historic consultation, 
- Diagnostic actions  and rules to identify the resource trouble cause(s) and the possible root cause . This step permits to identify why the related installed resource(s) is (are) at fault.
   - For example: Plan workforce intervention to check an equipment, launch resource test scenario, query QoS historic, followed by resource test launch if the installed resource has a decreasing QoS, query resource usage historic, equipments logs, anomaly historic, .
- Definition of the logic of interpretation of the results of these diagnostic actions, to identify resolution actions. These resolution actions can be temporary or palliative, to quickly stop the trouble, and followed by other actions which will definitely treat the trouble cause 
   - For example: if a network cable is cut, we can first decide to migrate all or part of the interrupted installed services on another cable (through dedicated resource orders) to quickly solve the trouble, and secondly initiate a project - often called scheduled work - to repair the cut cable. After the final repair, its not always necessary to migrate the installed service back.
- Definition of notification action, depending on the trouble or the trouble cause identified, for example display a message on the web site, or broadcast a vocal message on IVR in case of collective trouble (example: network cable cut, power cut, ) 
- Definition of lead action, mainly the need or not to initialize Service Trouble Tickets for all the installed services concerned by the resource trouble.

These different actions will be authorized - or not - depending on actors role and associated rights. 
For example we could authorized the customer (or user) to directly diagnose a configuration problem on his box and to trigger the upload of a new software version, but reserve the capacity of updating the configuration of a service platform to support level 2 actors.

It is also possible to define rules to manage Resource Trouble Tickets and Resource Trouble priorities, depending on criteria such as:
- Priority of the related Service Trouble Ticket(s) or Service Trouble(s) 
- Number of Product Trouble Tickets that can be expected, linked to the usage of the installed resource."
5.3.2;202;Supply Chain Development;1;Supply Chain Development groups functions useful to develop the Supply Chain (new Stock Items or existing Stock Items evolution). This also includes identifying links with associated human actors.
5.3.2.1;203;Stock Item Management;2;Stock Item Management Aggregate Function enables to define Stock Items handled by the supply chain for stock management and shipping.
5.3.3;204;Work Specification Management;1;Work Specification Management Aggregate Function groups functions in charge of Work specifications development.
5.3.3.1;205;Work Specification Development;2;Work Specification Development Aggregate Function enables to specify types of Work including required skills and resources to realize human activities such as training or resource installation.
5.4.1;206;Resource Management;1;Resource Management groups functions in charge of managing the inventory of resources.
5.4.1.1;207;Location Management;2;"The Location Management Aggregate Function permits to describe, identify and manage any type of location useful for the Service Provider operational processes.
It includes:
- geographical address description (city, street, number in the street, ), described using national or international codifications (for streets, countries, etc.),
- buildings description (floors, rooms, racks, ), 
- geospatial information,
-Information such as contact methods, opening time, access code, warnings, etc. can also be defined."
5.4.1.2;208;Regulated Logical Resources Management;2;"The Regulated Logical Resources Management Aggregate Function permits to describe and manage logical resources such as phone numbers, IP addresses, IMSI, frequencies  which are usually allocated to the Service Provider by regulation authorities, and often in limited quantities.
Specific rules defined by regulation authorities are treated by the Resource Allocation Policy Management function.
The Service Provider also often has specific operations to manage when these resources are allocated or returned, and fair usage reporting to ensure.
For example, this function covers Portability constraints for phone numbers, which oblige the Service Provider to always know which operator uses a phone number to be able to manage changes of operator and network routing.
It can also cover constraints related to mail address management."
5.4.1.3;209;Resource Allocation;2;"The Resource Reconciliation Aggregate Function defines, suggests to an administrator or directly applies rules to treat gaps between the Installed Resource Base and the current state or characteristics of Installed Resources identified by the Audit - Resource Discovery function. 

These rules describe in which cases it is necessary to update the Installed Resource Base (ex: notification of a new equipment), via the Installed Resource Management function, or to update the equipment itself (ex: box)  - in some cases it can be necessary  
- to trigger again the configuration of the installed resource 
- or even to trigger human intervention (ex: gap on physical network)"
5.4.1.4;210;Resource Audit and Discovery;2;"The Audit - Resource Discovery Aggregate Function permits to identify and check the consistency of the current state and the configured characteristics of the Installed Resources, between the installed resources base (or inventory) and the equipments. Several mechanisms are available such as:
- Notification (concern active equipment, for example box, OLT, mobile phone really used, )
- Polling (concern passive equipment). Polling can be automatic or on-demand (in case of Trouble Ticket for example), direct or through intermediate equipment. For example, to identify home equipment, information is collected through the box.
- Report by technicians in the field

The installed resources identified by the Audit-Resource Discovery function can be:
- elements of the Service Provider Infrastructure
- devices sold or rented to customers by the Service Provider
- devices owned by customers or users, not sold or rented by the Service Provider, and directly or not connected to its network."
5.4.1.5;211;Resource Repository Reconciliation;2;"The Resource Repository Reconciliation Aggregate Function defines, suggests to an administrator or directly applies rules to treat gaps between the Installed Resource Base and the current state or characteristics of Installed Resources identified by the Audit - Resource Discovery function. 

These rules describe in which cases it is necessary to update the Installed Resource Base (ex: notification of a new equipment), via the Installed Resource Management function, or to update the equipment itself (ex: box)  - in some cases it can be necessary  
- to trigger again the configuration of the installed resource 
- or even to trigger human intervention (ex: gap on physical network)"
5.4.1.6;212;Resource Repository Management;2;"The Resource Repository Management Aggregate Function stores and maintains a reference of all technical resources (physical, logical and compound resources). 
The Resource base describes in particular network and IT resources 
- created and eventually configured during the Infrastructure Management process,
- allocated and configured during the Service Delivery process,
- or during Assurance process 
Resources (physical or compound) are linked to their geographical location, when it is relevant and stable. 
Example: DSLAM XXX is located 2 street Louis Armstrong 75015 Paris, building A, floor 2, room 214
Resources can be identified and referenced before any allocation to a service (and/or a product) - and can exist without being used, by a service for example.
Examples:
- devices managed in the Service Provider stocks
- fixed access
- new DSLAM or Service Platform
It also permits to describe in a short way resources that as a Service Provider we dont own or commercialize (ex: mobile phones used by our customers) but that we need to know or to act on. For example when someone arrives in a foreign country with his mobile phone, his SIM card is updated for roaming management (as hosting network)."
5.4.1.7;213;Resource Simulation;2;Resource Simulation Aggregate Function provides capacity to design Resource infrastructure and helps analyzing potential changes.
5.4.1.8;214;Resource Mediation;2;Resource Mediation Aggregate Function provides capacity to exchange data with Resources.
5.4.1.9;215;Resource Geographical Association;2;Resource Geographical Association Aggregate Function includes functions that relate Resources to points or boundaries as identified by geographical references. Geographical references could be as defined in GIS systems, or as defined by external parties or agencies (such as postal codes, emergency response zones, legal boundaries, etc.).
5.4.2;216;Resource Test Management;1;"Resource Test Management provides the necessary functionalities to manage the end-to-end execution of a test for a resource, either for manual or automatic testing in order to ensure that this resource is working properly. It includes:
- Verifying test authorization and quota management
- Carrying out test priority
- Managing test scheduling
- Managing bulk test
- Retrieval of appropriate inventory data and setting up the test context and configuration
- Test execution with access to the various resources required to perform resource testing
- Managing resource test scenario
- Test results restitution
- Test results long term logging for offline data analyses. 
- Possible reporting of test results back to the initiator of the test."
5.4.2.1;217;Resource Test Conducting;2;"Resource Test Conducting provides the necessary functionalities to manage the end-to-end execution of a test for a resource, either for manual or automatic testing in order to ensure that this resource is working properly.

The Resource Test Conducting function is used in the following processes:
- fulfillment, usually triggered within the framework of a test of service, for ensuring that the assigned resource works as designed.
- fault management, which can trigger automatic tests during resource fault isolation.
- resource supervision, performance &amp; quality management to acquire data necessary to analyze the running resources.

Resource Test Conducting functionalities include:
- Verifying test authorization and quota management: resource test management checks depending on the initiator of the test request if it is authorized and if limitation applies in terms of test quota (linked to resources limitation or other technical constraints)
- Carrying out test priority: the priority of a test for technician intervening at the user home is higher than for scheduled bulk test campaign
- Managing test scheduling:
  - Resource Test Conducting can be triggered to schedule test (unitary, bulk) regularly (every week, every month)
  - Resource Test Conducting should take into account the impact of the test on the resources in order to limit it. For example, a remote test on a user STB can be programmed at 2 am in order to not disturb the usage of the user.
- Managing bulk test: resource test management must be able to execute unitary test as bulk test with flexibility concerning the criteria (for a category of resource, geographical area, type of customer)
- Retrieval of appropriate inventory data and setting up the test context and configuration
- Test execution with access to the various resources required to perform resource testing. The test execution produces a test result that may contain a raw result and an enrichment of this result depending on the resource test definition and associated rules.
  - For example: for a copper line test the raw result can be the conductivity of the line  and an enrichment can be done depending on conductivity templates calculated previously to evaluate if the result is suitable or not.
- Managing resource test scenario: resource test management must manage resource test scenario with the capacity to trigger additional resource tests depending on the results of previous executed tests of the test scenario.
  - In addition to rules, test scenario can be designed to use signature templates data to identify the existence of disruptive events on resources like water on cable, electrical interferences with other equipment
- Test results restitution: the restitution of the raw test results may depends on the test execution context data.
  - For the same test, depending on the initiator, the result restitution can be more or less detailed. Customer care or technician (ex: during a turn on test) needs more and more details with higher care level. 
  - However test result restitution levels must always be mutually consistent through all  the execution context
- Test results long term logging for offline data analyses. These analyses are done outside of Resource Test Management.
- Possible reporting of test results back to the initiator of the test."
5.4.2.2;219;Resource Test Inventory Management;2;Resource Test Inventory Management Aggregate Function manages Resource Tests designs and results.
5.4.2.3;220;Resource Test Reporting;2;Resource Test Reporting Aggregate Function provides reporting of resource test results back to the requester.
5.4.2.4;221;Resource Test Analysis;2;Resource Test Analysis Aggregate Function analysis Resource Tests results and forecast long term error trajectory.
5.4.2.5;218;Network Capacity Management;2;Network Capacity Management AF includes functions that address the near-term management of network asset utilization. This includes: Monitor, provide trend analysis and direct the deployment, use and capacity of network inventory in the 0-12 month timeframe to ensure the right technology is efficiently deployed and positioned to meet the service delivery needs of the market, while minimizing capital and expense. For ports, bandwidth and memory measures, this includes measures such as the current consumption, months to exhaust, and average monthly consumption. Capacity management triggers activation of components to meet the current demand.
5.4.3;222;Work Order Management;1;"The Work Order Management aggregate functions track and manage the events and the lifecycle related to Work Orders, and assures that they are assigned, coordinated and escalating as needed.
It is especially in charge of initiating re-assignments as needed, based on changing priorities, technician progress on other job assignments, etc."
5.4.3.1;223;Work Order Assignment and Plan;2;"The Work Order Assignment and Plan Aggregate Function provides the functionality required to assign a WorkOrder (that corresponds to manual tasks) to staff members, and to plan it according to :
- WorkOrder priority and due date
- tasks planned duration and required skills
- tasks location - and related constraints like opening time, security issues,  , and optimization of staff trips
- workload / availability of technicians or other concerned staff members
 
There are two possible levels of assignment of a WorkOrder to a calendar entry :
- first, the Work Order is assigned to a pool calendar, according to location and skills criteria.
- secondly, the Work Order is assigned to one or several actors calendar according to real availability, tour planning (mobility management), specific location issues such as safety (e.g. presence of two people needed in some places due to the height of the equipments, and so on)
In case of subcontracting, the operator only performs the first level of assignment, according to the agreement with the supplier.
Back office activities too are only assigned at team level, and then ensure by team members through the team basket."
5.4.3.2;224;Work Order Establishment;2;"The Work Order Establishment Aggregate Function receives requests which imply to plan and assign manual activities to staff in a workforce. This work request can be produced from various systems such as Interaction Management, Order Management, Problem Management, Infrastructure Management, etc.
The activity can correspond to technical tasks, an appointment with a customer for pre-sales or demo, 

This function includes :
- filtering the various requests (several requests may result in a single job to be performed, emitters may send duplicate demands, requested action may already be identified by Problem Management, )
- choice of the carrying out model and decomposing the request into Work Order(s) and Work Order Item(s) - each Work Order describing all the operations to be performed by the same actor type at the same time in the same location.
- adding context information (e.g. location information and associated constraints (opening hours/security issues) and produces Work Order(s) to perform the initial request.

The request can be described by one of the following : 
- Resource Order: The order provides the initial state of the resources and the requested final state/or the operation to be executed on them. The Resource Order may be issued by a Customer Order or a Service Order, by an Internal production process, by a problem management restoration process. 
- Project Item: i.e. a specific task in a planned project such as infrastructure roll-out, software deployment, B2B customer complex installation, preventive maintenance, ...
- Interaction: i.e. any agreement to manage an appointment between a company representative (sales, technician, ) and a customer representative for pre-sales, demo, etc."
5.4.3.3;225;Work Order Tracking and Business Value Development;2;"Work Order Tracking and Business Value Development Aggregate Function tracks and manages the events and the lifecycle related to Work Orders, and assures that they are assigned, coordinated and escalating as needed.

It is especially in charge of initiating re-assignments as needed, based on changing priorities, technician progress on other job assignments, etc."
5.4.4;226;Network Performance Management;1;"The Network Performance Management aggregate function ensures the efficiency and reliability of a CSPs network infrastructure. Its responsibilities can be summarized in the following key points:
1.	Monitoring Network Health: Continuously track network performance and identify issues.
2.	Fault Detection: Quickly detect and diagnose network faults or failures.
3.	Performance Optimization: Optimize network configurations and resources for efficiency.
4.	Bandwidth Management: Ensure proper allocation of bandwidth to meet user needs.
5.	Security Monitoring: Monitor for potential security threats and vulnerabilities.
6.	Capacity Planning: Forecast network growth and plan for scalability.
7.	Reporting and Analytics: Provide data-driven insights for decision-making.
8.	Quality of Service (QoS): Ensure consistent and reliable service quality.
9.	Incident Management: Rapidly respond to and resolve network incidents.
10.	Compliance: Ensure network operations align with regulatory and organizational standards, such as SLAs."
5.5.1;227;Resource Order Management;1;Resource Order Management functions manage the end to end lifecycle of a Resource Order request.
5.5.1.1;228;Resource Availability Management;2;"Resource Availability Management Aggregate Function ensures that a resource - or a set of resources - is available to deliver a service (CFS) order for example. It can check:
- the state and current configuration of the resource(s)
- its occupancy
- its location
- for an existing local loop if it is directly reusable from one end to the other, or partially un-built (and where it's necessary to rebuild)

This Aggregate Function can be used to confirm Service Availability (at least one set of needed resources is available) and/or the choice of the resources as part of the technical solution."
5.5.1.2;229;Resource Order Completion;2;"The Resource Order Completion Aggregate Function permits to enrich the Resource Order with information needed by the equipment, but which are not part of the description of the asked action and havent to be known by the requester of this action. 
Example: the name of the holder or user may be needed by a service platform to deliver a CFS."
5.5.1.3;230;Resource Order Initialization;2;"A Resource Order describes actions required on resources, and can be initiated in several contexts:
- by a Resource Order Management component to update the equipments required to deliver/activate a CFS, or modify a technical solution element
- by the Supply Chain to answer to the customer order of a goods product
- by the Infrastructure Management process, to install new equipments
- by the Service &amp; Resource Assurance process to diagnose or resolve a trouble"
5.5.1.4;231;Resource Order Orchestration;2;"The Resource Order Orchestration Aggregate Function orchestrates the actions on the involved resources, managing dependencies between them.
Example: for SIP VOIP delivery, depending of the chosen technical solution, the Resource Order Management component can orchestrate the update of the HSS, of the AS BASE and of the ENUM platform.
It manages rollback, for example of the updates if one of the equipments cant be updated, and prepares the notification with the global result of the Resource Order (OK or NOK)."
5.5.1.5;232;Resource Order Tracking and Business Value Development;2;"Resource Order Tracking and Business Value Development Aggregate Function tracks and manages the events and the lifecycle related to the Resource Order and to its items (e.g.: order lines). 
It gathers Resource Order items delivery events from Resource Order Orchestration and manages related Resource Order lifecycle, and Installed Resources lifecycle (via the Installed Resource Management function)."
5.5.2;233;Supply Chain Fulfillment;1;Supply Chain Fulfillment aggregate function groups functions related to stock movement, logistics, inventory control, assembling process.
5.5.2.1;234;Stock Inventory Control;2;"The Stock Inventory Control Aggregate Function performs physical inventory of entire inventory or specific sub inventories and defines its approval cycles.
It includes Inventory Quality Control Management dedicated to the control of quality of product in receiving and return processes."
5.5.2.2;235;Stock Inventory Management;2;Stock Inventory Management Aggregate Function is in charge of managing Stock Items with the related Resources, stock level and requests and tracks Stock Items with its Resources in Warehouses according to receptions.
5.5.2.3;236;Stock Level Management;2;"Stock Level Management Aggregate Function is in charge of Warehouse and partners replenishment identification. 
The replenishment business rules can concern materials provided by suppliers or materials distributed within the company (point of sales or warehouses)."
5.5.2.4;237;Stock Movements Management;2;"The Stock Movements Management Aggregate Function manages items movements (i.e. shipment). It includes transfers and reallocations within the organization or to partners.
It's in charge of shipment realization and follow-up including when it is directly done by a business partner.
Examples: This function is used when devices are delivered in shop, or when an equipment is replaced by a technician during an intervention.
Stock Movements Management also manages the stock of documentation and type of documentation (Commercial catalogue, flyers etc.)."
5.5.2.5;238;Logistic Availability;2;"The Logistic Availability Aggregate Function allows to:
- Check the availability of tangible products,
- Get the delivery duration,
- Book/release a tangible product.

For this function, the supply chain uses its own stock and delivery duration, but also the stock and delivery duration of its partners."
5.5.3;239;Resource Provisioning;1;Resource Provisioning Aggregate Function includes functions that design, set up, assign, configure and activate (or support the design, setup, assignment, configuration and activation) of resource solutions, whether in fulfillment of service orders or maintenance or build-out of the communications network.
5.5.3.1;240;Resource Provisioning Monitoring;2;Resource Provision Monitoring Aggregate Function includes functions that oversee and track Resource Provisioning activities.  Resource Provisioning includes the design, set up, assign, configure and activate (or support the design, setup, assignment, configuration and activation) of resource solutions, whether in fulfillment of service orders or maintenance or build-out of the communications network.
5.5.3.2;242;Resource Configuration;2;Resource Configuration Aggregate Function is in charge of configuring Resources taking into account constraints between them and applying engineering rules.
5.5.3.3;243;Resource Activation;2;Resource Activation Aggregate Function is in charge of activating and pre-activating Resources.
5.5.3.4;241;Resource Provisioning Design;2;Resource Provisioning Design aggregate function groups functions that support the design of resource-based solutions, whether standard (for implementation of product specifications) or custom (for customer-specific services).  The design identifies what resources will need to provisioned and how.
5.6.1;244;Resource Performance Management;1;The Resource Performance Management Aggregated Function groups functions that supervise resource functioning and manage resulting alarms.
5.6.1.3;245;Resource Alarm Repository Management;2;Resource Alarm Repository Management Aggregate Function is in charge of managing Resource Alarms including recording, lifecycle management and reporting.
5.6.1.4;246;Resource Alarm Management;2;"This Resource Alarm Management Aggregate Function assures that resource alarms produced are correctly handled, affected and distributed and escalated as needed, depending on rules defined by Resource Strategy and Policy Management. 

The resource alarm can concern 
- the functioning of a resource (power, card, temperature dysfunction)
- the reach of a performance threshold 
- or a performance degradation. 

This function includes: 
- qualification: severity level determination, enrichment with data from Resource Installed Base.
- filtering: if the resource alarm concern an equipment currently under a scheduled work, it is inhibited
- correlation: for example several alarms can be associated each other based on engineering rules and reduced to one root alarm on the resource
- assignment and distribution of resource qualified alarms if necessary to a responsible actor.

If the resource alarm is recognized and requires a search for cause and triggering of action, a resource trouble ticket is created and will be handled by trouble mechanism.
When the resource Trouble is resolved, the Resource Alarm could be, automatically or not, deactivated or its severity level decreased.

In other cases the alarm can be handled, without creating an associated trouble ticket, by following exploitation forms, with possibly triggering of manual actions.
In every case, it could be closed manually by an assigned actor."
5.6.1.5;247;Resource Performance Supervision;2;"The Resource Performance Supervision Aggregate Function enables resource functioning to be measured and supervised (in real-time or not), depending on rules defined by Resource Strategy Management, in order to prevent the resource performance degradation, with an on-the-fly analysis. 

It includes: 
- filtering, aggregation
- analysis of 
     - different types of information directly issued from equipment 
          - examples: usages, logs, flows, 
     -  results of tests or historic of tests
- it compares these information with expected values or pre-established limits
- enrich or calculate resource performance indicators (KPI) 
     - examples: Mean Time to Repair (MTTR), Mean Time Between Failure (MTBF)
- analysis and evaluation of resource performance indicators evolution
- it produces Resource Alarm 
     - when an information doesnt correspond to the expected value
     - threshold correlation: when a predefined threshold is exceeded, it is able to trigger a performance alarm which can be managed by Resource Alarm Management function."
5.6.1.6;248;Resource Performance Planning;2;"The Resource Performance Planning AF groups functions optimizing an organization's resources effectively. Their primary responsibilities include:
1.	Forecasting resource demands based on historical data and future needs.
2.	Allocating resources efficiently to meet operational requirements.
3.	Monitoring resource utilization and identifying bottlenecks.
4.	Ensuring cost-effective resource utilization to meet business objectives.
5.	Implementing scheduling and routing techniques to maximize resource efficiency.
6.	Adapting plans long-range and in real-time to address changing demands or disruptions."
5.6.2;249;Resource Trouble Management;1;The Resource Trouble Management Aggregate Function groups functions that supervise resource functioning and manage resource troubles of any kind.
5.6.2.1;250;Resource Trouble Repository Management;2;
5.6.2.2;251;Resource Trouble Resolution;2;"Resource Trouble Resolution Aggregate Function is responsible for repair or replacement of faulty resources or using redundant equipment to replace the faulty resource after a trouble has been detected, in order to bring back the installed resource to a normal operational state as efficiently as possible.  
This may involve automated or manual restoration activities. It may also involve reconfiguration, and/or dispatches of field technicians.
These resolution actions can be temporary or palliative, to quickly stop the trouble, and followed by other actions which will definitely treat the trouble cause (ex: when a telegraph pole falls it can be first strengthened then replaced). So different resolution actions can be planned and executed, associated to the same Trouble. 
When we try palliative action and notice that it doesnt solve the trouble, its not always necessary or interesting to undo it (ex: change of copper pair).
These actions can be treated through resource order(s) (ex: reconfiguration of an equipment, installation of a new equipment) or project management (ex: scheduled work) when several tasks have to be planned and coordinated.
Remark: If the resolution action is a Resource Order, this will be created via the Resource Order Initialization function."
5.6.2.3;252;Resource Trouble Ticket Management;2;"A Resource Trouble Ticket can be created 
- further to a Product Trouble Ticket resulting from the qualification of a problem indicated by a customer on a material product, 
- or to a Service Trouble Ticket when the resource(s) responsible for the service trouble is (are) identified
- or following resource validated alarms  
- or QoS decreasing validated report

The Resource Trouble Ticket Management Aggregate Function includes:
-  Resource Trouble Ticket recording
- Identification of the diagnostic actions relevant to identify the resource trouble, depending on the resource type and rules defined by the Resource Problem Strategy and Policy Management function
- Triggering of these diagnostic actions and analysis of their results
- Initialization of the Resource Trouble - or association to an existing Resource Trouble
- Identification of the internal or external actor or team in charge of the Resource
- Trouble Ticket management, follow up and reporting
- Resource Trouble Ticket lifecycle management
- Reporting 
- Escalation procedure."
5.6.2.4;253;Resource Trouble Analysis;2;"Resource Trouble Analysis Aggregate Function permits, to identify 
- the trouble causes - that is to say the reasons why the installed resource is in trouble and among these reasons the root cause of the resource trouble 
- and the necessary resolution actions to solve the problem.

It is based on diagnostic actions (Test, inventories and historic consultation, workforce intervention) and rules defined by Resource Problem Strategy and Policy Management. 

The identification of the resource trouble cause can be made through:
- Analysis of associated Service Trouble Ticket Information (first diagnostic)
- Analysis of associated Resource Trouble Ticket Information (first diagnostic)
- Analysis of Resource alarm events (fault of performance data )
- Issuing resource tests, including one time tests or a series of tests over a period of time
- Analysis of previous resource test results, resource usage historic, QoS historic, equipment logs, anomaly historics,  

Remark: If the diagnostic action is a Resource Order, this will be created via the Resource Order Initialization function."
5.6.3.1;254;Network Traffic Management;2;The Network Traffic Management AF groups function that identify and solve traffic problems in the service provider's network. These problems could be the result of failures and outages in the network as well as abnormal increases in load.
5.7.1;255;Resource Usage Management;1;"The Resource Usage Management aggregate function consist in follow-up of the Resource use, based on Resource. It deals with reports and analysis with an on-the-fly analysis (detailed &amp; aggregated) of the resource uses and comparison with the resource capacity management and with the resource usage analysis forecasts."
5.7.1.1;256;Resource Fraud Detection;2;Resource Fraud Detection Aggregate Function identifies and prevents fraudulent use of networks or systems.
5.7.1.2;257;Resource Usage Collection;2;"The Resource Usage Collection Aggregate Function collects data from traffic counters and resource usage records which enables gathering of information from equipment and probes.
Examples: 
          - Traffic data (such as switch load counters),
          - Usage data (such as Radius ticket)."
5.7.1.3;258;Resource Usage Errors Management;2;"Resource Usage Errors Management Aggregate Function manages usage records which have been identified as being non-processable due to edit, guide, routing, etc. Failures
It is in charge of categorizing, analysing root cause, correcting and new submission of Resource Usage failures."
5.7.1.4;259;Resource Usage Mediation;2;Resource Usage Mediation Aggregate Function correlates data from traffic to identify Resource usages without duplicate entry.
5.10.1.1;260;AI Model Manager;2;AI Model Manager Aggregate function group functions to manage and maintain Artificial Intelligence models. It provides functions to store, version, deploy and catalog AI models.
5.10.1.2;261;World Simulator;2;World Simulator Aggregate function group functions to understand and mimic real-world processes or systems.
6.1.1;262;Business Partner Strategy Analysis;1;Business Partner Strategy Analysis aggregate function groups functions that manage analysis from Business Partners such as risk analysis.
6.1.1.1;263;Business Partner Financial Analysis;2;Business Partner Financial Analysis Aggregate Function identifies potential financial risks associated with partners and calculates a risk score for each of the partners.
6.1.2;264;Purchasing Strategy Analysis;1;Purchasing Strategy Analysis aggregate function functions groups functions in charge of analyzing purchasing application and sourcing savings.
6.1.2.1;265;Purchasing Implementation Analysis;2;Purchasing Implementation Analysis Aggregate Function evaluates the purchasing implementation according to the Purchasing Strategy defined.
6.1.2.2;266;Sourcing Savings Management;2;"Sourcing Savings Management Aggregate Function is part of Purchasing process and aims to get cost reduction and/or cost avoidance.
It consists in comparing estimated budget with approved purchase order payments. 

Cost reductions, understood as tangible bottom line reductions, are easily defined as / characterized by: 
-  year-on-year saving over the constant volume of purchased product/service,
-  direct reduction of expense liked to changes in processes/technology/policies that directly reduces expenses, 
-  process improvements that result in real and measurable cost or asset reductions, 
-  examination of existing products or services, contractual agreements, or processes to determine potential changes that reduce cost, and 
-  net reductions in prices paid for items procured when compared to prices in place for the prior 12 months or a change to lower cost alternatives. 

Cost avoidance is much more difficult to define. Suggested definitions include: 
-  avoidance is a cost reduction that does not lower the cost of products/ but rather minimizes or avoids entirely the negative impact to the bottom line that a price increase would have caused, 
-  when there is an increase in output/capacity without increasing resource expenditure, in general, the cost avoidance savings are the amount that would have been spent to handle the increased volume/output, 
- avoidances include process improvements that do not immediately reduce cost or assets but provide benefits through improved process efficiency, employee productivity, improved customer satisfaction, improved competitiveness, etc.; over time, cost avoidance often becomes cost savings."
6.1.3;267;Purchasing Strategy Management;1;Purchasing Strategy Management aggregate function functions groups functions in charge of defining Purchasing Strategy, Purchasing needs forecast and purchasing request management.
6.1.3.1;268;Purchasing Tender Management;2;"Purchasing Tender Management Aggregate Function is in charge of defining tenders, triggering call for tender, and validating partners accepted for tenders.
It includes RFI (Request for information), RFQ (Request for Quotation) with valuation and RFP (Request for Proposal) for the proposal of estimate, these various stages can be made for a particular project or within the framework of group purchases."
6.1.3.2;269;Purchasing Strategy Definition;2;Purchasing Strategy Definition Aggregate Function develops Business Partner Purchasing Strategy according to Partner collaboration constraints. It also analyses partner strategy observance.
6.1.3.3;270;Purchasing Needs Forecast;2;"Purchasing Needs Forecasts Aggregate Function gathers the forecasts from the users.
It permits to define external purchases volume by perimeter and country according to business strategic priorities (make or buy), budget constraints or technical constraints."
6.2.1.1;271;Business Partner Onboarding;2;Business Partner Onboarding AF groups functions that enable the integration and/or interaction of the systems. processes, and personnel of business partners with those of a Service Provider.
6.3.1;272;Business Partner Product Specification and Offering Management;1;Business Partner Product Specification and Offering Management aggregate function groups functions that manage Business Partner's Product Specification and Offering onboarding and request for quotation.
6.3.1.1;273;Business Partner Product Specification and Offering Onboarding;2;Business Partner Product Specification and Offering Onboarding Aggregate Function collects information from Business Partners to onboard their Product Specifications and Offerings.
6.4.1;274;Business Partner Management;1;"The Business Partner Management aggregate function functions enable the creation and updates of Business Partner information such as name, address, organization, site location, interlocutors and interlocutor roles (legal representatives). 
The term Business Partner is used in the broad sense: dealer, reseller, wholesales, content provider (e.g. TV on XDSL), other network operator for interconnection or roaming purpose, Logistic Operator, partner, service provider for the technical support and IT projects, etc.
When the CSP decides to work with a Business Partner, he is referenced and typified (Supplier or Supplier and Partner, or with regard to the contents of purchases). 
It also manages supplier lists, preferred suppliers lists and also suppliers' black list, with information such as name, address, etc."
6.4.1.1;275;Business Partner Agreement Management;2;"The Business Partner Agreement Management Aggregate Function includes supplier products and offers description, including prices, negotiated with the supplier according to the RFP (RFQ) content.
These agreements can be more or less complex and include:
- Purchases of materials and/or service deliveries, with prices depending on quantity, volume discounts or penalties, etc.
- Revenue sharing conditions, depending on end-customers usages for example."
6.4.1.2;276;Business Partner Role Repository Management;2;"The Business Partner Role Repository Management Aggregate Function enables to identify the relevant roles associated with a Party during the commercial relationship with a Supplier. 
The term Supplier is used in the broad sense: dealer, reseller, wholesales, content provider (e.g. TV on XDSL), other network operator for interconnection or roaming purpose, Logistic Operator, partner, service provider for the technical support and IT projects, 
When we decide to work with a supplier, he is referenced and typified (Supplier or Supplier and Partner, or with regard to the contents of purchases). Partner is a particular typology of Supplier.

The Business Partner Repository Management is also in charge of gathering financial information related to potential partners, partner groups and hierarchies."
6.4.1.3;277;Collect and Qualify Business Partner Information;2;"The Collect and Qualify Business Partner Information Aggregate Function concerns the management of our knowledge of the Business Partner to keep or produce an up-to-date, accurate and legally compliant Business Partner information view.
It will incorporate into the Business Partner Information view, all relevant information gathered through all contacts with the Business Partner and in particular his field of activity.
Business Partner Information from other sources may be gathered, which will build a better knowledge of the supplier."
6.4.1.5;279;Business Partner Product Repository Management;2;"The Business Partner Product Repository Management Aggregate Function allows to manage the configuration and statuses of the offers and products ordered to the Business Partner, according to its Offer and Product catalogue descriptions and rules. It also manages relationships between Products bought to the Business Partner with the CSP's different level of installed base (Product, Know-How a.k.a CFS, Technical Solution a.k.a RFS and Resource).

This Aggregate Function allows:
-	The Order Capture process to instantiate or update offers and products ordered to the Business Partner, whatever their type (network product, bundle, device, ) or their marketing mode (rented, sold, ), with their configuration, their tariffs and discounts, and their status (initialized with a creation order)
-	The Order Delivery to update Offer and Product installed base status
-	Any process to read Offer and Product installed base (subscribed offers, configuration of installed products, installed tariffs and discount, statuses, )."
6.5.1;280;Business Partner Order Management;1;Business Partner Order Management Aggregate Function groups functions that manage the order to supplier or partner and the control of their fulfillment.
6.5.1.1;281;Business Partner Order Validation;2;Business Partner Order Validation Aggregate Function receives Purchase Requisition, manages approvals and convert into Business Partner Order according to agreed commercial arrangements with Business Partner.
6.5.1.2;282;Business Partner Order Repository Management;2;The Business Partner Order Repository Management Aggregate Function tracks and manages the events and the lifecycle related to the Business Partner Order and to its items (e.g. : Order lines).
6.5.1.3;283;Goods Receipt;2;The Goods Receipt Aggregate Function manages suppliers goods receipt including goods receipt checking (quantity, working) and possible return.
6.6.1;284;Business Partner Performance Management;1;The Business Partner Performance Management aggregate function groups functions used to evaluate Business Partners performance such as Supplier Performance.
6.6.1.1;285;Business Partner Performance Evaluation;2;"The main goal of the Business Partner Performance Evaluation Aggregate Function is to reduce purchase risk and maximize the overall value for the purchaser. It typically involves evaluation, at a minimum, business partner quality, cost competitiveness, potential delivery performance and technological capability. Some of the other criteria used in the preliminary evaluation of business partners include financial risk analysis, evaluation of previous performance, and evaluation of business partner provided information.
Other criteria on the ethics and the environment can be also taken into account."
6.6.1.2;286;Business Partner Trouble Ticket Management;2;Business Partner Trouble Ticket Management Aggregate Function manages Business Partner Trouble Tickets, sending and receiving information about BP Trouble tickets. It includes billing and settlement disputes.
6.7.1;287;Business Partner Financial Management;1;The Business Partner Financial Management aggregate function groups functions used to pay Business Partners.
6.7.1.1;288;Business Partner Payment Management;2;Business Partner Payment Management Aggregate Function handles payments in the area of Business Partner billing and settlement. It is in charge of implementing Payment according to due debt and assigning in bound as well as outbound payments to invoices and settlement.
6.7.1.2;289;Business Partner Due Debt Matching;2;Business Partner Due Debt Matching Aggregate Function permits, prior to payments, to perform controls matching the invoice, sent by the supplier, to the purchase orders or the planned invoice / settlement calculated by the CSP.
6.7.2;290;Business Partner Invoice Management;1;Business Partner Invoice Management aggregate function groups functions which manage the financial interface with the supplier or partner including invoice matching and settlement.
6.7.2.1;291;Business Partner Invoice Matching;2;The Business Partner Invoice Matching Aggregate Function permits, prior to payments, to perform controls matching the invoice, sent by the business partner, to the purchase orders over the period considered.
6.7.2.2;292;Business Partner Invoicing;2;The Business Partner Invoicing Aggregate Function produces invoices on behalf of a partner, for example in case of revenue sharing. These invoices represent negative revenue for the CSP and will allow the partner for cashing the corresponding payment.
6.7.2.3;293;Settlement Management;2;"The Settlement Management Aggregate Function is necessary when enterprises want to avoid multiple two-way financial flows, for example when : 
- the agreement with the supplier includes revenue sharing (ex : N&#176; contact)
- and/or when the CSP sells on behalf and collects the money for the partner. 
It permits invoices aggregation per partner (received invoices and produced invoices) using a settlement account. 
According to the balance amount of the settlement account, a payment is sent or requested by the CSP to the partner.  

Notice: Settlement notes and invoice notes are both sent to the partner even when only one financial transfer is performed."
6.7.3;294;Business Partner Rating;1;Business Partner Rating aggregate function groups functions which manage the rating part of the supplier or partner.
6.7.3.1;295;Business Partner Bill Calculation;2;"The Supplier Bill Calculation Aggregate Function prepares all the bill items necessary for the invoicing process on behalf of a partner. 
It collects, and eventually aggregates, the relevant results of the rating function, for the partner and for a dedicated period. 
It can also involve bill items coming from other providers.
It can calculate penalties or bonus depending on global amounts (of revenue, of usage types, ) or apply complex tax rules."
6.7.3.2;296;Business Partner Rating and Revenue Sharing;2;"Business Partner Rating and Revenue Sharing Aggregate Function is in charge of:

	- Business Partner Revenue Sharing Identification that identifies the relevant pricing rules (tariffs, discounts and penalties) to be applied according to Revenue Sharing Agreement.
	- Business Partner Revenue Sharing Enforcement that applies revenue sharing pricing rules to calculate what the CSP owes to the Business Partner and what is owed by the Business Partner to the CSP.


	- And Business Partner Settlement Management that calculates settlements amounts according to what the CSP owes to the Business Partner (for Offers bought to the BP and for Revenue Sharing) and what is owed by the Business Partner to the CSP (for what has been bought by the BP to the CSP and for Revenue sharing).


It is done for any type of charges:

	-  recurring charges
	-  one-time charges (installation fees,  )
	-  usage charges, based on unitary product usage records (CDR) or on previously aggregated usage records


This information can be necessary to validate the supplier invoice the CSP will receive, or to prepare an invoice on behalf of the partner, for example in case of revenue sharing (ex : settlement of 10% of the revenue billed by the CSP to his customers, for a set of contents, to his supplier)."
6.8.1;297;Business Partner Welcome and Interaction;1;Business Partner Welcome and Interaction aggregate function groups functions in charge of managing all interfaces between the company and Business Partners.
6.8.1.1;298;Business Partner Interaction Management;2;Business Partner Interaction Management Aggregate Function manages all contact events with Business Partners.
6.8.1.2;299;Business Partner Relationship Management;2;Business Partner Relationship Management Aggregate Function identifies potential partners and determines partners that best meet the enterprise's needs.
7.4.1;300;Financial Management;1;Financial Management Aggregate Function contains functions that permit budget, treasury as well as employee expenses management.
7.4.1.1;301;Budget Management;2;The Budget Management Aggregate Function basically includes: budget forecast, simulation and control. Then it permits analysis, organization and oversight of costs and expenditures for the CSP.
7.4.2;302;Workforce Operational Management;1;This Aggregate Function groups functions which manage the teams operational detailed workload schedule.
7.4.2.1;303;Workforce Activity Tracking;2;"The Workforce Activity Tracking Aggregate Function permits on-the-fly analysis of work orders management and workforce activity - including subcontractor's activities. 

It produces reports and KPI such as 
- workload per type of activity, per team or individual
- wait of intervention per type of activity
- short term forecasts of activity, based on effective production 
- etc.
It permits to measure current efficiency and to identify over or under loaded calendars (ex: increase of field interventions on a specific area after storm damage).

These information can help to adapt the short term workforce calendars - through the dedicated function."
7.4.2.2;304;Workforce Organization;2;"The Workforce Organization Aggregate Function permits to enrich the description of the actors and the operational teams, with information necessary to apply assignment rules, such as :

	- Detailed skills, relevant for the activity type
	- Assignment to team(s) and availability level
	- Assignment to territories, sales channel, products lines (ex: FTTH, ), customers types (ex: Major Accounts, Mass Market Customers, )
	- etc.
"
7.4.2.3;305;Workforce Schedule Management;2;"The Workforce Schedule Management Aggregate Function permits to initiate and update staff calendars and availability per type of activity and possible carrying out models - at team and individual levels - according to criteria and rules.

The workload management schedule is first concerned by future requirements and is limited to capacity management - for internal teams and subcontractors. It uses mid-term activity forecasts.
The workload management schedule is then updated and detailed at teams and - if necessary - individuals levels to become operational (ex: for the next 2 weeks).

The scheduled can be adapted depending on Workforce Activity Tracking information. Adaptation may consist in allowing dispatching of staff from other geographical area or to other activities, adapt staff allocation per type of activity, hiring temporary manpower, increase subcontracting volume, "
7.4.2.4;306;Workforce Appointment Management;2;The Workforce Appointment Management Aggregate Function enables to manage Workforce appointment with any Party such as Customer, Business Partner. It takes into account the availability of the participants and tracks the appointment in the workforce calendar.
7.4.3;307;Bank Management;1;Bank Management Aggregate Function is in charge of managing CSP's Bank Accounts.
7.4.3.1;308;Treasury Management;2;"The Treasury Management Aggregate Function consists in managing short or medium term cash-flow forecasts, financial investments for cash surplus as well as cash funding for company requirements.
It embeds the following sub-functions:
- daily cash flow position delivery, at short-term and medium-term
- cash flow budget management to forecast cash requirements or surplus
- certification and transmission of settlements or debit orders towards banks by the means of SWIFT or EBICS messages
- cash flows transfers accounting
- bank reconciliation
- foreign exchange rates management."
7.6.1;309;Enterprise Revenue Assurance;1;The Revenue Assurance Management Aggregate Function includes functions which are in charge of defining company strategy and methods to minimize the revenue leakage.
7.6.1.1;310;Revenue Assurance Management;2;The Revenue Assurance Aggregate Function handles all the actions having for target to make sure, the procedures and the practices implemented by the company, that all the incomes expected from products supplied to the customers are invoiced, recovered and registered in an exhaustive and exact way.
7.6.1.2;311;Revenue Assurance Problem Management;2;Revenue Assurance Problem Management Aggregate Function identifies, tracks and solve Revenue Assurance Problems and initiate recovery of the lost revenue.
7.6.1.3;312;Revenue Assurance Rules Definition;2;Revenue Assurance Rules Definition Aggregate Function establishes the policies and rules to be applied to the Revenue Assurance process.
7.6.2;313;Human Resource Assurance;1;Human Resource Assurance Aggregate Function groups functions in charge of defining, analyzing and reporting short and long terms goals for employees.
7.6.2.1;314;Human Resource Performance Management;2;Human Resource Performance Management Aggregate Function supports defining and evaluating goals for personnel.
7.7.1;315;Accounting Management;1;Accounting Management Aggregate Function contains functions which allow one to manage the accounting of the company.
7.7.1.1;316;General Ledger;2;"The General Ledger Aggregate Function provides a central repository for all financial transactions and statistical information. It is at the core of accountancy. In general, it permits to define a multi-company, multi-divisional, multi-currency ledger.
- Natural accounts management (e.g. Account 401 to aggregate all the auxiliaries suppliers 401xxx)
- Posting in Control Accounts + other accounts
- Enter journals, upload journals
- Reversal of journals (i.e.: accruals)
- Open and Close GL Periods
- Foreign currency Revaluation and Translation
- Cost and Revenue breakdown
- Reporting and analysis."
7.7.1.2;317;Lease Management;2;Lease Management Aggregate Function manages Capital Lease for Complete contract tracking and reporting.
7.7.1.3;318;Subledger Accounting;2;"An auxiliary account is one subdivision of a general account and concerns a third party account. It leans on an auxiliary journal which collects the credit / debit events. There are:
- a purchase journal
- a sales journal 
- banks journals (one per bank)
- a cash book
- a miscellaneous transaction journal
- a payroll journal.

The auxiliary feeds periodically the general accounting under the shape of a single centralized aggregated book entry. 
The Subledger Accounting Aggregate Function:
- limits the number of book entry by third party account
- facilitates the accounting lettering
- helps to the preparation of the balance sheet
- favors the periodic accounting audit.

It includes the auxiliary Customer, Supplier and Stock accountancies."
7.7.1.4;319;Tax Management;2;"The Tax Management Aggregate Function assures:
- taxes declarations and particularly VAT 
- legal reports management
- fiscal rules definition and the control of the application of these rules, including by the tax authorities."
7.7.1.5;320;Regulatory Accounting;2;Regulatory Accounting Aggregate Function is in charge of managing cost allocations, affiliate billing and international settlements according to Regulatory Accounting rules.
7.7.2;321;Human Resource Expense Management;1;Human Resource Expense Management Aggregate Function cover the treatment of employees expenses such as payroll and travel expenses.
7.7.2.1;322;Travel Expense Management;2;Travel Expense Management Aggregate Function collects Employees' expense including electronic attachments. It also manages the approval of expenses, the expense reimbursements and integration with accounts payable.
7.7.4;323;Asset Management;1;"The Asset Management Aggregate Function mainly enables one to:
- manage all the resources which are used and shared within the company, namely the physical and financial assets deployed in the enterprise
- optimize the expected savings linked to these all along their lifecycle from their purchase and setup until their total depreciation or amortization.

This Aggregate Function embeds three functions:
- Corporate Real Estate Management
- Vehicle Fleet Management
- Intellectual Property Management

This Aggregate Function DOESN'T manage the Tangible and Intangible Products sold to the CUSTOMERS, only those used within the enterprise for its own needs."
7.7.4.1;324;Corporate Real Estate (Buildings);2;"Corporate Real Estate Aggregate Function:
- Describes the real estate property held or used by a business enterprise or organization for its own operational purposes.
- May also describe the functional practices, organizations and professions that are concerned with the planning, acquisition, management, and administration of real property on behalf of a company.

Corporate real estate professionals handle real estate market exactly as corporate purchasing or procurement.
It includes the following functions : 
- Real Estate Facility Operations Management (FM) is an interdisciplinary field devoted to the co-ordination of all business support services. FM involves all types of business support processes including the care of offices, commercial or institutional buildings which are necessary to the operator and the employees. FM can be defined as the integration and alignment of the non-core services, including those relating to premises, required to operate and maintain a business to fully support the core objectives of the organization.
- Space planning function deals with the way to plan and organize required necessary space in buildings for operator activities. It embeds: offices, workrooms, shops, warehouses, telecom equipment centers, data centers, switch centers, corporate restaurants, and parking."
7.7.4.2;325;Intellectual Property Management;2;Intellectual Property Management Aggregate Function manages the lifecycle of intellectual assets, their use and share.
7.7.4.3;326;Vehicle Fleet Management (Transport);2;"Vehicle Fleet Management permits to manage company's vehicle fleet. 
Vehicle fleet is made of commercial motor vehicles such as cars, vans, trucks, boats etc.
Fleet (vehicle) management includes a set of functionalities, such as 
- Vehicle financing,
- Vehicle maintenance,
- Vehicle telematics (tracking and diagnostics),
- River management, speed management,
- Fuel management, 
- Health and safety management.

Fleet Management is a function which allows companies which rely on transportation in their business to remove or minimize the risks associated with vehicle investment, improving efficiency, productivity and reducing their overall transportation and staff costs, providing 100% compliance with government legislation (duty of care) and many more."
7.7.4.4;327;Loan Securitization AF;2;To be ranamed
7.10.2;328;Enterprise Information Management;1;Enterprise Information Management Aggregate Function groups functions in charge of managing all knowledge of the Enterprise.
7.10.2.1;329;Enterprise Knowledge Management;2;Enterprise Knowledge Management Aggregate Function is in charge of collecting, classifying, and giving access to information useful for the enterprise.
7.10.2.2;330;Enterprise Collaboration;2;"The Enterprise Collaboration Aggregate Function groups functions that foster effective communication and cooperation among employees, promoting innovation and productivity. Their responsibilities include:
1.	Facilitating Communication: Enabling seamless communication through various channels, such as email, chat, file sharing, audio and video conferencing.
2.	Knowledge Sharing: Promoting the sharing of information, documents, and best practices across teams and departments.
3.	Project Collaboration: Supporting teamwork by providing tools for collaborative project management and document sharing.
4.	Innovation Support: Creating an environment for ideation, innovation, and cross-functional collaboration.
5.	Workflow Integration: Integrating collaboration tools with other enterprise software to streamline processes.
6.	Security and Compliance: Ensuring data security and compliance with industry regulations.
7.	User Support: Offering training and assistance to employees to maximize the use of collaboration tools.
8.	Performance Metrics: Measuring and improving the effectiveness of collaboration initiatives.
9.	Feedback Collection: Gathering feedback from users to refine and enhance collaboration solutions, ensuring they align with organizational goals and needs."
7.10.3;331;Enterprise Risk Management;1;Enterprise Risk Management Aggregate Function groups functions in charge of managing Enterprise Ricks realizing audits, managing patent, invention and damage claims.
7.10.3.1;332;Damage Risk Management;2;Damage Risk Management Aggregate Function is in charge of collecting damage claims, calculating consequences (i.e. loss for the company).
7.10.3.2;333;Enterprise Audit Management;2;Enterprise Audit Management Aggregate Function is in charge of auditing the enterprise according to SOX and tracking the compliance results.
7.10.3.3;334;Patent and Invention Management;2;"Patent, Invention &amp; Trademark Management collects possible patent, invention and trademark candidates.
It also manages the registration process and making the knowledge available within the enterprise."
7.10.5;335;Human Resource Administration, Compensation and Benefits Management;1;"The Human Resource Administration, Compensation and Benefits Management Aggregate Function groups functions in charge of
1. processing and managing records and employees data, ensuring they are accurate and up-to-date, corresponding and taking into account any changes resulting from management decisions, legal and regulatory requirements and personal circumstances,
2. managing the individual Compensation and Benefits calculation, giving the instructions for the payroll process.
Note that for some countries (UK), the Information System must provide functions for pension funds and social security management."
7.10.5.1;336;Human Resource Administration;2;"Human Resource Administration Aggregate Function permits management of all legal and administrative employees data such as identity, contacts/addresses, contract of employment, job position (job profile, localization, management), etc.
Processes the registration of the new employees (hiring, mobility), updates personal situation (marital status, children, addresses, dependents / beneficiaries, etc) and professional situation, updates contracts status (termination, resignation, retirement)."
7.10.5.2;337;Human Resource Communication Management;2;Human Resource Communication Management Aggregate Function supports Corporate Goals and Key initiatives communication and facilitates community programs.
7.10.5.3;338;Employee Relationship Management;2;Employee Relationship Management Aggregate Function is in charge of all relationships between CSP and employees including advertising for recruitment.
7.10.5.4;339;Individual Remuneration Policy Management;2;"The Individual Remuneration Policy Aggregate Function manages the employees individual remuneration.
It represents the declension at employee level of the general company remuneration policy (fixed base salary, managerial bonus), the standard benefits and all other kind of benefits granted to the employee (profit sharing, stock options, shareholders program, car policy).

Subfunctions used:
- Compensation Management,
- Profit Sharing Management,
- Benefits Management."
7.10.5.5;340;Payroll Management;2;"The Payroll Aggregate Function permits to manage:
- employee payroll data applying the Individual Remuneration Policy and ensuring they are accurate and up-to-date, reflecting any changes resulting from management decisions, legal &amp; regulatory requirements and personal circumstances in order to provide payslips, payment, contributions, legal declarations, etc.
- the calculation of the payroll data
- the payment of the payroll."
7.10.5.6;341;Employee Repository Management;2;Employee Repository Management Aggregate Function is in charge of managing employees information and identification means such as unique employee number and identification card.
7.10.5.7;342;Social Relationships Piloting;2;Social Relationships Piloting Aggregate Function covers the piloting of the relationships with the employees representatives.
7.10.5.8;343;Working Time Management;2;"The Working Time Administration Aggregate Function manages all elements associated with time worked including overtime, night, weekend and home works management.
This function provides a consolidated situation of employees working time.
It allows the management of the working schedule, the overtime hours, the penalties, "
7.10.6;344;Human Resource Human Capital Management;1;"Human Resource Human Capital Management Aggregate Function groups functions covering all the operations and data related to human resource and competencies development.
It covers, on one hand, the internal and external processes of recruitment, and, on the other hand, the processes contributing in the management of the performance and competencies which aims to improve individual performance and, by this way, to insure the achievement of Orange group's strategic business goals."
7.10.6.1;345;Evaluations and Career Management;2;"The Evaluation and Career Management Aggregate Function treats about individual management of career and performance of an employee.
Two main goals:
- First: improve individual performance of each employee all along his professional career
This goal relies on assessment processes consisting in a regular face to face meeting between employee and his manager in order to:

	- share and agree on individual goals,
	- measure employee performance results,
	- assess employee competencies and then, 
	-  identify training development actions.

- Second: manage and propose development career plan based upon competencies management 

	-  proceeding  to a follow-up of individual career data details to see and track individual career evolution,
	-  helping in displaying to employee internally needs that could match to employee wishes.


It is based upon a shared group master data referential managing Jobs and Competencies that is updated according to company policy strategy.
It gathers the following sub-functions:
- Setting (and sharing) individual Goals,
- Performance individual assessment,
- Company Jobs and Skills master data management 
- Gap assessment between awaited and owned employee competencies 
- Employee assignment to key company jobs."
7.10.6.2;346;External and Internal (Mobility) Recruitment;2;"The External and Internal (Mobility) Recruitment Aggregate Function is in charge of finding, allocating and making ready the right resources at the right time to target areas of the business.
It consumes and stores standard CVs and provides services permitting selection of profiles (including interviews results, candidate choice). 
This function also provides job offer search and display. This function includes the mobility for internal applicants and covers internal mobility inside the same company of the CSP group or between companies of the CSP Group. Special transfers to national and local government services are also taken into account by this function. 
It includes Job Offer Management, Applicant Management, Job Application Management and Applicant Pre-Hiring."
7.10.6.3;347;Training Management;2;"The Training Management Aggregate Function addresses and manages the training functions in its globality from training elaboration and delivery to course assessment after course attending.
It permits to manage employee inscription to course session, courses assessment, etc 

It embeds the following sub-functions:
- Training plan management, 
- Training catalogue management, 
- Training Course session inscription management,
- External training purchasing
- Training delivery management."
7.10.7;348;Human Resource Social Management;1;"Human Resource Social Management Aggregate Function groups functions covering all the operations and data related to social management.
It defines the policy for employees relations, health and safety, and corporate social responsibility. It supports managers in their implementation and control results.
Each company / country develops its own approach in employees relations, health and safety, work time and corporate social responsibility in coherence with group policies and local legal and mandatory requirements and agreements."
7.10.7.1;349;Safety and Working Environment Management;2;This Aggregate Function permits to manage all the data necessary to ensure an even improving safety and working environment in compliance with legal requirements.
7.10.7.2;350;Social Protection Management;2;"This Aggregate Function covers the management or the taking account of the social protection systems: life insurance, disability insurances, employers liability insurances, occupational diseases insurances.
This function doesnt cover the financial part of the contracts and funds functioning operations. In all the countries, these operations and the associated managing system are directly provided by insurance companies.
Nevertheless, in some countries (UK), the CSP HR actors have to make specific operations and controls about social security contribution. These operations and controls are covered by the Social security management function in the HR Administration functional block."
7.10.7.3;351;Ethics & Compliance Management;2;"Ethics &amp; Compliance Management provides the following functionality:
- Provides a program to ensure Labor is properly trained on ethics and compliance requirements. 
- Provides a program to enable safe reporting of ethical and compliance violations. 
- Ensures company is meeting ethical and compliance standards. 
- Institutes and manages programs such as EEO case management to track violations."
7.10.8;352;Regulatory Rules Management;1;Regulatory Rules Management Aggregate Function groups functions in charge of managing regulatory rules, checking their application by the enterprise and providing reporting of regulatory rules to various legal and regulatory entities.
7.10.8.1;353;Legal Support;2;Legal Support Aggregate Function assists and advices administrative legal services for legal issues such as procurement and public law.
7.10.8.2;354;Regulatory Rules Application Tracking;2;Regulatory Rules Application Tracking Aggregate Function tracks and reports the implementation of regulatory rules or requirements.
7.10.8.3;355;Regulatory Rules Repository Management;2;Regulatory Rules Repository Management Aggregate Function manages Regulatory Rules and proof of conformance to the rules by the CSP.
7.10.9;356;Security Management;1;The Security Management Aggregate Function includes functions in charge of defining company strategy and means to improve security.
7.10.9.1;357;Lawful Interception;2;The Lawful Interception Aggregate Function permits to ensure compliance with legal obligations by providing analyses or evidence of traffic and usage.
7.10.9.2;358;Security Strategy Definition and Management;2;"The Security Strategy Definition and Management function allows to better anticipate, understand and prevent risks, related to the security of people, assets and information by defining the CSP Security Policy.

It includes: 
- The identification of risk and risk level on various security aspects
- The definition and implementation of security rules and the means to verify compliance (processes, tools, organisation, etc.).
- The management of major crises (technical, environmental, etc.)
- The management of Safety Audits
- The security context monitoring

Security concerns several parts: 
- CSP financial and legal security
- Personnel security (employees in their work environment, customers)
- Site security (buildings)
- Network, Service Platform and IS infrastructure security
- Information security (GDPR, confidentiality, defence secrecy)

The CSP Security Policy may be applied to these different parts, and its implementation may be carried out in operational functions of collection, control, supervision and analysis."
9.3.1;359;Privacy Development;1;The Privacy Development Aggregate Function are in charge of specifying Privacy Rules to be applied.
9.3.1.1;360;Privacy Definition  Management;2;Privacy Definition Management Aggregate Function is in charge of specifying Privacy Profile Types and related rules, possible values and default configuration.
9.4.1;361;Privacy Management;1;The Privacy Management Aggregate Function are in charge of applying the Privacy Rules when required.
9.4.1.1;362;Privacy Control;2;Privacy Control Aggregate Function controls that records retention rules are applied as well as privacy rules.
9.4.1.2;363;Privacy Repository Management;2;Privacy Repository Management Aggregate Function manages Privacy Profiles initialized by default or customized by the Party and obtains consent from the Data Subject Party for the Party Profile.
9.5.1.1;364;Content Delivery Management;2;"The Content Delivery AF groups functions that ensuring the effective and efficient dissemination of digital content to end-users. Their responsibilities include:
1.	Content Distribution: Efficiently delivering digital content to end-users across various platforms and devices (Source: ""Content Delivery Network (CDN)"" - TechTarget).
2.	Load Balancing: Ensuring even distribution of network traffic to prevent overloads and improve performance.
3.	Caching Management: Implementing cache strategies to reduce load times and optimize content delivery.
4.	Traffic Routing: Directing user requests to the nearest server for faster content access.
5.	Security: Protecting content and networks from cyber threats and DDoS attacks .
6.	Quality of Service: Maintaining high-quality content delivery, including minimizing latency and packet loss 
7.	Scalability: Ensuring the system can handle increased demand without performance degradation
8.	Monitoring and Analytics: Constantly tracking content delivery performance and analyzing data for optimization.
9.	Content Optimization: Compressing, transcoding, or adapting content for better delivery to various devices."
9.6.1;365;Anomaly Management;1;Anomaly Management Aggregate Function groups functions that detect, predict, mitigate and maintain knowledge of anomalies for products, services and/or resources.
9.6.1.1;366;Anomaly Detection;2;Anomaly Detection Aggregate function group functions to identify rare items, events, or observations for products, services or resources which deviate significantly from well-defined notion of normal behavior.
9.6.1.2;367;Anomaly Prediction;2;Anomaly Prediction Aggregate function group functions to forecast future anomalies based on historical data.
9.6.1.3;368;Anomaly Mitigation;2;Anomaly Mitigation Aggregate function group functions to define strategies and plan  to reduce the impact or prevent the occurence of detected predicted anomaly.
9.10.1;369;Content Management;1;The Content Management Aggregate Function enables documents and contents management, sharing and archiving.
9.10.1.1;370;Content Repository Management;2;Content Repository Management Aggregate Function is in charge of collecting and formatting contents and managing it collaboratively.
9.10.1.2;371;Document Management;2;"The Document Management Aggregate Function handles creation and management of electronic documents.
Documents managed by an EDM (Electronic Document Management) system are both working documents, which can be modified, and final documents. The sub-function Versioning allows the identification of successive releases of the document. Documents are accessed by the user according to the granted access rights.
Subfunctions :
- Capture and integration in the EDM system (for examples GED, sharepoint, social network, )
- Retention and disposal
- Access and grant control
- Traceability, security and administration
- Versioning."
9.10.1.3;372;Records Management;2;"The Records Management Aggregate Function handles document and data to be archived.
Documents or data which must be archived are those which are valuable and useful for the company:
- Legal value: information that must be preserved for reasons that are legal (when a law requires retention) and regulatory or judicial (proof in court).
- Informational value: information that must be preserved for professional needs and for the smooth conduct of business activities.
- Historical value: information preserved for its contribution to the collective company memory.
All of these documents and data must be sorted and classified according to their level of sensitivity, preserved (or destroyed) in a structured and secure manner.
The Records Management Aggregate Function contains the 4 sub-functions:
1) Records Capture
2) Record Access
3) Records Retention and Disposal
4) Records Traceability, Security and Administration"
9.10.2;373;Master Data Management;1;The Master Data Management Aggregate Function gathers all required functions for enterprise master data administration. It aims at unifying data repositories management whatever the business domain.
9.10.2.1;374;Data Repository Management;2;Data Repository Management Aggregate Function is in charge of all activities od Data management such as formatting, security access, distribution, archiving
9.10.2.2;375;Data Structure Definition;2;Data Structure Definition Aggregate Function defines Data Structure and related rules.
9.10.3;376;Project Management;1;The Project Management Aggregate Function contains functions concerning the management of all kinds of projects.
9.10.3.1;377;Project Repository Management;2;Project Repository Management Aggregate Function is in charge of managing the Project Inventory and produces reports and KPI to measure the progress of the project.
9.10.3.2;378;Project Planning;2;"The Project Planning Aggregate Function handles all functions associated with the project management and not already implemented in other Aggregate Functions (resources management, budget management, ), that facilitate the work of the project managers.
Sub-functions used:
- Tasks and activities Building:
Based on a multi-level Work Breakdown Structure (WBS), this function allows to define, organize and interface all activities of the project necessary to meet the predefined objectives of the project: delivery of the agreed scope (offer, product, ), quality, time and cost constraints.
- Project Planning:
Management of the project estimating, the means of the project optimizing, tasks schedule and identifying the critical path, evaluating and re affecting task over resources."
9.10.4;379;Identification and Permission Management;1;"The Identification and Permission Management Aggregate Function consist in 

	- identifying, and potentially authenticating, a person whatever his/her role(s),
	- specifying roles and permissions definition, assignment and control for any actor implicated in the enterprise business processes (ex: customer, CSR, data protection manager, Business Partners, etc.)
"
9.10.4.1;380;Identification and Authentication;2;"Identification and Authentication Aggregate Function consists in identifying, and potentially authenticating, a person whatever his/her role. 
Authentication is not systematic but may be required for sensitive actions according to security matters.
Identification and authentication means may vary depending on the interaction channel. For automatic interaction channels, the means of identification and authentication are highly discriminant and should return at more one result (usually using personal credentials). For human interaction channels, on the other hand, a series of information may be necessary to identify and authenticate a person (for instance asking their name and first name for identification followed by birth date and birth place for authentication)."
9.10.4.2;381;Permission Control;2;"Permission Control Aggregate Function manages roles and related permissions and controls permissions according to roles and related rules.
It consists in evaluating if a requester is granted the permission to act by providing the required evidence. The evidence corresponds to the condition specified for each right (for instance keying the correct password to use a specific mailbox). If the action is protected via a right which is assigned (possibly via a role) to a person then the person has to be identified to retrieve their rights and verify if the request to act can be granted."
9.10.4.3;382;Roles & Permission Definition;2;"Roles &amp; Permission Definition Aggregate Function defines roles types and possible permissions with rules according to roles.
Roles catalogue consists in designing, creating, modifying and deleting role specifications. The aim is to identify the set of permissions (rights) that should be granted to any person who is assigned the role. Defining roles depends on processes and associated organization (internal or external), for example a fleet manager (external role) or a CSR level 1 (internal). As part of roles definitions, incompatibility in between roles or other types of constraints should also be specified. The purpose of a role is to ease the assignment of rights to a person by avoiding rights reassignment in case of re organization for instance.
Permission catalogue consists in designing, creating, modifying and deleting permission specifications. A permission specifies the conditions to access a set of actions on an object. For example, in order to access all usage functions of a mailbox product the condition is to provide the correct password."
9.10.4.4;383;Digital Identity Management;2;Digital Identity Management Aggregate Function is in charge of providing  Digital Identities with their credentials and relationship with Party or Party Roles.
9.10.4.5;384;Role and Permission Assignment / Configuration;2;"Role and Permission Assignment / Configuration Aggregate Function consists in:

	- assigning a party role to a person according to a type of role such as Customer or Payer. Sometimes a party role might be not played by a Party when unknown. For example, we might not know the Party that uses a mail box.
	- specifying on which perimeter the permission carried by the Party Role applies on. A perimeter defines:

   - either an object or a set of objects such as a Product, a Billing Account, etc.
   - or using selection criteria to identify objects on which permission applies such as geographical area where the Distributor has right to sell"
9.10.5;385;Fallout Management;1;Fallout Management Aggregate Function is in charge of fixing Fallout errors and managing Fallout inventory.
9.10.5.1;386;Fallout Correction Management;2;Fallout Correction Management Aggregate Function is in charge of fixing Fallout errors either automatically or by queuing the Fallout error.
9.10.5.2;387;Fallout Repository Management;2;Fallout Repository Management Aggregate Function is in charge of managing the Fallout Inventory, including orchestration, reporting and dashboard.
9.10.6;390;Party Management;1;Party Management Aggregate Function includes functions that manage information describing the Third Parties, individuals or organizations, and their contact medium.
9.10.6.1;391;Party Repository Management;2;"Party Repository Management Aggregate Function allows the creation, modification, deletion of a Third Party (induvidual or organization).
For people, it allows to declare their marital status and official proof of identity.
For an organization (company, association, etc.), it manages its corporate name, the description of its internal organization according to several axes (legal, functional, etc.), its business justification (Kbis in France, etc.).
Party Management also includes the management of the life cycle of parties."
9.10.7;393;Systems and Applications Management;1;The Systems and Applications Management AF groups functions responsible for managing IT systems and applications, from Planning though Retirement, including operations.
9.10.7.3;396;Systems Administration;2;"System Administration AF groups functions that involve managing and maintaining computer systems, networks, and servers to ensure their optimal performance, security, and reliability. The principal responsibilities include:
1.	Installing and configuring operating systems and software.
2.	Managing user accounts and access permissions.
3.	Monitoring system performance and resource utilization.
4.	Implementing security measures to safeguard data and networks.
5.	Performing backups and disaster recovery planning.
6.	Troubleshooting and resolving technical issues.
7.	Applying software updates and patches.
8.	Documenting system configurations and procedures.
9.	Capacity planning for future system growth.
10.	Ensuring compliance with industry standards and best practices."
9.10.7.4;397;Systems Infrastructure Management;2;"Systems Infrastructure Management AF groups functions responsible for overseeing the foundational technology components critical to an organization's operations. Its key responsibilities include:
1.	Infrastructure Planning: Strategically designing and scaling the IT infrastructure to meet business needs.
2.	Hardware Procurement: Sourcing, purchasing, and maintaining server, storage, and networking equipment.
3.	Software Integration: Ensuring seamless integration of software solutions across the infrastructure.
4.	Security Management: Safeguarding systems and data through security measures and protocols.
5.	Capacity Optimization: Efficiently utilizing resources to meet performance demands.
6.	Disaster Recovery: Developing and testing plans for data and system recovery.
7.	Network Management: Managing network connectivity and reliability.
8.	Performance Monitoring: Constantly assessing system performance and addressing issues.
9.	Vendor Relations: Managing relationships with technology suppliers and service providers.
10.	Compliance and Documentation: Ensuring adherence to industry standards and maintaining comprehensive system documentation"
9.10.7.5;398;Systems and Applications Support;2;"The Systems and Applications Support function plays a critical role in ensuring the smooth operation of software systems within an organization. Its responsibilities include:
1.	Troubleshooting: Identifying and resolving software issues and user problems.
2.	Maintenance: Regularly updating, patching, and optimizing applications.
3.	Monitoring: Keeping a watchful eye on system performance and responding to anomalies.
4.	Documentation: Maintaining comprehensive records of configurations and procedures.
5.	User Assistance: Offering guidance and assistance to users facing technical difficulties.
6.	Incident Management: Managing and resolving software-related incidents promptly.
7.	Release Management: Coordinating software updates, ensuring a smooth transition.
8.	Compliance: Ensuring applications adhere to regulatory and security standards.
9.	Vendor Liaison: Interacting with software vendors for support and issue resolution.
10.	Performance Analysis: Analyzing application performance data to drive improvements"
9.10.7.7;400;Applications Portfolio Management;2;"Application Portfolio Management (APM) AF groups functions responsible for overseeing an organization's software and application assets to optimize their performance and strategic alignment. Its principal responsibilities include:
1.	Inventory Management: Maintain a comprehensive inventory of all applications and software within the organization.
2.	Strategic Alignment: Ensure that applications align with the organization's goals and objectives.
3.	Performance Assessment: Evaluate application performance, efficiency, and effectiveness.
4.	Rationalization: Identify redundant or outdated applications and recommend consolidation or retirement.
5.	Prioritization: Rank applications based on their strategic importance and business impact.
6.	Risk Management: Assess and mitigate risks associated with the application portfolio.
7.	Cost Control: Monitor and control application-related costs, aiming for efficiency.
8.	Roadmapping: Develop a strategic roadmap for the application portfolio, including upgrades and replacements.
9.	Vendor Management: Oversee relationships with third-party vendors and software providers.
10.	Reporting and Communication: Provide regular reports and communicate the status and value of the application portfolio to stakeholders."
9.10.7.8;401;Data Center Management;2;"Data Center Management AF includes functions responsible for overseeing critical infrastructure and ensuring efficient operations within a data center environment. Its principal responsibilities include:
1.	Infrastructure Maintenance: Managing and maintaining hardware, power, and cooling systems to ensure optimal performance.
2.	Security Management: Implementing security measures to safeguard data, equipment, and personnel.
3.	Capacity Planning: Evaluating resource needs and scalability to meet current and future demands.
4.	Disaster Recovery: Developing and testing contingency plans to minimize downtime during emergencies.
5.	Energy Efficiency: Implementing energy-saving measures to reduce operational costs and environmental impact.
6.	Compliance: Ensuring adherence to industry regulations and standards for data center operations.
7.	Performance Monitoring: Continuously tracking and optimizing system performance and uptime.
8.	Asset Inventory: Maintaining an accurate inventory of all data center equipment and resources.
9.	Budget Management: Managing financial resources to meet operational needs and cost-efficiency goals.
10.	Documentation: Maintaining detailed records and documentation for operational transparency and troubleshooting."
9.10.8;402;Technology Management;1;"The Technology Management AF groups functions responsible for the investigation,lifecycle management , and utilization oversight of technologies and technology approaches.  These responsibilities include:
1.	Strategic Planning: Developing technology strategies aligned with business goals.
2.	Resource Allocation: Managing budgets and resources for tech initiatives.
3.	Risk Assessment: Identifying and mitigating technology-related risks.
4.	Rollout: Managing the introduction and adoption of technologies
5.	Innovation Oversight: Promoting and implementing innovative tech solutions.
6.	Vendor Management: Managing relationships with technology vendors.
7.	Cybersecurity: Protecting digital assets and data from threats.
8.	Compliance: Ensuring adherence to legal and regulatory tech standards.
9.	Lifecycle management: Tracking and coordinating the progress of technologies employed within the organization through the lifecycle stages (including piloting, adoption, growth, sunsetting and retirement) of technologies and technology implementations.
10.	Utilization oversight: Planning, monitoring and adjusting for the acceptance of and utilization of technologies."
9.10.9;403;Data Analytics;1;"The Data Analytics aggregate function bridges the gap between raw data and actionable insights, enabling organizations to make data-informed choices and enhance their competitiveness.  It groups functions involving the collection, interpretation, and utilization of data to drive informed decision-making and optimize business strategies. Its responsibilities encompass:
1.	Data Collection: Gathering and consolidating data from various sources.
2.	Data Processing: Cleaning, transforming, and structuring data for analysis.
3.	Data Analysis: Employing statistical and computational techniques to extract insights.
4.	Performance Metrics: Defining and tracking key performance indicators (KPIs).
5.	Predictive Modeling: Building models to forecast trends and outcomes.
6.	Data Visualization: Presenting findings through graphs, charts, and dashboards.
7.	Reporting: Communicating analysis results to stakeholders.
8.	A/B Testing: Conducting experiments to evaluate changes or hypotheses.
9.	Business Intelligence: Supporting strategic decisions with data-driven insights.
10.	Continuous Improvement: Enhancing data analytics processes and tools."
9.10.9.1;405;Business Intelligence;2;"The Business Intelligence aggregate function groups functions that leverage data to inform decision-making and drive strategic insights. Its responsibilities include:
1.	Data Gathering: Collecting and aggregating data from various sources.
2.	Data Analysis: Analyzing data to identify trends, patterns, and key insights.
3.	Reporting: Creating reports and dashboards for stakeholders.
4.	Forecasting: Using historical data to predict future trends.
5.	Data Visualization: Presenting data in a visually understandable format.
6.	Performance Metrics: Developing KPIs to measure business success.
7.	Competitive Analysis: Evaluating the organization's position in the market.
8.	Decision Support: Providing data-driven insights for informed decision-making."
9.10.9.2;407;Analytics Information Support;2;"The Analytics Information Support aggregate function groups functions involved in the collection, preparation and organization of information so that it can be used efficently and effectively in data analytics.  Their responsibilities include:
1.	Data Collection: Gathering, organizing, and storing relevant data from various sources.
2.	Data Quality Assurance: Ensuring the accuracy and reliability of collected data.
3. 	Reference and Metadata Management: Defining reference data and dimensions that can be used to express the data consistently
4.	Data Transformation: Converting raw data into usable formats for analysis.
5.	Database Management: Maintaining data repositories and optimizing data access.
6.	Data Security: Implementing safeguards to protect sensitive information.
7.	Troubleshooting: Resolving data-related issues and providing technical support."
9.10.9.3;409;Pattern Detection;2;Pattern Detection aggregates function group functions to recognize patterns in data.
9.10.10;411;Communications;1;TBA
9.10.10.1;412;Natural Language Processor;2;Natural Language Processor Aggregate function group functions to understand, interpret and generate human language, including speech and text.
10.3.1;413;Lifecycle Integration Management;1;TBA
10.3.1.1;414;Product Lifecycle Acces;2;TBA
10.4.1;415;API Implementation Management;1;API Implementation Management aggregate function groups function that support the development, production operation, lifecycle management and information management of API Implementations (aka software services, or service-oriented architecture services).
10.4.1.1;416;API Implementation Information Management;2;API Implementation Information Management aggregate function groups functions that manage metadata, history, service plans and metrics and inventory of API Implementations (aka Software Service Implementations).
10.4.2;417;Business Requirements, Process & Rules Management;1;Business Requirements, Process & Rules Management Aggregate Function groups functions that capture, organize, communicate, and validate business requirements, business process defijnitions, and business rules, and may also execute business processes (as workflows) and/or business rules.
10.4.2.2;418;Business Rules Management;2;Business Rules Management aggregate function groups functions that provide an ecosystem to  create, modify and execute business rules that guide people & systems behavior.
10.5.1;419;Fulfillment Integration Management;1;TBA
10.5.1.1;420;Customer Fulfillment Access Management;2;Customer Fulfillment Access Management Aggregate Function provides access to information available through functions concerning Customer in Fulfillment vertical.
10.5.1.2;421;Resource Fullfilment Access Management;2;TBA
10.5.1.3;422;Service Fulfillment Access Management;2;TBA
10.6.1;423;Assurance Integration Management;1;TBA
10.6.1.1;424;Customer Assurance Access Management;2;TBA
10.10.1;425;API Management;1;TBA
10.10.1.1;426;API Development;2;TBA
10.10.1.2;427;API Gateway Management;2;TBA
10.10.2;428;Business Process Management;2;TBA
10.10.2.1;429;Business Process Development;2;TBA
10.10.2.2;430;Business Process Implementation;2;TBA